"Query ID","PID [BIN]","Phylum","Class","Order","Family","Subfamily","Tribe","Genus","Species","Indels","ID%"
"CBAY0025_M_C","JWDCF729-10[BOLD:AAA3750]","Arthropoda","Insecta","Diptera","Culicidae","Culicinae","Aedini","Aedes","Aedes nigripes","0","99.85"
"CBAY0025_M_C","ABWYT31267-24[BOLD:AAA3750]","Arthropoda","Insecta","Diptera","Culicidae","Culicinae","Aedini","Aedes","","0","99.70"
"CBAY0025_M_C","GBMNE29326-21[BOLD:AAA3750]","Arthropoda","Insecta","Diptera","Culicidae","Culicinae","Aedini","Aedes","","0","99.70"
"CBAY0025_M_C","MCHAA218-19[BOLD:AAA3750]","Arthropoda","Insecta","Diptera","Culicidae","Culicinae","Aedini","Aedes","","0","99.70"
"CBAY0025_M_C","MOSN13601-26","Arthropoda","Insecta","Diptera","Culicidae","Culicinae","Aedini","Aedes","Aedes implicatus","0","99.70"
"CBAY0025_M_C","JWDCE171-10[BOLD:AAA3750]","Arthropoda","Insecta","Diptera","Culicidae","Culicinae","Aedini","Aedes","Aedes nigripes","0","99.70"
"CBAY0025_M_C","DCHAR991-19[BOLD:AAA3750]","Arthropoda","Insecta","Diptera","Culicidae","Culicinae","Aedini","Aedes","","0","99.69"
"CBAY0025_M_C","FCHAR4726-19[BOLD:AAA3750]","Arthropoda","Insecta","Diptera","Culicidae","Culicinae","Aedini","Aedes","","0","99.69"
"CBAY0025_M_C","FCHAR7442-19[BOLD:AAA3750]","Arthropoda","Insecta","Diptera","Culicidae","Culicinae","Aedini","Aedes","","0","99.69"
"CBAY0025_M_C","AEDNA900-12[BOLD:AAA3750]","Arthropoda","Insecta","Diptera","Culicidae","Culicinae","Aedini","Aedes","","0","99.54"
"CBAY0025_M_C","DARC233-10[BOLD:AAA3750]","Arthropoda","Insecta","Diptera","Culicidae","Culicinae","Aedini","Aedes","","0","99.54"
"CBAY0025_M_C","MCHAA062-19[BOLD:AAA3750]","Arthropoda","Insecta","Diptera","Culicidae","Culicinae","Aedini","Aedes","","0","99.54"
"CBAY0025_M_C","MCHAB016-19[BOLD:AAA3750]","Arthropoda","Insecta","Diptera","Culicidae","Culicinae","Aedini","Aedes","","0","99.54"
"CBAY0025_M_C","SAPIT130-08[BOLD:AAA3750]","Arthropoda","Insecta","Diptera","Culicidae","Culicinae","Aedini","Aedes","","0","99.54"
"CBAY0025_M_C","ZERO025-11[BOLD:AAA3750]","Arthropoda","Insecta","Diptera","Culicidae","Culicinae","Aedini","Aedes","Aedes impiger","0","99.54"
"CBAY0025_M_C","DWSDW042-13[BOLD:AAA3750]","Arthropoda","Insecta","Diptera","Culicidae","Culicinae","Aedini","Aedes","Aedes nigripes","0","99.54"
"CBAY0025_M_C","GBAAN12622-25[BOLD:AAA3750]","Arthropoda","Insecta","Diptera","Culicidae","Culicinae","Aedini","Aedes","Aedes nigripes","0","99.54"
"CBAY0025_M_C","IFSV035-15[BOLD:AAA3750]","Arthropoda","Insecta","Diptera","Culicidae","Culicinae","Aedini","Aedes","Aedes nigripes","0","99.54"
"CBAY0025_M_C","JWDCE725-10[BOLD:AAA3750]","Arthropoda","Insecta","Diptera","Culicidae","Culicinae","Aedini","Aedes","Aedes nigripes","0","99.54"
"CBAY0025_M_C","JWDCF104-10[BOLD:AAA3750]","Arthropoda","Insecta","Diptera","Culicidae","Culicinae","Aedini","Aedes","Aedes nigripes","0","99.54"
"CBAY0025_M_C","JWDCF105-10[BOLD:AAA3750]","Arthropoda","Insecta","Diptera","Culicidae","Culicinae","Aedini","Aedes","Aedes nigripes","0","99.54"
"CBAY0025_M_C","NBPSI024-11[BOLD:AAA3750]","Arthropoda","Insecta","Diptera","Culicidae","Culicinae","Aedini","Aedes","Aedes nigripes","0","99.54"
"CBAY0025_M_C","NBPSI082-11[BOLD:AAA3750]","Arthropoda","Insecta","Diptera","Culicidae","Culicinae","Aedini","Aedes","Aedes nigripes","0","99.54"
"CBAY0025_M_C","SAMOS020-09[BOLD:AAA3750]","Arthropoda","Insecta","Diptera","Culicidae","Culicinae","Aedini","Aedes","Aedes nigripes","0","99.54"
"CBAY0025_M_C","ZERO032-11[BOLD:AAA3750]","Arthropoda","Insecta","Diptera","Culicidae","Culicinae","Aedini","Aedes","Aedes nigripes","0","99.54"
"CBAY0025_M_D","BCHAR599-18[BOLD:AAA3750]","Arthropoda","Insecta","Diptera","Culicidae","Culicinae","Aedini","Aedes","","0","100.00"
"CBAY0025_M_D","MCHAA213-19[BOLD:AAA3750]","Arthropoda","Insecta","Diptera","Culicidae","Culicinae","Aedini","Aedes","","0","100.00"
"CBAY0025_M_D","BCHAR2248-18[BOLD:AAA3750]","Arthropoda","Insecta","Diptera","Culicidae","Culicinae","Aedini","Aedes","","0","99.85"
"CBAY0025_M_D","BCHAR2546-18[BOLD:AAA3750]","Arthropoda","Insecta","Diptera","Culicidae","Culicinae","Aedini","Aedes","","0","99.85"
"CBAY0025_M_D","BCHAR610-18[BOLD:AAA3750]","Arthropoda","Insecta","Diptera","Culicidae","Culicinae","Aedini","Aedes","","0","99.85"
"CBAY0025_M_D","CBAYA3091-22[BOLD:AAA3750]","Arthropoda","Insecta","Diptera","Culicidae","Culicinae","Aedini","Aedes","","0","99.85"
"CBAY0025_M_D","CCHAR3330-19[BOLD:AAA3750]","Arthropoda","Insecta","Diptera","Culicidae","Culicinae","Aedini","Aedes","","0","99.85"
"CBAY0025_M_D","DARC222-10[BOLD:AAA3750]","Arthropoda","Insecta","Diptera","Culicidae","Culicinae","Aedini","Aedes","","0","99.85"
"CBAY0025_M_D","KUGA561-21[BOLD:AAA3750]","Arthropoda","Insecta","Diptera","Culicidae","Culicinae","Aedini","Aedes","","0","99.85"
"CBAY0025_M_D","MCHAA1479-19[BOLD:AAA3750]","Arthropoda","Insecta","Diptera","Culicidae","Culicinae","Aedini","Aedes","","0","99.85"
"CBAY0025_M_D","MCHAB1579-19[BOLD:AAA3750]","Arthropoda","Insecta","Diptera","Culicidae","Culicinae","Aedini","Aedes","","0","99.85"
"CBAY0025_M_D","MCHAC1170-19[BOLD:AAA3750]","Arthropoda","Insecta","Diptera","Culicidae","Culicinae","Aedini","Aedes","","0","99.85"
"CBAY0025_M_D","MCHAC2014-19[BOLD:AAA3750]","Arthropoda","Insecta","Diptera","Culicidae","Culicinae","Aedini","Aedes","","0","99.85"
"CBAY0025_M_D","POLCO4081-20[BOLD:AAA3750]","Arthropoda","Insecta","Diptera","Culicidae","Culicinae","Aedini","Aedes","","0","99.85"
"CBAY0025_M_D","NBPSI024-11[BOLD:AAA3750]","Arthropoda","Insecta","Diptera","Culicidae","Culicinae","Aedini","Aedes","Aedes nigripes","0","99.85"
"CBAY0025_M_D","ABWYT31267-24[BOLD:AAA3750]","Arthropoda","Insecta","Diptera","Culicidae","Culicinae","Aedini","Aedes","","0","99.70"
"CBAY0025_M_D","GBMNE29326-21[BOLD:AAA3750]","Arthropoda","Insecta","Diptera","Culicidae","Culicinae","Aedini","Aedes","","0","99.70"
"CBAY0025_M_D","MCHAA218-19[BOLD:AAA3750]","Arthropoda","Insecta","Diptera","Culicidae","Culicinae","Aedini","Aedes","","0","99.70"
"CBAY0025_M_D","MOSN13601-26","Arthropoda","Insecta","Diptera","Culicidae","Culicinae","Aedini","Aedes","Aedes implicatus","0","99.70"
"CBAY0025_M_D","JWDCE171-10[BOLD:AAA3750]","Arthropoda","Insecta","Diptera","Culicidae","Culicinae","Aedini","Aedes","Aedes nigripes","0","99.70"
"CBAY0025_M_D","AEDNA900-12[BOLD:AAA3750]","Arthropoda","Insecta","Diptera","Culicidae","Culicinae","Aedini","Aedes","","0","99.54"
"CBAY0025_M_D","ZERO025-11[BOLD:AAA3750]","Arthropoda","Insecta","Diptera","Culicidae","Culicinae","Aedini","Aedes","Aedes impiger","0","99.54"
"CBAY0025_M_D","NBPSI082-11[BOLD:AAA3750]","Arthropoda","Insecta","Diptera","Culicidae","Culicinae","Aedini","Aedes","Aedes nigripes","0","99.54"
"CBAY0025_M_D","SAMOS020-09[BOLD:AAA3750]","Arthropoda","Insecta","Diptera","Culicidae","Culicinae","Aedini","Aedes","Aedes nigripes","0","99.54"
"CBAY0025_M_D","ZERO032-11[BOLD:AAA3750]","Arthropoda","Insecta","Diptera","Culicidae","Culicinae","Aedini","Aedes","Aedes nigripes","0","99.54"
"CBAY0025_M_H","BCHAR1249-18[BOLD:AAA3750]","Arthropoda","Insecta","Diptera","Culicidae","Culicinae","Aedini","Aedes","","0","100.00"
"CBAY0025_M_H","CCHAR5177-19[BOLD:AAA3750]","Arthropoda","Insecta","Diptera","Culicidae","Culicinae","Aedini","Aedes","","0","100.00"
"CBAY0025_M_H","MCHAE390-19[BOLD:AAA3750]","Arthropoda","Insecta","Diptera","Culicidae","Culicinae","Aedini","Aedes","","0","100.00"
"CBAY0025_M_H","DNARB2822-23[BOLD:AAA3750]","Arthropoda","Insecta","Diptera","Culicidae","Culicinae","Aedini","Aedes","","0","99.85"
"CBAY0025_M_H","MCHAB424-19[BOLD:AAA3750]","Arthropoda","Insecta","Diptera","Culicidae","Culicinae","Aedini","Aedes","","0","99.85"
"CBAY0025_M_H","MCHAC1324-19[BOLD:AAA3750]","Arthropoda","Insecta","Diptera","Culicidae","Culicinae","Aedini","Aedes","","0","99.85"
"CBAY0025_M_H","MCHAD030-19[BOLD:AAA3750]","Arthropoda","Insecta","Diptera","Culicidae","Culicinae","Aedini","Aedes","","0","99.85"
"CBAY0025_M_H","BCHAR1180-18[BOLD:AAA3750]","Arthropoda","Insecta","Diptera","Culicidae","Culicinae","Aedini","Aedes","","0","99.69"
"CBAY0025_M_H","BCHAR1190-18[BOLD:AAA3750]","Arthropoda","Insecta","Diptera","Culicidae","Culicinae","Aedini","Aedes","","0","99.69"
"CBAY0025_M_H","CCHAR2675-19[BOLD:AAA3750]","Arthropoda","Insecta","Diptera","Culicidae","Culicinae","Aedini","Aedes","","0","99.69"
"CBAY0025_M_H","DCHAR1240-19[BOLD:AAA3750]","Arthropoda","Insecta","Diptera","Culicidae","Culicinae","Aedini","Aedes","","0","99.69"
"CBAY0025_M_H","DCHAR3912-19[BOLD:AAA3750]","Arthropoda","Insecta","Diptera","Culicidae","Culicinae","Aedini","Aedes","","0","99.69"
"CBAY0025_M_H","DCHAR843-19[BOLD:AAA3750]","Arthropoda","Insecta","Diptera","Culicidae","Culicinae","Aedini","Aedes","","0","99.69"
"CBAY0025_M_H","GJOAA8859-22[BOLD:AAA3750]","Arthropoda","Insecta","Diptera","Culicidae","Culicinae","Aedini","Aedes","","0","99.69"
"CBAY0025_M_H","MCHAC1531-19[BOLD:AAA3750]","Arthropoda","Insecta","Diptera","Culicidae","Culicinae","Aedini","Aedes","","0","99.69"
"CBAY0025_M_H","MCHAE118-19[BOLD:AAA3750]","Arthropoda","Insecta","Diptera","Culicidae","Culicinae","Aedini","Aedes","","0","99.69"
"CBAY0025_M_H","CCHAR5122-19[BOLD:AAA3750]","Arthropoda","Insecta","Diptera","Culicidae","Culicinae","Aedini","Aedes","","0","99.54"
"CBAY0025_M_H","FCHAR8966-19[BOLD:AAA3750]","Arthropoda","Insecta","Diptera","Culicidae","Culicinae","Aedini","Aedes","","0","99.54"
"CBAY0025_M_H","FCHAR9271-19[BOLD:AAA3750]","Arthropoda","Insecta","Diptera","Culicidae","Culicinae","Aedini","Aedes","","0","99.54"
"CBAY0025_M_H","KUGA527-21[BOLD:AAA3750]","Arthropoda","Insecta","Diptera","Culicidae","Culicinae","Aedini","Aedes","","0","99.54"
"CBAY0025_M_H","MCHAB016-19[BOLD:AAA3750]","Arthropoda","Insecta","Diptera","Culicidae","Culicinae","Aedini","Aedes","","0","99.54"
"CBAY0025_M_H","MCHAC1227-19[BOLD:AAA3750]","Arthropoda","Insecta","Diptera","Culicidae","Culicinae","Aedini","Aedes","","0","99.54"
"CBAY0025_M_H","POLCO4226-20[BOLD:AAA3750]","Arthropoda","Insecta","Diptera","Culicidae","Culicinae","Aedini","Aedes","","0","99.54"
"CBAY0025_M_H","SAPIT130-08[BOLD:AAA3750]","Arthropoda","Insecta","Diptera","Culicidae","Culicinae","Aedini","Aedes","","0","99.54"
"CBAY0025_M_H","JWDCE725-10[BOLD:AAA3750]","Arthropoda","Insecta","Diptera","Culicidae","Culicinae","Aedini","Aedes","Aedes nigripes","0","99.54"
"CBAY0027_M_B","MCHAD137-19[BOLD:AAA3748]","Arthropoda","Insecta","Diptera","Culicidae","Culicinae","Aedini","Aedes","","0","100.00"
"CBAY0027_M_B","MOSN11534-23[BOLD:AAA3748]","Arthropoda","Insecta","Diptera","Culicidae","Culicinae","Aedini","Aedes","Aedes punctor","0","100.00"
"CBAY0027_M_B","AKLEP1307-26","Arthropoda","Insecta","Diptera","Culicidae","","","","","0","99.85"
"CBAY0027_M_B","AEDNA864-12[BOLD:AAA3748]","Arthropoda","Insecta","Diptera","Culicidae","Culicinae","Aedini","Aedes","","0","99.85"
"CBAY0027_M_B","AEDNA902-12[BOLD:AAA3748]","Arthropoda","Insecta","Diptera","Culicidae","Culicinae","Aedini","Aedes","","0","99.85"
"CBAY0027_M_B","MCHAD1270-19[BOLD:AAA3748]","Arthropoda","Insecta","Diptera","Culicidae","Culicinae","Aedini","Aedes","","0","99.85"
"CBAY0027_M_B","MCHAD150-19[BOLD:AAA3748]","Arthropoda","Insecta","Diptera","Culicidae","Culicinae","Aedini","Aedes","","0","99.85"
"CBAY0027_M_B","AKLEP1108-25[BOLD:AAA3748]","Arthropoda","Insecta","Diptera","Culicidae","Culicinae","Aedini","Aedes","Aedes abserratus","0","99.85"
"CBAY0027_M_B","AMMC077-07[BOLD:AAA3748]","Arthropoda","Insecta","Diptera","Culicidae","Culicinae","Aedini","Aedes","Aedes abserratus","0","99.85"
"CBAY0027_M_B","GBDP51845-19[BOLD:AAA3748]","Arthropoda","Insecta","Diptera","Culicidae","Culicinae","Aedini","Aedes","Aedes abserratus","0","99.85"
"CBAY0027_M_B","MHMOS085-07[BOLD:AAA3748]","Arthropoda","Insecta","Diptera","Culicidae","Culicinae","Aedini","Aedes","Aedes abserratus","0","99.85"
"CBAY0027_M_B","MOSN10225-23[BOLD:AAA3748]","Arthropoda","Insecta","Diptera","Culicidae","Culicinae","Aedini","Aedes","Aedes communis","0","99.85"
"CBAY0027_M_B","NEONU2141-13[BOLD:AAA3748]","Arthropoda","Insecta","Diptera","Culicidae","Culicinae","Aedini","Aedes","Aedes decticus","0","99.85"
"CBAY0027_M_B","MOSN4584-20[BOLD:AAA3748]","Arthropoda","Insecta","Diptera","Culicidae","Culicinae","Aedini","Aedes","Aedes diantaeus","0","99.85"
"CBAY0027_M_B","MOSN1993-18[BOLD:AAA3748]","Arthropoda","Insecta","Diptera","Culicidae","Culicinae","Aedini","Aedes","Aedes hexodontus","0","99.85"
"CBAY0027_M_B","NEONU2139-13[BOLD:AAA3748]","Arthropoda","Insecta","Diptera","Culicidae","Culicinae","Aedini","Aedes","Aedes intrudens","0","99.85"
"CBAY0027_M_B","MOSN12999-25[BOLD:AAA3748]","Arthropoda","Insecta","Diptera","Culicidae","Culicinae","Aedini","Aedes","Aedes nigripes","0","99.85"
"CBAY0027_M_B","JSDIQ006-10[BOLD:AAA3748]","Arthropoda","Insecta","Diptera","Culicidae","Culicinae","Aedini","Aedes","Aedes pionips","0","99.85"
"CBAY0027_M_B","NBPSI074-11[BOLD:AAA3748]","Arthropoda","Insecta","Diptera","Culicidae","Culicinae","Aedini","Aedes","Aedes pionips","0","99.85"
"CBAY0027_M_B","GBMND38915-21[BOLD:AAA3748]","Arthropoda","Insecta","Diptera","Culicidae","Culicinae","Aedini","Aedes","Aedes punctor","0","99.85"
"CBAY0027_M_B","MOSN10253-23[BOLD:AAA3748]","Arthropoda","Insecta","Diptera","Culicidae","Culicinae","Aedini","Aedes","Aedes punctor","0","99.85"
"CBAY0027_M_B","MOSN13586-26","Arthropoda","Insecta","Diptera","Culicidae","Culicinae","Aedini","Aedes","Aedes punctor","0","99.85"
"CBAY0027_M_B","MOSN3865-19[BOLD:AAA3748]","Arthropoda","Insecta","Diptera","Culicidae","Culicinae","Aedini","Aedes","Aedes punctor","0","99.85"
"CBAY0027_M_B","NBPSI075-11[BOLD:AAA3748]","Arthropoda","Insecta","Diptera","Culicidae","Culicinae","Aedini","Aedes","Aedes sp.","0","99.85"
"CBAY0027_M_B","UAMIC868-13[BOLD:AAA3748]","Arthropoda","Insecta","Diptera","Culicidae","Culicinae","Aedini","Aedes","Aedes abserratus","0","99.70"
"CBAY0032_M_E","SAMOS032-09[BOLD:AAA3748]","Arthropoda","Insecta","Diptera","Culicidae","Culicinae","Aedini","Aedes","Aedes abserratus","0","99.85"
"CBAY0032_M_E","AKLEP1307-26","Arthropoda","Insecta","Diptera","Culicidae","","","","","0","99.70"
"CBAY0032_M_E","ABINP5358-21[BOLD:AAA3748]","Arthropoda","Insecta","Diptera","Culicidae","Culicinae","Aedini","Aedes","","0","99.70"
"CBAY0032_M_E","AEDNA864-12[BOLD:AAA3748]","Arthropoda","Insecta","Diptera","Culicidae","Culicinae","Aedini","Aedes","","0","99.70"
"CBAY0032_M_E","AEDNA902-12[BOLD:AAA3748]","Arthropoda","Insecta","Diptera","Culicidae","Culicinae","Aedini","Aedes","","0","99.70"
"CBAY0032_M_E","KUGA498-21[BOLD:AAA3748]","Arthropoda","Insecta","Diptera","Culicidae","Culicinae","Aedini","Aedes","","0","99.70"
"CBAY0032_M_E","MCHAD1270-19[BOLD:AAA3748]","Arthropoda","Insecta","Diptera","Culicidae","Culicinae","Aedini","Aedes","","0","99.70"
"CBAY0032_M_E","MCHAD150-19[BOLD:AAA3748]","Arthropoda","Insecta","Diptera","Culicidae","Culicinae","Aedini","Aedes","","0","99.70"
"CBAY0032_M_E","AKLEP1108-25[BOLD:AAA3748]","Arthropoda","Insecta","Diptera","Culicidae","Culicinae","Aedini","Aedes","Aedes abserratus","0","99.70"
"CBAY0032_M_E","AMMC077-07[BOLD:AAA3748]","Arthropoda","Insecta","Diptera","Culicidae","Culicinae","Aedini","Aedes","Aedes abserratus","0","99.70"
"CBAY0032_M_E","GBDP51845-19[BOLD:AAA3748]","Arthropoda","Insecta","Diptera","Culicidae","Culicinae","Aedini","Aedes","Aedes abserratus","0","99.70"
"CBAY0032_M_E","MHMOS085-07[BOLD:AAA3748]","Arthropoda","Insecta","Diptera","Culicidae","Culicinae","Aedini","Aedes","Aedes abserratus","0","99.70"
"CBAY0032_M_E","MOSN10225-23[BOLD:AAA3748]","Arthropoda","Insecta","Diptera","Culicidae","Culicinae","Aedini","Aedes","Aedes communis","0","99.70"
"CBAY0032_M_E","NEONU2141-13[BOLD:AAA3748]","Arthropoda","Insecta","Diptera","Culicidae","Culicinae","Aedini","Aedes","Aedes decticus","0","99.70"
"CBAY0032_M_E","MOSN4584-20[BOLD:AAA3748]","Arthropoda","Insecta","Diptera","Culicidae","Culicinae","Aedini","Aedes","Aedes diantaeus","0","99.70"
"CBAY0032_M_E","MOSN1993-18[BOLD:AAA3748]","Arthropoda","Insecta","Diptera","Culicidae","Culicinae","Aedini","Aedes","Aedes hexodontus","0","99.70"
"CBAY0032_M_E","NEONU2139-13[BOLD:AAA3748]","Arthropoda","Insecta","Diptera","Culicidae","Culicinae","Aedini","Aedes","Aedes intrudens","0","99.70"
"CBAY0032_M_E","MOSN12999-25[BOLD:AAA3748]","Arthropoda","Insecta","Diptera","Culicidae","Culicinae","Aedini","Aedes","Aedes nigripes","0","99.70"
"CBAY0032_M_E","JSDIQ006-10[BOLD:AAA3748]","Arthropoda","Insecta","Diptera","Culicidae","Culicinae","Aedini","Aedes","Aedes pionips","0","99.70"
"CBAY0032_M_E","NBPSI074-11[BOLD:AAA3748]","Arthropoda","Insecta","Diptera","Culicidae","Culicinae","Aedini","Aedes","Aedes pionips","0","99.70"
"CBAY0032_M_E","GBMND38915-21[BOLD:AAA3748]","Arthropoda","Insecta","Diptera","Culicidae","Culicinae","Aedini","Aedes","Aedes punctor","0","99.70"
"CBAY0032_M_E","MOSN10253-23[BOLD:AAA3748]","Arthropoda","Insecta","Diptera","Culicidae","Culicinae","Aedini","Aedes","Aedes punctor","0","99.70"
"CBAY0032_M_E","NBPSI075-11[BOLD:AAA3748]","Arthropoda","Insecta","Diptera","Culicidae","Culicinae","Aedini","Aedes","Aedes sp.","0","99.70"
"CBAY0032_M_E","AEDNA871-12[BOLD:AAA3748]","Arthropoda","Insecta","Diptera","Culicidae","Culicinae","Aedini","Aedes","","0","99.54"
"CBAY0032_M_E","UAMIC868-13[BOLD:AAA3748]","Arthropoda","Insecta","Diptera","Culicidae","Culicinae","Aedini","Aedes","Aedes abserratus","0","99.54"
"CBAY0032_M_J","BCHAR758-18[BOLD:AAA3748]","Arthropoda","Insecta","Diptera","Culicidae","Culicinae","","","","0","99.85"
"CBAY0032_M_J","DCHAR1022-19[BOLD:AAA3748]","Arthropoda","Insecta","Diptera","Culicidae","Culicinae","","","","0","99.85"
"CBAY0032_M_J","DCHAR1028-19[BOLD:AAA3748]","Arthropoda","Insecta","Diptera","Culicidae","Culicinae","","","","0","99.85"
"CBAY0032_M_J","AMMC081-07[BOLD:AAA3748]","Arthropoda","Insecta","Diptera","Culicidae","Culicinae","Aedini","Aedes","","0","99.85"
"CBAY0032_M_J","JWDCC475-10[BOLD:AAA3748]","Arthropoda","Insecta","Diptera","Culicidae","Culicinae","Aedini","Aedes","","0","99.85"
"CBAY0032_M_J","MCHAB271-19[BOLD:AAA3748]","Arthropoda","Insecta","Diptera","Culicidae","Culicinae","Aedini","Aedes","","0","99.85"
"CBAY0032_M_J","MCHAB506-19[BOLD:AAA3748]","Arthropoda","Insecta","Diptera","Culicidae","Culicinae","Aedini","Aedes","","0","99.85"
"CBAY0032_M_J","MCHAE1402-19[BOLD:AAA3748]","Arthropoda","Insecta","Diptera","Culicidae","Culicinae","Aedini","Aedes","","0","99.85"
"CBAY0032_M_J","MHMOS067-07[BOLD:AAA3748]","Arthropoda","Insecta","Diptera","Culicidae","Culicinae","Aedini","Aedes","","0","99.85"
"CBAY0032_M_J","SWSWP011-09[BOLD:AAA3748]","Arthropoda","Insecta","Diptera","Culicidae","Culicinae","Aedini","Aedes","","0","99.85"
"CBAY0032_M_J","MOSN11429-23[BOLD:AAA3748]","Arthropoda","Insecta","Diptera","Culicidae","Culicinae","Aedini","Aedes","Aedes hexodontus","0","99.85"
"CBAY0032_M_J","MCHAB727-19[BOLD:AAA3748]","Arthropoda","Insecta","Diptera","Culicidae","Culicinae","Aedini","Aedes","","0","99.70"
"CBAY0032_M_J","MCHAD133-19[BOLD:AAA3748]","Arthropoda","Insecta","Diptera","Culicidae","Culicinae","Aedini","Aedes","","0","99.70"
"CBAY0032_M_J","MCHAE1439-19[BOLD:AAA3748]","Arthropoda","Insecta","Diptera","Culicidae","Culicinae","Aedini","Aedes","","0","99.70"
"CBAY0032_M_J","MOSN13111-25[BOLD:AAA3748]","Arthropoda","Insecta","Diptera","Culicidae","Culicinae","Aedini","Aedes","Aedes hexodontus","0","99.70"
"CBAY0032_M_J","CULBE106-14[BOLD:AAA3748]","Arthropoda","Insecta","Diptera","Culicidae","Culicinae","Aedini","Aedes","Aedes punctor","0","99.70"
"CBAY0032_M_J","MCHAB628-19[BOLD:AAA3748]","Arthropoda","Insecta","Diptera","Culicidae","Culicinae","Aedini","Aedes","","0","99.69"
"CBAY0032_M_J","MCHAD132-19[BOLD:AAA3748]","Arthropoda","Insecta","Diptera","Culicidae","Culicinae","Aedini","Aedes","","0","99.69"
"CBAY0032_M_J","SIIP4634-24[BOLD:AAA3748]","Arthropoda","Insecta","Diptera","Culicidae","","","","","0","99.54"
"CBAY0032_M_J","JWDCF060-10[BOLD:AAA3748]","Arthropoda","Insecta","Diptera","Culicidae","Culicinae","Aedini","Aedes","","0","99.54"
"CBAY0032_M_J","JWDCJ1002-11[BOLD:AAA3748]","Arthropoda","Insecta","Diptera","Culicidae","Culicinae","Aedini","Aedes","","0","99.54"
"CBAY0032_M_J","AMMC027-07[BOLD:AAA3748]","Arthropoda","Insecta","Diptera","Culicidae","Culicinae","Aedini","Aedes","Aedes hexodontus","0","99.54"
"CBAY0032_M_J","NBPSI017-11[BOLD:AAA3748]","Arthropoda","Insecta","Diptera","Culicidae","Culicinae","Aedini","Aedes","Aedes hexodontus","0","99.54"
"CBAY0032_M_J","GBDP51899-19[BOLD:AAA3748]","Arthropoda","Insecta","Diptera","Culicidae","Culicinae","Aedini","Aedes","Aedes punctor","0","99.54"
"CBAY0032_M_J","NEONU2138-13[BOLD:AAA3748]","Arthropoda","Insecta","Diptera","Culicidae","Culicinae","Aedini","Aedes","Aedes punctor","0","99.54"
"CBAY0033_M_A","FCHAR2157-19[BOLD:AAA3748]","Arthropoda","Insecta","Diptera","Culicidae","Culicinae","","","","0","100.00"
"CBAY0033_M_A","MCHAA494-19[BOLD:AAA3748]","Arthropoda","Insecta","Diptera","Culicidae","Culicinae","Aedini","Aedes","","0","100.00"
"CBAY0033_M_A","MCHAD1757-19[BOLD:AAA3748]","Arthropoda","Insecta","Diptera","Culicidae","Culicinae","Aedini","Aedes","","0","100.00"
"CBAY0033_M_A","MCHAE1420-19[BOLD:AAA3748]","Arthropoda","Insecta","Diptera","Culicidae","Culicinae","Aedini","Aedes","","0","100.00"
"CBAY0033_M_A","JWDCC225-10[BOLD:AAA3748]","Arthropoda","Insecta","Diptera","Culicidae","Culicinae","Aedini","Aedes","Aedes hexodontus","0","100.00"
"CBAY0033_M_A","SIIP13437-24[BOLD:AAA3748]","Arthropoda","Insecta","Diptera","Culicidae","","","","","0","99.70"
"CBAY0033_M_A","FCHAR8616-19[BOLD:AAA3748]","Arthropoda","Insecta","Diptera","Culicidae","Culicinae","","","","0","99.70"
"CBAY0033_M_A","FCHAR8625-19[BOLD:AAA3748]","Arthropoda","Insecta","Diptera","Culicidae","Culicinae","","","","0","99.70"
"CBAY0033_M_A","GBMNE29317-21[BOLD:AAA3748]","Arthropoda","Insecta","Diptera","Culicidae","Culicinae","Aedini","","","0","99.70"
"CBAY0033_M_A","AEDNA869-12[BOLD:AAA3748]","Arthropoda","Insecta","Diptera","Culicidae","Culicinae","Aedini","Aedes","","0","99.70"
"CBAY0033_M_A","DIPFI112-12[BOLD:AAA3748]","Arthropoda","Insecta","Diptera","Culicidae","Culicinae","Aedini","Aedes","","0","99.70"
"CBAY0033_M_A","MCHAE1435-19[BOLD:AAA3748]","Arthropoda","Insecta","Diptera","Culicidae","Culicinae","Aedini","Aedes","","0","99.70"
"CBAY0033_M_A","AMMC020-07[BOLD:AAA3748]","Arthropoda","Insecta","Diptera","Culicidae","Culicinae","Aedini","Aedes","Aedes hexodontus","0","99.70"
"CBAY0033_M_A","MHMOS074-07[BOLD:AAA3748]","Arthropoda","Insecta","Diptera","Culicidae","Culicinae","Aedini","Aedes","Aedes hexodontus","0","99.70"
"CBAY0033_M_A","CULBE102-14[BOLD:AAA3748]","Arthropoda","Insecta","Diptera","Culicidae","Culicinae","Aedini","Aedes","Aedes punctor","0","99.70"
"CBAY0033_M_A","SIIP10650-24[BOLD:AAA3748]","Arthropoda","Insecta","Diptera","Culicidae","","","","","0","99.54"
"CBAY0033_M_A","SIIP2929-24[BOLD:AAA3748]","Arthropoda","Insecta","Diptera","Culicidae","","","","","0","99.54"
"CBAY0033_M_A","SIIP4634-24[BOLD:AAA3748]","Arthropoda","Insecta","Diptera","Culicidae","","","","","0","99.54"
"CBAY0033_M_A","TRDNE021-15[BOLD:AAA3748]","Arthropoda","Insecta","Diptera","Culicidae","Culicinae","Aedini","Aedes","","0","99.54"
"CBAY0033_M_A","TRDNE029-15[BOLD:AAA3748]","Arthropoda","Insecta","Diptera","Culicidae","Culicinae","Aedini","Aedes","","0","99.54"
"CBAY0033_M_A","MOSN7537-21[BOLD:AAA3748]","Arthropoda","Insecta","Diptera","Culicidae","Culicinae","Aedini","Aedes","Aedes hexodontus","0","99.54"
"CBAY0033_M_A","MOSN9521-22[BOLD:AAA3748]","Arthropoda","Insecta","Diptera","Culicidae","Culicinae","Aedini","Aedes","Aedes hexodontus","0","99.54"
"CBAY0033_M_A","MOSN9666-22[BOLD:AAA3748]","Arthropoda","Insecta","Diptera","Culicidae","Culicinae","Aedini","Aedes","Aedes hexodontus","0","99.54"
"CBAY0033_M_A","SAMOS057-09[BOLD:AAA3748]","Arthropoda","Insecta","Diptera","Culicidae","Culicinae","Aedini","Aedes","Aedes hexodontus","0","99.54"
"CBAY0033_M_A","NEONU2138-13[BOLD:AAA3748]","Arthropoda","Insecta","Diptera","Culicidae","Culicinae","Aedini","Aedes","Aedes punctor","0","99.54"
"CBAY0033_M_C","BCHAR758-18[BOLD:AAA3748]","Arthropoda","Insecta","Diptera","Culicidae","Culicinae","","","","0","100.00"
"CBAY0033_M_C","DCHAR1022-19[BOLD:AAA3748]","Arthropoda","Insecta","Diptera","Culicidae","Culicinae","","","","0","100.00"
"CBAY0033_M_C","DCHAR1028-19[BOLD:AAA3748]","Arthropoda","Insecta","Diptera","Culicidae","Culicinae","","","","0","100.00"
"CBAY0033_M_C","FCHAR8785-19[BOLD:AAA3748]","Arthropoda","Insecta","Diptera","Culicidae","Culicinae","","","","0","100.00"
"CBAY0033_M_C","AMMC081-07[BOLD:AAA3748]","Arthropoda","Insecta","Diptera","Culicidae","Culicinae","Aedini","Aedes","","0","100.00"
"CBAY0033_M_C","JWDCC475-10[BOLD:AAA3748]","Arthropoda","Insecta","Diptera","Culicidae","Culicinae","Aedini","Aedes","","0","100.00"
"CBAY0033_M_C","MCHAB271-19[BOLD:AAA3748]","Arthropoda","Insecta","Diptera","Culicidae","Culicinae","Aedini","Aedes","","0","100.00"
"CBAY0033_M_C","MCHAB506-19[BOLD:AAA3748]","Arthropoda","Insecta","Diptera","Culicidae","Culicinae","Aedini","Aedes","","0","100.00"
"CBAY0033_M_C","MCHAE1402-19[BOLD:AAA3748]","Arthropoda","Insecta","Diptera","Culicidae","Culicinae","Aedini","Aedes","","0","100.00"
"CBAY0033_M_C","MHMOS067-07[BOLD:AAA3748]","Arthropoda","Insecta","Diptera","Culicidae","Culicinae","Aedini","Aedes","","0","100.00"
"CBAY0033_M_C","SWSWP011-09[BOLD:AAA3748]","Arthropoda","Insecta","Diptera","Culicidae","Culicinae","Aedini","Aedes","","0","100.00"
"CBAY0033_M_C","MOSN11429-23[BOLD:AAA3748]","Arthropoda","Insecta","Diptera","Culicidae","Culicinae","Aedini","Aedes","Aedes hexodontus","0","100.00"
"CBAY0033_M_C","FCHAR3807-19[BOLD:AAA3748]","Arthropoda","Insecta","Diptera","Culicidae","Culicinae","","","","0","99.85"
"CBAY0033_M_C","FCHAR9351-20[BOLD:AAA3748]","Arthropoda","Insecta","Diptera","Culicidae","Culicinae","","","","0","99.85"
"CBAY0033_M_C","MCHAB628-19[BOLD:AAA3748]","Arthropoda","Insecta","Diptera","Culicidae","Culicinae","Aedini","Aedes","","0","99.85"
"CBAY0033_M_C","MCHAB727-19[BOLD:AAA3748]","Arthropoda","Insecta","Diptera","Culicidae","Culicinae","Aedini","Aedes","","0","99.85"
"CBAY0033_M_C","MCHAD132-19[BOLD:AAA3748]","Arthropoda","Insecta","Diptera","Culicidae","Culicinae","Aedini","Aedes","","0","99.85"
"CBAY0033_M_C","MCHAD133-19[BOLD:AAA3748]","Arthropoda","Insecta","Diptera","Culicidae","Culicinae","Aedini","Aedes","","0","99.85"
"CBAY0033_M_C","MCHAE1439-19[BOLD:AAA3748]","Arthropoda","Insecta","Diptera","Culicidae","Culicinae","Aedini","Aedes","","0","99.85"
"CBAY0033_M_C","MOSN13111-25[BOLD:AAA3748]","Arthropoda","Insecta","Diptera","Culicidae","Culicinae","Aedini","Aedes","Aedes hexodontus","0","99.85"
"CBAY0033_M_C","SIIP4634-24[BOLD:AAA3748]","Arthropoda","Insecta","Diptera","Culicidae","","","","","0","99.70"
"CBAY0033_M_C","JWDCF060-10[BOLD:AAA3748]","Arthropoda","Insecta","Diptera","Culicidae","Culicinae","Aedini","Aedes","","0","99.70"
"CBAY0033_M_C","AMMC027-07[BOLD:AAA3748]","Arthropoda","Insecta","Diptera","Culicidae","Culicinae","Aedini","Aedes","Aedes hexodontus","0","99.70"
"CBAY0033_M_C","GBDP51899-19[BOLD:AAA3748]","Arthropoda","Insecta","Diptera","Culicidae","Culicinae","Aedini","Aedes","Aedes punctor","0","99.70"
"CBAY0033_M_C","NEONU2138-13[BOLD:AAA3748]","Arthropoda","Insecta","Diptera","Culicidae","Culicinae","Aedini","Aedes","Aedes punctor","0","99.70"
"CBAY0033_M_D","BCHAR2248-18[BOLD:AAA3750]","Arthropoda","Insecta","Diptera","Culicidae","Culicinae","Aedini","Aedes","","0","100.00"
"CBAY0033_M_D","BCHAR2546-18[BOLD:AAA3750]","Arthropoda","Insecta","Diptera","Culicidae","Culicinae","Aedini","Aedes","","0","100.00"
"CBAY0033_M_D","BCHAR610-18[BOLD:AAA3750]","Arthropoda","Insecta","Diptera","Culicidae","Culicinae","Aedini","Aedes","","0","100.00"
"CBAY0033_M_D","CBAYA3091-22[BOLD:AAA3750]","Arthropoda","Insecta","Diptera","Culicidae","Culicinae","Aedini","Aedes","","0","100.00"
"CBAY0033_M_D","CCHAR3330-19[BOLD:AAA3750]","Arthropoda","Insecta","Diptera","Culicidae","Culicinae","Aedini","Aedes","","0","100.00"
"CBAY0033_M_D","DARC222-10[BOLD:AAA3750]","Arthropoda","Insecta","Diptera","Culicidae","Culicinae","Aedini","Aedes","","0","100.00"
"CBAY0033_M_D","KUGA561-21[BOLD:AAA3750]","Arthropoda","Insecta","Diptera","Culicidae","Culicinae","Aedini","Aedes","","0","100.00"
"CBAY0033_M_D","MCHAA1479-19[BOLD:AAA3750]","Arthropoda","Insecta","Diptera","Culicidae","Culicinae","Aedini","Aedes","","0","100.00"
"CBAY0033_M_D","MCHAB1579-19[BOLD:AAA3750]","Arthropoda","Insecta","Diptera","Culicidae","Culicinae","Aedini","Aedes","","0","100.00"
"CBAY0033_M_D","MCHAC1170-19[BOLD:AAA3750]","Arthropoda","Insecta","Diptera","Culicidae","Culicinae","Aedini","Aedes","","0","100.00"
"CBAY0033_M_D","MCHAC2014-19[BOLD:AAA3750]","Arthropoda","Insecta","Diptera","Culicidae","Culicinae","Aedini","Aedes","","0","100.00"
"CBAY0033_M_D","POLCO4081-20[BOLD:AAA3750]","Arthropoda","Insecta","Diptera","Culicidae","Culicinae","Aedini","Aedes","","0","100.00"
"CBAY0033_M_D","NBPSI024-11[BOLD:AAA3750]","Arthropoda","Insecta","Diptera","Culicidae","Culicinae","Aedini","Aedes","Aedes nigripes","0","100.00"
"CBAY0033_M_D","ABWYT31267-24[BOLD:AAA3750]","Arthropoda","Insecta","Diptera","Culicidae","Culicinae","Aedini","Aedes","","0","99.85"
"CBAY0033_M_D","GBMNE29326-21[BOLD:AAA3750]","Arthropoda","Insecta","Diptera","Culicidae","Culicinae","Aedini","Aedes","","0","99.85"
"CBAY0033_M_D","MCHAA218-19[BOLD:AAA3750]","Arthropoda","Insecta","Diptera","Culicidae","Culicinae","Aedini","Aedes","","0","99.85"
"CBAY0033_M_D","MOSN13601-26","Arthropoda","Insecta","Diptera","Culicidae","Culicinae","Aedini","Aedes","Aedes implicatus","0","99.85"
"CBAY0033_M_D","JWDCE171-10[BOLD:AAA3750]","Arthropoda","Insecta","Diptera","Culicidae","Culicinae","Aedini","Aedes","Aedes nigripes","0","99.85"
"CBAY0033_M_D","AEDNA900-12[BOLD:AAA3750]","Arthropoda","Insecta","Diptera","Culicidae","Culicinae","Aedini","Aedes","","0","99.70"
"CBAY0033_M_D","MCHAB016-19[BOLD:AAA3750]","Arthropoda","Insecta","Diptera","Culicidae","Culicinae","Aedini","Aedes","","0","99.70"
"CBAY0033_M_D","SAPIT130-08[BOLD:AAA3750]","Arthropoda","Insecta","Diptera","Culicidae","Culicinae","Aedini","Aedes","","0","99.70"
"CBAY0033_M_D","ZERO025-11[BOLD:AAA3750]","Arthropoda","Insecta","Diptera","Culicidae","Culicinae","Aedini","Aedes","Aedes impiger","0","99.70"
"CBAY0033_M_D","NBPSI082-11[BOLD:AAA3750]","Arthropoda","Insecta","Diptera","Culicidae","Culicinae","Aedini","Aedes","Aedes nigripes","0","99.70"
"CBAY0033_M_D","SAMOS020-09[BOLD:AAA3750]","Arthropoda","Insecta","Diptera","Culicidae","Culicinae","Aedini","Aedes","Aedes nigripes","0","99.70"
"CBAY0033_M_D","ZERO032-11[BOLD:AAA3750]","Arthropoda","Insecta","Diptera","Culicidae","Culicinae","Aedini","Aedes","Aedes nigripes","0","99.70"
"CBAY0033_M_E","MCHAA951-19[BOLD:AAA3748]","Arthropoda","Insecta","Diptera","Culicidae","Culicinae","Aedini","Aedes","","0","100.00"
"CBAY0033_M_E","MCHAD909-19[BOLD:AAA3748]","Arthropoda","Insecta","Diptera","Culicidae","Culicinae","Aedini","Aedes","","0","100.00"
"CBAY0033_M_E","UAMIC871-13[BOLD:AAA3748]","Arthropoda","Insecta","Diptera","Culicidae","Culicinae","Aedini","Aedes","Aedes nigripes","0","100.00"
"CBAY0033_M_E","MOSN7761-21[BOLD:AAA3748]","Arthropoda","Insecta","Diptera","Culicidae","Culicinae","Aedini","Aedes","Aedes punctor","0","100.00"
"CBAY0033_M_E","AKLEP1307-26","Arthropoda","Insecta","Diptera","Culicidae","","","","","0","99.85"
"CBAY0033_M_E","AEDNA864-12[BOLD:AAA3748]","Arthropoda","Insecta","Diptera","Culicidae","Culicinae","Aedini","Aedes","","0","99.85"
"CBAY0033_M_E","AEDNA902-12[BOLD:AAA3748]","Arthropoda","Insecta","Diptera","Culicidae","Culicinae","Aedini","Aedes","","0","99.85"
"CBAY0033_M_E","MCHAD1270-19[BOLD:AAA3748]","Arthropoda","Insecta","Diptera","Culicidae","Culicinae","Aedini","Aedes","","0","99.85"
"CBAY0033_M_E","AKLEP1108-25[BOLD:AAA3748]","Arthropoda","Insecta","Diptera","Culicidae","Culicinae","Aedini","Aedes","Aedes abserratus","0","99.85"
"CBAY0033_M_E","AMMC077-07[BOLD:AAA3748]","Arthropoda","Insecta","Diptera","Culicidae","Culicinae","Aedini","Aedes","Aedes abserratus","0","99.85"
"CBAY0033_M_E","GBDP51845-19[BOLD:AAA3748]","Arthropoda","Insecta","Diptera","Culicidae","Culicinae","Aedini","Aedes","Aedes abserratus","0","99.85"
"CBAY0033_M_E","MHMOS085-07[BOLD:AAA3748]","Arthropoda","Insecta","Diptera","Culicidae","Culicinae","Aedini","Aedes","Aedes abserratus","0","99.85"
"CBAY0033_M_E","MOSN10225-23[BOLD:AAA3748]","Arthropoda","Insecta","Diptera","Culicidae","Culicinae","Aedini","Aedes","Aedes communis","0","99.85"
"CBAY0033_M_E","NEONU2141-13[BOLD:AAA3748]","Arthropoda","Insecta","Diptera","Culicidae","Culicinae","Aedini","Aedes","Aedes decticus","0","99.85"
"CBAY0033_M_E","MOSN4584-20[BOLD:AAA3748]","Arthropoda","Insecta","Diptera","Culicidae","Culicinae","Aedini","Aedes","Aedes diantaeus","0","99.85"
"CBAY0033_M_E","MOSN1993-18[BOLD:AAA3748]","Arthropoda","Insecta","Diptera","Culicidae","Culicinae","Aedini","Aedes","Aedes hexodontus","0","99.85"
"CBAY0033_M_E","NEONU2139-13[BOLD:AAA3748]","Arthropoda","Insecta","Diptera","Culicidae","Culicinae","Aedini","Aedes","Aedes intrudens","0","99.85"
"CBAY0033_M_E","MOSN12999-25[BOLD:AAA3748]","Arthropoda","Insecta","Diptera","Culicidae","Culicinae","Aedini","Aedes","Aedes nigripes","0","99.85"
"CBAY0033_M_E","JSDIQ006-10[BOLD:AAA3748]","Arthropoda","Insecta","Diptera","Culicidae","Culicinae","Aedini","Aedes","Aedes pionips","0","99.85"
"CBAY0033_M_E","NBPSI074-11[BOLD:AAA3748]","Arthropoda","Insecta","Diptera","Culicidae","Culicinae","Aedini","Aedes","Aedes pionips","0","99.85"
"CBAY0033_M_E","GBMND38915-21[BOLD:AAA3748]","Arthropoda","Insecta","Diptera","Culicidae","Culicinae","Aedini","Aedes","Aedes punctor","0","99.85"
"CBAY0033_M_E","MOSN10253-23[BOLD:AAA3748]","Arthropoda","Insecta","Diptera","Culicidae","Culicinae","Aedini","Aedes","Aedes punctor","0","99.85"
"CBAY0033_M_E","NBPSI075-11[BOLD:AAA3748]","Arthropoda","Insecta","Diptera","Culicidae","Culicinae","Aedini","Aedes","Aedes sp.","0","99.85"
"CBAY0033_M_E","UAMIC868-13[BOLD:AAA3748]","Arthropoda","Insecta","Diptera","Culicidae","Culicinae","Aedini","Aedes","Aedes abserratus","0","99.70"
"CBAY0033_M_E","NEONU2137-13[BOLD:AAA3748]","Arthropoda","Insecta","Diptera","Culicidae","Culicinae","Aedini","Aedes","Aedes ventrovittis","0","99.70"
"CBAY0033_M_F","SIIP13437-24[BOLD:AAA3748]","Arthropoda","Insecta","Diptera","Culicidae","","","","","0","99.70"
"CBAY0033_M_F","FCHAR8616-19[BOLD:AAA3748]","Arthropoda","Insecta","Diptera","Culicidae","Culicinae","","","","0","99.70"
"CBAY0033_M_F","FCHAR8625-19[BOLD:AAA3748]","Arthropoda","Insecta","Diptera","Culicidae","Culicinae","","","","0","99.70"
"CBAY0033_M_F","GBMNE29317-21[BOLD:AAA3748]","Arthropoda","Insecta","Diptera","Culicidae","Culicinae","Aedini","","","0","99.70"
"CBAY0033_M_F","AEDNA869-12[BOLD:AAA3748]","Arthropoda","Insecta","Diptera","Culicidae","Culicinae","Aedini","Aedes","","0","99.70"
"CBAY0033_M_F","DIPFI112-12[BOLD:AAA3748]","Arthropoda","Insecta","Diptera","Culicidae","Culicinae","Aedini","Aedes","","0","99.70"
"CBAY0033_M_F","MCHAE1435-19[BOLD:AAA3748]","Arthropoda","Insecta","Diptera","Culicidae","Culicinae","Aedini","Aedes","","0","99.70"
"CBAY0033_M_F","AMMC020-07[BOLD:AAA3748]","Arthropoda","Insecta","Diptera","Culicidae","Culicinae","Aedini","Aedes","Aedes hexodontus","0","99.70"
"CBAY0033_M_F","MHMOS074-07[BOLD:AAA3748]","Arthropoda","Insecta","Diptera","Culicidae","Culicinae","Aedini","Aedes","Aedes hexodontus","0","99.70"
"CBAY0033_M_F","MOSN13113-25[BOLD:AAA3748]","Arthropoda","Insecta","Diptera","Culicidae","Culicinae","Aedini","Aedes","Aedes hexodontus","0","99.70"
"CBAY0033_M_F","CULBE102-14[BOLD:AAA3748]","Arthropoda","Insecta","Diptera","Culicidae","Culicinae","Aedini","Aedes","Aedes punctor","0","99.70"
"CBAY0033_M_F","CULBE106-14[BOLD:AAA3748]","Arthropoda","Insecta","Diptera","Culicidae","Culicinae","Aedini","Aedes","Aedes punctor","0","99.70"
"CBAY0033_M_F","SIIP10650-24[BOLD:AAA3748]","Arthropoda","Insecta","Diptera","Culicidae","","","","","0","99.54"
"CBAY0033_M_F","SIIP2929-24[BOLD:AAA3748]","Arthropoda","Insecta","Diptera","Culicidae","","","","","0","99.54"
"CBAY0033_M_F","SIIP4634-24[BOLD:AAA3748]","Arthropoda","Insecta","Diptera","Culicidae","","","","","0","99.54"
"CBAY0033_M_F","TRDNE021-15[BOLD:AAA3748]","Arthropoda","Insecta","Diptera","Culicidae","Culicinae","Aedini","Aedes","","0","99.54"
"CBAY0033_M_F","TRDNE029-15[BOLD:AAA3748]","Arthropoda","Insecta","Diptera","Culicidae","Culicinae","Aedini","Aedes","","0","99.54"
"CBAY0033_M_F","MOSN13523-26","Arthropoda","Insecta","Diptera","Culicidae","Culicinae","Aedini","Aedes","Aedes hexodontus","0","99.54"
"CBAY0033_M_F","MOSN7522-21[BOLD:AAA3748]","Arthropoda","Insecta","Diptera","Culicidae","Culicinae","Aedini","Aedes","Aedes hexodontus","0","99.54"
"CBAY0033_M_F","MOSN7537-21[BOLD:AAA3748]","Arthropoda","Insecta","Diptera","Culicidae","Culicinae","Aedini","Aedes","Aedes hexodontus","0","99.54"
"CBAY0033_M_F","MOSN9521-22[BOLD:AAA3748]","Arthropoda","Insecta","Diptera","Culicidae","Culicinae","Aedini","Aedes","Aedes hexodontus","0","99.54"
"CBAY0033_M_F","MOSN9666-22[BOLD:AAA3748]","Arthropoda","Insecta","Diptera","Culicidae","Culicinae","Aedini","Aedes","Aedes hexodontus","0","99.54"
"CBAY0033_M_F","NBPSI017-11[BOLD:AAA3748]","Arthropoda","Insecta","Diptera","Culicidae","Culicinae","Aedini","Aedes","Aedes hexodontus","0","99.54"
"CBAY0033_M_F","SAMOS057-09[BOLD:AAA3748]","Arthropoda","Insecta","Diptera","Culicidae","Culicinae","Aedini","Aedes","Aedes hexodontus","0","99.54"
"CBAY0033_M_F","NEONU2138-13[BOLD:AAA3748]","Arthropoda","Insecta","Diptera","Culicidae","Culicinae","Aedini","Aedes","Aedes punctor","0","99.54"
"CBAY0033_M_G","SIIP13437-24[BOLD:AAA3748]","Arthropoda","Insecta","Diptera","Culicidae","","","","","0","99.85"
"CBAY0033_M_G","FCHAR8616-19[BOLD:AAA3748]","Arthropoda","Insecta","Diptera","Culicidae","Culicinae","","","","0","99.85"
"CBAY0033_M_G","FCHAR8625-19[BOLD:AAA3748]","Arthropoda","Insecta","Diptera","Culicidae","Culicinae","","","","0","99.85"
"CBAY0033_M_G","GBMNE29317-21[BOLD:AAA3748]","Arthropoda","Insecta","Diptera","Culicidae","Culicinae","Aedini","","","0","99.85"
"CBAY0033_M_G","AEDNA869-12[BOLD:AAA3748]","Arthropoda","Insecta","Diptera","Culicidae","Culicinae","Aedini","Aedes","","0","99.85"
"CBAY0033_M_G","DIPFI112-12[BOLD:AAA3748]","Arthropoda","Insecta","Diptera","Culicidae","Culicinae","Aedini","Aedes","","0","99.85"
"CBAY0033_M_G","MCHAE1435-19[BOLD:AAA3748]","Arthropoda","Insecta","Diptera","Culicidae","Culicinae","Aedini","Aedes","","0","99.85"
"CBAY0033_M_G","AMMC020-07[BOLD:AAA3748]","Arthropoda","Insecta","Diptera","Culicidae","Culicinae","Aedini","Aedes","Aedes hexodontus","0","99.85"
"CBAY0033_M_G","MHMOS074-07[BOLD:AAA3748]","Arthropoda","Insecta","Diptera","Culicidae","Culicinae","Aedini","Aedes","Aedes hexodontus","0","99.85"
"CBAY0033_M_G","CULBE102-14[BOLD:AAA3748]","Arthropoda","Insecta","Diptera","Culicidae","Culicinae","Aedini","Aedes","Aedes punctor","0","99.85"
"CBAY0033_M_G","SIIP10650-24[BOLD:AAA3748]","Arthropoda","Insecta","Diptera","Culicidae","","","","","0","99.70"
"CBAY0033_M_G","SIIP2929-24[BOLD:AAA3748]","Arthropoda","Insecta","Diptera","Culicidae","","","","","0","99.70"
"CBAY0033_M_G","SIIP4634-24[BOLD:AAA3748]","Arthropoda","Insecta","Diptera","Culicidae","","","","","0","99.70"
"CBAY0033_M_G","TRDNE021-15[BOLD:AAA3748]","Arthropoda","Insecta","Diptera","Culicidae","Culicinae","Aedini","Aedes","","0","99.70"
"CBAY0033_M_G","TRDNE029-15[BOLD:AAA3748]","Arthropoda","Insecta","Diptera","Culicidae","Culicinae","Aedini","Aedes","","0","99.70"
"CBAY0033_M_G","MOSN12467-24[BOLD:AAA3748]","Arthropoda","Insecta","Diptera","Culicidae","Culicinae","Aedini","Aedes","Aedes hexodontus","0","99.70"
"CBAY0033_M_G","MOSN13523-26","Arthropoda","Insecta","Diptera","Culicidae","Culicinae","Aedini","Aedes","Aedes hexodontus","0","99.70"
"CBAY0033_M_G","MOSN7522-21[BOLD:AAA3748]","Arthropoda","Insecta","Diptera","Culicidae","Culicinae","Aedini","Aedes","Aedes hexodontus","0","99.70"
"CBAY0033_M_G","MOSN7537-21[BOLD:AAA3748]","Arthropoda","Insecta","Diptera","Culicidae","Culicinae","Aedini","Aedes","Aedes hexodontus","0","99.70"
"CBAY0033_M_G","MOSN9521-22[BOLD:AAA3748]","Arthropoda","Insecta","Diptera","Culicidae","Culicinae","Aedini","Aedes","Aedes hexodontus","0","99.70"
"CBAY0033_M_G","MOSN9666-22[BOLD:AAA3748]","Arthropoda","Insecta","Diptera","Culicidae","Culicinae","Aedini","Aedes","Aedes hexodontus","0","99.70"
"CBAY0033_M_G","SAMOS057-09[BOLD:AAA3748]","Arthropoda","Insecta","Diptera","Culicidae","Culicinae","Aedini","Aedes","Aedes hexodontus","0","99.70"
"CBAY0033_M_G","MOSN12477-24[BOLD:AAA3748]","Arthropoda","Insecta","Diptera","Culicidae","Culicinae","Aedini","Aedes","Aedes punctor","0","99.70"
"CBAY0033_M_G","MOSN13014-25[BOLD:AAA3748]","Arthropoda","Insecta","Diptera","Culicidae","Culicinae","Aedini","Aedes","Aedes punctor","0","99.70"
"CBAY0033_M_G","NEONU2138-13[BOLD:AAA3748]","Arthropoda","Insecta","Diptera","Culicidae","Culicinae","Aedini","Aedes","Aedes punctor","0","99.70"
"CBAY0033_M_H","SIIP13437-24[BOLD:AAA3748]","Arthropoda","Insecta","Diptera","Culicidae","","","","","0","100.00"
"CBAY0033_M_H","FCHAR8616-19[BOLD:AAA3748]","Arthropoda","Insecta","Diptera","Culicidae","Culicinae","","","","0","100.00"
"CBAY0033_M_H","FCHAR8625-19[BOLD:AAA3748]","Arthropoda","Insecta","Diptera","Culicidae","Culicinae","","","","0","100.00"
"CBAY0033_M_H","GBMNE29317-21[BOLD:AAA3748]","Arthropoda","Insecta","Diptera","Culicidae","Culicinae","Aedini","","","0","100.00"
"CBAY0033_M_H","AEDNA869-12[BOLD:AAA3748]","Arthropoda","Insecta","Diptera","Culicidae","Culicinae","Aedini","Aedes","","0","100.00"
"CBAY0033_M_H","DIPFI112-12[BOLD:AAA3748]","Arthropoda","Insecta","Diptera","Culicidae","Culicinae","Aedini","Aedes","","0","100.00"
"CBAY0033_M_H","MCHAE1435-19[BOLD:AAA3748]","Arthropoda","Insecta","Diptera","Culicidae","Culicinae","Aedini","Aedes","","0","100.00"
"CBAY0033_M_H","AMMC020-07[BOLD:AAA3748]","Arthropoda","Insecta","Diptera","Culicidae","Culicinae","Aedini","Aedes","Aedes hexodontus","0","100.00"
"CBAY0033_M_H","MHMOS074-07[BOLD:AAA3748]","Arthropoda","Insecta","Diptera","Culicidae","Culicinae","Aedini","Aedes","Aedes hexodontus","0","100.00"
"CBAY0033_M_H","CULBE102-14[BOLD:AAA3748]","Arthropoda","Insecta","Diptera","Culicidae","Culicinae","Aedini","Aedes","Aedes punctor","0","100.00"
"CBAY0033_M_H","SIIP10650-24[BOLD:AAA3748]","Arthropoda","Insecta","Diptera","Culicidae","","","","","0","99.85"
"CBAY0033_M_H","SIIP2929-24[BOLD:AAA3748]","Arthropoda","Insecta","Diptera","Culicidae","","","","","0","99.85"
"CBAY0033_M_H","SIIP4634-24[BOLD:AAA3748]","Arthropoda","Insecta","Diptera","Culicidae","","","","","0","99.85"
"CBAY0033_M_H","TRDNE021-15[BOLD:AAA3748]","Arthropoda","Insecta","Diptera","Culicidae","Culicinae","Aedini","Aedes","","0","99.85"
"CBAY0033_M_H","TRDNE029-15[BOLD:AAA3748]","Arthropoda","Insecta","Diptera","Culicidae","Culicinae","Aedini","Aedes","","0","99.85"
"CBAY0033_M_H","MOSN12467-24[BOLD:AAA3748]","Arthropoda","Insecta","Diptera","Culicidae","Culicinae","Aedini","Aedes","Aedes hexodontus","0","99.85"
"CBAY0033_M_H","MOSN13523-26","Arthropoda","Insecta","Diptera","Culicidae","Culicinae","Aedini","Aedes","Aedes hexodontus","0","99.85"
"CBAY0033_M_H","MOSN7522-21[BOLD:AAA3748]","Arthropoda","Insecta","Diptera","Culicidae","Culicinae","Aedini","Aedes","Aedes hexodontus","0","99.85"
"CBAY0033_M_H","MOSN7537-21[BOLD:AAA3748]","Arthropoda","Insecta","Diptera","Culicidae","Culicinae","Aedini","Aedes","Aedes hexodontus","0","99.85"
"CBAY0033_M_H","MOSN9521-22[BOLD:AAA3748]","Arthropoda","Insecta","Diptera","Culicidae","Culicinae","Aedini","Aedes","Aedes hexodontus","0","99.85"
"CBAY0033_M_H","MOSN9666-22[BOLD:AAA3748]","Arthropoda","Insecta","Diptera","Culicidae","Culicinae","Aedini","Aedes","Aedes hexodontus","0","99.85"
"CBAY0033_M_H","SAMOS057-09[BOLD:AAA3748]","Arthropoda","Insecta","Diptera","Culicidae","Culicinae","Aedini","Aedes","Aedes hexodontus","0","99.85"
"CBAY0033_M_H","MOSN12477-24[BOLD:AAA3748]","Arthropoda","Insecta","Diptera","Culicidae","Culicinae","Aedini","Aedes","Aedes punctor","0","99.85"
"CBAY0033_M_H","MOSN13014-25[BOLD:AAA3748]","Arthropoda","Insecta","Diptera","Culicidae","Culicinae","Aedini","Aedes","Aedes punctor","0","99.85"
"CBAY0033_M_H","NEONU2138-13[BOLD:AAA3748]","Arthropoda","Insecta","Diptera","Culicidae","Culicinae","Aedini","Aedes","Aedes punctor","0","99.85"
"CBAY0034_M_A","MCHAE661-19[BOLD:AAA3748]","Arthropoda","Insecta","Diptera","Culicidae","Culicinae","Aedini","Aedes","","0","100.00"
"CBAY0034_M_A","MOSN9667-22[BOLD:AAA3748]","Arthropoda","Insecta","Diptera","Culicidae","Culicinae","Aedini","Aedes","Aedes punctor","0","100.00"
"CBAY0034_M_A","AKLEP1307-26","Arthropoda","Insecta","Diptera","Culicidae","","","","","0","99.85"
"CBAY0034_M_A","AEDNA864-12[BOLD:AAA3748]","Arthropoda","Insecta","Diptera","Culicidae","Culicinae","Aedini","Aedes","","0","99.85"
"CBAY0034_M_A","AEDNA902-12[BOLD:AAA3748]","Arthropoda","Insecta","Diptera","Culicidae","Culicinae","Aedini","Aedes","","0","99.85"
"CBAY0034_M_A","MCHAD1270-19[BOLD:AAA3748]","Arthropoda","Insecta","Diptera","Culicidae","Culicinae","Aedini","Aedes","","0","99.85"
"CBAY0034_M_A","MCHAD150-19[BOLD:AAA3748]","Arthropoda","Insecta","Diptera","Culicidae","Culicinae","Aedini","Aedes","","0","99.85"
"CBAY0034_M_A","AKLEP1108-25[BOLD:AAA3748]","Arthropoda","Insecta","Diptera","Culicidae","Culicinae","Aedini","Aedes","Aedes abserratus","0","99.85"
"CBAY0034_M_A","AMMC013-07[BOLD:AAA3748]","Arthropoda","Insecta","Diptera","Culicidae","Culicinae","Aedini","Aedes","Aedes abserratus","0","99.85"
"CBAY0034_M_A","AMMC077-07[BOLD:AAA3748]","Arthropoda","Insecta","Diptera","Culicidae","Culicinae","Aedini","Aedes","Aedes abserratus","0","99.85"
"CBAY0034_M_A","GBDP51845-19[BOLD:AAA3748]","Arthropoda","Insecta","Diptera","Culicidae","Culicinae","Aedini","Aedes","Aedes abserratus","0","99.85"
"CBAY0034_M_A","MHMOS085-07[BOLD:AAA3748]","Arthropoda","Insecta","Diptera","Culicidae","Culicinae","Aedini","Aedes","Aedes abserratus","0","99.85"
"CBAY0034_M_A","MOSN10225-23[BOLD:AAA3748]","Arthropoda","Insecta","Diptera","Culicidae","Culicinae","Aedini","Aedes","Aedes communis","0","99.85"
"CBAY0034_M_A","NEONU2141-13[BOLD:AAA3748]","Arthropoda","Insecta","Diptera","Culicidae","Culicinae","Aedini","Aedes","Aedes decticus","0","99.85"
"CBAY0034_M_A","MOSN4584-20[BOLD:AAA3748]","Arthropoda","Insecta","Diptera","Culicidae","Culicinae","Aedini","Aedes","Aedes diantaeus","0","99.85"
"CBAY0034_M_A","MOSN1993-18[BOLD:AAA3748]","Arthropoda","Insecta","Diptera","Culicidae","Culicinae","Aedini","Aedes","Aedes hexodontus","0","99.85"
"CBAY0034_M_A","NEONU2139-13[BOLD:AAA3748]","Arthropoda","Insecta","Diptera","Culicidae","Culicinae","Aedini","Aedes","Aedes intrudens","0","99.85"
"CBAY0034_M_A","MOSN12999-25[BOLD:AAA3748]","Arthropoda","Insecta","Diptera","Culicidae","Culicinae","Aedini","Aedes","Aedes nigripes","0","99.85"
"CBAY0034_M_A","JSDIQ006-10[BOLD:AAA3748]","Arthropoda","Insecta","Diptera","Culicidae","Culicinae","Aedini","Aedes","Aedes pionips","0","99.85"
"CBAY0034_M_A","NBPSI074-11[BOLD:AAA3748]","Arthropoda","Insecta","Diptera","Culicidae","Culicinae","Aedini","Aedes","Aedes pionips","0","99.85"
"CBAY0034_M_A","GBMND38915-21[BOLD:AAA3748]","Arthropoda","Insecta","Diptera","Culicidae","Culicinae","Aedini","Aedes","Aedes punctor","0","99.85"
"CBAY0034_M_A","MOSN10253-23[BOLD:AAA3748]","Arthropoda","Insecta","Diptera","Culicidae","Culicinae","Aedini","Aedes","Aedes punctor","0","99.85"
"CBAY0034_M_A","MOSN1994-18[BOLD:AAA3748]","Arthropoda","Insecta","Diptera","Culicidae","Culicinae","Aedini","Aedes","Aedes punctor","0","99.85"
"CBAY0034_M_A","NBPSI075-11[BOLD:AAA3748]","Arthropoda","Insecta","Diptera","Culicidae","Culicinae","Aedini","Aedes","Aedes sp.","0","99.85"
"CBAY0034_M_A","UAMIC868-13[BOLD:AAA3748]","Arthropoda","Insecta","Diptera","Culicidae","Culicinae","Aedini","Aedes","Aedes abserratus","0","99.70"
"CBAY0034_M_D","MCHAD137-19[BOLD:AAA3748]","Arthropoda","Insecta","Diptera","Culicidae","Culicinae","Aedini","Aedes","","0","100.00"
"CBAY0034_M_D","MOSN11534-23[BOLD:AAA3748]","Arthropoda","Insecta","Diptera","Culicidae","Culicinae","Aedini","Aedes","Aedes punctor","0","100.00"
"CBAY0034_M_D","AKLEP1307-26","Arthropoda","Insecta","Diptera","Culicidae","","","","","0","99.85"
"CBAY0034_M_D","AEDNA864-12[BOLD:AAA3748]","Arthropoda","Insecta","Diptera","Culicidae","Culicinae","Aedini","Aedes","","0","99.85"
"CBAY0034_M_D","AEDNA902-12[BOLD:AAA3748]","Arthropoda","Insecta","Diptera","Culicidae","Culicinae","Aedini","Aedes","","0","99.85"
"CBAY0034_M_D","KUGA498-21[BOLD:AAA3748]","Arthropoda","Insecta","Diptera","Culicidae","Culicinae","Aedini","Aedes","","0","99.85"
"CBAY0034_M_D","MCHAD1270-19[BOLD:AAA3748]","Arthropoda","Insecta","Diptera","Culicidae","Culicinae","Aedini","Aedes","","0","99.85"
"CBAY0034_M_D","MCHAD150-19[BOLD:AAA3748]","Arthropoda","Insecta","Diptera","Culicidae","Culicinae","Aedini","Aedes","","0","99.85"
"CBAY0034_M_D","AKLEP1108-25[BOLD:AAA3748]","Arthropoda","Insecta","Diptera","Culicidae","Culicinae","Aedini","Aedes","Aedes abserratus","0","99.85"
"CBAY0034_M_D","AMMC077-07[BOLD:AAA3748]","Arthropoda","Insecta","Diptera","Culicidae","Culicinae","Aedini","Aedes","Aedes abserratus","0","99.85"
"CBAY0034_M_D","GBDP51845-19[BOLD:AAA3748]","Arthropoda","Insecta","Diptera","Culicidae","Culicinae","Aedini","Aedes","Aedes abserratus","0","99.85"
"CBAY0034_M_D","MHMOS085-07[BOLD:AAA3748]","Arthropoda","Insecta","Diptera","Culicidae","Culicinae","Aedini","Aedes","Aedes abserratus","0","99.85"
"CBAY0034_M_D","MOSN10225-23[BOLD:AAA3748]","Arthropoda","Insecta","Diptera","Culicidae","Culicinae","Aedini","Aedes","Aedes communis","0","99.85"
"CBAY0034_M_D","NEONU2141-13[BOLD:AAA3748]","Arthropoda","Insecta","Diptera","Culicidae","Culicinae","Aedini","Aedes","Aedes decticus","0","99.85"
"CBAY0034_M_D","MOSN4584-20[BOLD:AAA3748]","Arthropoda","Insecta","Diptera","Culicidae","Culicinae","Aedini","Aedes","Aedes diantaeus","0","99.85"
"CBAY0034_M_D","MOSN1993-18[BOLD:AAA3748]","Arthropoda","Insecta","Diptera","Culicidae","Culicinae","Aedini","Aedes","Aedes hexodontus","0","99.85"
"CBAY0034_M_D","NEONU2139-13[BOLD:AAA3748]","Arthropoda","Insecta","Diptera","Culicidae","Culicinae","Aedini","Aedes","Aedes intrudens","0","99.85"
"CBAY0034_M_D","MOSN12999-25[BOLD:AAA3748]","Arthropoda","Insecta","Diptera","Culicidae","Culicinae","Aedini","Aedes","Aedes nigripes","0","99.85"
"CBAY0034_M_D","JSDIQ006-10[BOLD:AAA3748]","Arthropoda","Insecta","Diptera","Culicidae","Culicinae","Aedini","Aedes","Aedes pionips","0","99.85"
"CBAY0034_M_D","NBPSI074-11[BOLD:AAA3748]","Arthropoda","Insecta","Diptera","Culicidae","Culicinae","Aedini","Aedes","Aedes pionips","0","99.85"
"CBAY0034_M_D","GBMND38915-21[BOLD:AAA3748]","Arthropoda","Insecta","Diptera","Culicidae","Culicinae","Aedini","Aedes","Aedes punctor","0","99.85"
"CBAY0034_M_D","MOSN10253-23[BOLD:AAA3748]","Arthropoda","Insecta","Diptera","Culicidae","Culicinae","Aedini","Aedes","Aedes punctor","0","99.85"
"CBAY0034_M_D","MOSN3865-19[BOLD:AAA3748]","Arthropoda","Insecta","Diptera","Culicidae","Culicinae","Aedini","Aedes","Aedes punctor","0","99.85"
"CBAY0034_M_D","NBPSI075-11[BOLD:AAA3748]","Arthropoda","Insecta","Diptera","Culicidae","Culicinae","Aedini","Aedes","Aedes sp.","0","99.85"
"CBAY0034_M_D","UAMIC868-13[BOLD:AAA3748]","Arthropoda","Insecta","Diptera","Culicidae","Culicinae","Aedini","Aedes","Aedes abserratus","0","99.70"
"CBAY0035_M_H","AMMC071-07[BOLD:AAA3748]","Arthropoda","Insecta","Diptera","Culicidae","Culicinae","Aedini","Aedes","","0","99.39"
"CBAY0035_M_H","JWDCF583-10[BOLD:AAA3748]","Arthropoda","Insecta","Diptera","Culicidae","Culicinae","Aedini","Aedes","","0","99.39"
"CBAY0035_M_H","JWDCJ150-11[BOLD:AAA3748]","Arthropoda","Insecta","Diptera","Culicidae","Culicinae","Aedini","Aedes","","0","99.39"
"CBAY0035_M_H","AEDNA891-12[BOLD:AAA3748]","Arthropoda","Insecta","Diptera","Culicidae","Culicinae","Aedini","Aedes","","0","99.24"
"CBAY0035_M_H","AMMC078-07[BOLD:AAA3748]","Arthropoda","Insecta","Diptera","Culicidae","Culicinae","Aedini","Aedes","","0","99.24"
"CBAY0035_M_H","JWDCC110-10[BOLD:AAA3748]","Arthropoda","Insecta","Diptera","Culicidae","Culicinae","Aedini","Aedes","","0","99.24"
"CBAY0035_M_H","JWDCF226-10[BOLD:AAA3748]","Arthropoda","Insecta","Diptera","Culicidae","Culicinae","Aedini","Aedes","","0","99.24"
"CBAY0035_M_H","JWDCF382-10[BOLD:AAA3748]","Arthropoda","Insecta","Diptera","Culicidae","Culicinae","Aedini","Aedes","","0","99.24"
"CBAY0035_M_H","JWDCH967-10[BOLD:AAA3748]","Arthropoda","Insecta","Diptera","Culicidae","Culicinae","Aedini","Aedes","","0","99.24"
"CBAY0035_M_H","MHMOS081-07[BOLD:AAA3748]","Arthropoda","Insecta","Diptera","Culicidae","Culicinae","Aedini","Aedes","","0","99.24"
"CBAY0035_M_H","AMMC010-07[BOLD:AAA3748]","Arthropoda","Insecta","Diptera","Culicidae","Culicinae","Aedini","Aedes","","0","99.09"
"CBAY0035_M_H","AMMC030-07[BOLD:AAA3748]","Arthropoda","Insecta","Diptera","Culicidae","Culicinae","Aedini","Aedes","","0","99.09"
"CBAY0035_M_H","AMMC060-07[BOLD:AAA3748]","Arthropoda","Insecta","Diptera","Culicidae","Culicinae","Aedini","Aedes","","0","99.09"
"CBAY0035_M_H","JWDCB148-10[BOLD:AAA3748]","Arthropoda","Insecta","Diptera","Culicidae","Culicinae","Aedini","Aedes","","0","99.09"
"CBAY0035_M_H","JWDCE794-10[BOLD:AAA3748]","Arthropoda","Insecta","Diptera","Culicidae","Culicinae","Aedini","Aedes","","0","99.09"
"CBAY0035_M_H","JWDCE799-10[BOLD:AAA3748]","Arthropoda","Insecta","Diptera","Culicidae","Culicinae","Aedini","Aedes","","0","99.09"
"CBAY0035_M_H","JWDCF466-10[BOLD:AAA3748]","Arthropoda","Insecta","Diptera","Culicidae","Culicinae","Aedini","Aedes","","0","99.09"
"CBAY0035_M_H","JWDCF644-10[BOLD:AAA3748]","Arthropoda","Insecta","Diptera","Culicidae","Culicinae","Aedini","Aedes","","0","99.09"
"CBAY0035_M_H","JWDCI469-10[BOLD:AAA3748]","Arthropoda","Insecta","Diptera","Culicidae","Culicinae","Aedini","Aedes","","0","99.09"
"CBAY0035_M_H","JWDCI716-11[BOLD:AAA3748]","Arthropoda","Insecta","Diptera","Culicidae","Culicinae","Aedini","Aedes","","0","99.09"
"CBAY0035_M_H","JWDCJ408-11[BOLD:AAA3748]","Arthropoda","Insecta","Diptera","Culicidae","Culicinae","Aedini","Aedes","","0","99.09"
"CBAY0035_M_H","JWDCJ687-11[BOLD:AAA3748]","Arthropoda","Insecta","Diptera","Culicidae","Culicinae","Aedini","Aedes","","0","99.09"
"CBAY0035_M_H","JWDCJ884-11[BOLD:AAA3748]","Arthropoda","Insecta","Diptera","Culicidae","Culicinae","Aedini","Aedes","","0","99.09"
"CBAY0035_M_H","SAMOS060-09[BOLD:AAA3748]","Arthropoda","Insecta","Diptera","Culicidae","Culicinae","Aedini","Aedes","","0","99.09"
"CBAY0035_M_H","SWSWP058-09[BOLD:AAA3748]","Arthropoda","Insecta","Diptera","Culicidae","Culicinae","Aedini","Aedes","","0","99.09"
"CBAY0036_M_H","BCHAR1188-18[BOLD:AAA3750]","Arthropoda","Insecta","Diptera","Culicidae","Culicinae","Aedini","Aedes","","0","99.85"
"CBAY0036_M_H","BCHAR1418-18[BOLD:AAA3750]","Arthropoda","Insecta","Diptera","Culicidae","Culicinae","Aedini","Aedes","","0","99.85"
"CBAY0036_M_H","BCHAR203-18[BOLD:AAA3750]","Arthropoda","Insecta","Diptera","Culicidae","Culicinae","Aedini","Aedes","","0","99.85"
"CBAY0036_M_H","BCHAR590-18[BOLD:AAA3750]","Arthropoda","Insecta","Diptera","Culicidae","Culicinae","Aedini","Aedes","","0","99.85"
"CBAY0036_M_H","BCHAR630-18[BOLD:AAA3750]","Arthropoda","Insecta","Diptera","Culicidae","Culicinae","Aedini","Aedes","","0","99.85"
"CBAY0036_M_H","BCHAR711-18[BOLD:AAA3750]","Arthropoda","Insecta","Diptera","Culicidae","Culicinae","Aedini","Aedes","","0","99.85"
"CBAY0036_M_H","CCHAR3374-19[BOLD:AAA3750]","Arthropoda","Insecta","Diptera","Culicidae","Culicinae","Aedini","Aedes","","0","99.85"
"CBAY0036_M_H","DCHAR1014-19[BOLD:AAA3750]","Arthropoda","Insecta","Diptera","Culicidae","Culicinae","Aedini","Aedes","","0","99.85"
"CBAY0036_M_H","FCHAR8659-19[BOLD:AAA3750]","Arthropoda","Insecta","Diptera","Culicidae","Culicinae","Aedini","Aedes","","0","99.85"
"CBAY0036_M_H","FCHAR8833-19[BOLD:AAA3750]","Arthropoda","Insecta","Diptera","Culicidae","Culicinae","Aedini","Aedes","","0","99.85"
"CBAY0036_M_H","GJOA2164-21[BOLD:AAA3750]","Arthropoda","Insecta","Diptera","Culicidae","Culicinae","Aedini","Aedes","","0","99.85"
"CBAY0036_M_H","MCHAA154-19[BOLD:AAA3750]","Arthropoda","Insecta","Diptera","Culicidae","Culicinae","Aedini","Aedes","","0","99.85"
"CBAY0036_M_H","MCHAA1549-19[BOLD:AAA3750]","Arthropoda","Insecta","Diptera","Culicidae","Culicinae","Aedini","Aedes","","0","99.85"
"CBAY0036_M_H","MCHAA166-19[BOLD:AAA3750]","Arthropoda","Insecta","Diptera","Culicidae","Culicinae","Aedini","Aedes","","0","99.85"
"CBAY0036_M_H","MCHAC1382-19[BOLD:AAA3750]","Arthropoda","Insecta","Diptera","Culicidae","Culicinae","Aedini","Aedes","","0","99.85"
"CBAY0036_M_H","MCHAC1500-19[BOLD:AAA3750]","Arthropoda","Insecta","Diptera","Culicidae","Culicinae","Aedini","Aedes","","0","99.85"
"CBAY0036_M_H","MCHAC2000-19[BOLD:AAA3750]","Arthropoda","Insecta","Diptera","Culicidae","Culicinae","Aedini","Aedes","","0","99.85"
"CBAY0036_M_H","MCHAC924-19[BOLD:AAA3750]","Arthropoda","Insecta","Diptera","Culicidae","Culicinae","Aedini","Aedes","","0","99.85"
"CBAY0036_M_H","POLCO3443-20[BOLD:AAA3750]","Arthropoda","Insecta","Diptera","Culicidae","Culicinae","Aedini","Aedes","","0","99.85"
"CBAY0036_M_H","POLCO4405-20[BOLD:AAA3750]","Arthropoda","Insecta","Diptera","Culicidae","Culicinae","Aedini","Aedes","","0","99.85"
"CBAY0036_M_H","NBPSI006-11[BOLD:AAA3750]","Arthropoda","Insecta","Diptera","Culicidae","Culicinae","Aedini","Aedes","Aedes impiger","0","99.85"
"CBAY0036_M_H","NBPSI018-11[BOLD:AAA3750]","Arthropoda","Insecta","Diptera","Culicidae","Culicinae","Aedini","Aedes","Aedes impiger","0","99.70"
"CBAY0036_M_H","KUGA565-21[BOLD:AAA3750]","Arthropoda","Insecta","Diptera","Culicidae","Culicinae","Aedini","Aedes","","0","99.69"
"CBAY0036_M_H","MCHAD962-19[BOLD:AAA3750]","Arthropoda","Insecta","Diptera","Culicidae","Culicinae","Aedini","Aedes","","0","99.69"
"CBAY0036_M_H","MCHAE052-19[BOLD:AAA3750]","Arthropoda","Insecta","Diptera","Culicidae","Culicinae","Aedini","Aedes","","0","99.69"
"CBAY0036_M_I","ACHAR1804-18[BOLD:AAA3750]","Arthropoda","Insecta","Diptera","Culicidae","Culicinae","Aedini","Aedes","","0","99.85"
"CBAY0036_M_I","BCHAR369-18[BOLD:AAA3750]","Arthropoda","Insecta","Diptera","Culicidae","Culicinae","Aedini","Aedes","","0","99.85"
"CBAY0036_M_I","BCHAR698-18[BOLD:AAA3750]","Arthropoda","Insecta","Diptera","Culicidae","Culicinae","Aedini","Aedes","","0","99.85"
"CBAY0036_M_I","BCHAR731-18[BOLD:AAA3750]","Arthropoda","Insecta","Diptera","Culicidae","Culicinae","Aedini","Aedes","","0","99.85"
"CBAY0036_M_I","BCHAR732-18[BOLD:AAA3750]","Arthropoda","Insecta","Diptera","Culicidae","Culicinae","Aedini","Aedes","","0","99.85"
"CBAY0036_M_I","CBAYA3079-22[BOLD:AAA3750]","Arthropoda","Insecta","Diptera","Culicidae","Culicinae","Aedini","Aedes","","0","99.85"
"CBAY0036_M_I","DCHAR983-19[BOLD:AAA3750]","Arthropoda","Insecta","Diptera","Culicidae","Culicinae","Aedini","Aedes","","0","99.85"
"CBAY0036_M_I","KUGA531-21[BOLD:AAA3750]","Arthropoda","Insecta","Diptera","Culicidae","Culicinae","Aedini","Aedes","","0","99.85"
"CBAY0036_M_I","MCHAA062-19[BOLD:AAA3750]","Arthropoda","Insecta","Diptera","Culicidae","Culicinae","Aedini","Aedes","","0","99.85"
"CBAY0036_M_I","MCHAA328-19[BOLD:AAA3750]","Arthropoda","Insecta","Diptera","Culicidae","Culicinae","Aedini","Aedes","","0","99.85"
"CBAY0036_M_I","ABWYT31267-24[BOLD:AAA3750]","Arthropoda","Insecta","Diptera","Culicidae","Culicinae","Aedini","Aedes","","0","99.70"
"CBAY0036_M_I","GBMNE29326-21[BOLD:AAA3750]","Arthropoda","Insecta","Diptera","Culicidae","Culicinae","Aedini","Aedes","","0","99.70"
"CBAY0036_M_I","MCHAA218-19[BOLD:AAA3750]","Arthropoda","Insecta","Diptera","Culicidae","Culicinae","Aedini","Aedes","","0","99.70"
"CBAY0036_M_I","MOSN12986-25[BOLD:AAA3750]","Arthropoda","Insecta","Diptera","Culicidae","Culicinae","Aedini","Aedes","Aedes cataphylla","0","99.70"
"CBAY0036_M_I","MOSN13601-26","Arthropoda","Insecta","Diptera","Culicidae","Culicinae","Aedini","Aedes","Aedes implicatus","0","99.70"
"CBAY0036_M_I","JWDCE171-10[BOLD:AAA3750]","Arthropoda","Insecta","Diptera","Culicidae","Culicinae","Aedini","Aedes","Aedes nigripes","0","99.70"
"CBAY0036_M_I","MOSN12470-24[BOLD:AAA3750]","Arthropoda","Insecta","Diptera","Culicidae","Culicinae","Aedini","Aedes","Aedes nigripes","0","99.70"
"CBAY0036_M_I","SAMOS026-09[BOLD:AAA3750]","Arthropoda","Insecta","Diptera","Culicidae","Culicinae","Aedini","Aedes","Aedes nigripes","0","99.70"
"CBAY0036_M_I","AEDNA900-12[BOLD:AAA3750]","Arthropoda","Insecta","Diptera","Culicidae","Culicinae","Aedini","Aedes","","0","99.54"
"CBAY0036_M_I","SAPIT130-08[BOLD:AAA3750]","Arthropoda","Insecta","Diptera","Culicidae","Culicinae","Aedini","Aedes","","0","99.54"
"CBAY0036_M_I","ZERO025-11[BOLD:AAA3750]","Arthropoda","Insecta","Diptera","Culicidae","Culicinae","Aedini","Aedes","Aedes impiger","0","99.54"
"CBAY0036_M_I","NBPSI024-11[BOLD:AAA3750]","Arthropoda","Insecta","Diptera","Culicidae","Culicinae","Aedini","Aedes","Aedes nigripes","0","99.54"
"CBAY0036_M_I","NBPSI082-11[BOLD:AAA3750]","Arthropoda","Insecta","Diptera","Culicidae","Culicinae","Aedini","Aedes","Aedes nigripes","0","99.54"
"CBAY0036_M_I","SAMOS020-09[BOLD:AAA3750]","Arthropoda","Insecta","Diptera","Culicidae","Culicinae","Aedini","Aedes","Aedes nigripes","0","99.54"
"CBAY0036_M_I","ZERO032-11[BOLD:AAA3750]","Arthropoda","Insecta","Diptera","Culicidae","Culicinae","Aedini","Aedes","Aedes nigripes","0","99.54"
"CBAY0036_M_J","MCHAD1135-19[BOLD:AAA3748]","Arthropoda","Insecta","Diptera","Culicidae","Culicinae","Aedini","Aedes","","0","100.00"
"CBAY0036_M_J","SIIP13437-24[BOLD:AAA3748]","Arthropoda","Insecta","Diptera","Culicidae","","","","","0","99.85"
"CBAY0036_M_J","FCHAR8616-19[BOLD:AAA3748]","Arthropoda","Insecta","Diptera","Culicidae","Culicinae","","","","0","99.85"
"CBAY0036_M_J","FCHAR8625-19[BOLD:AAA3748]","Arthropoda","Insecta","Diptera","Culicidae","Culicinae","","","","0","99.85"
"CBAY0036_M_J","GBMNE29317-21[BOLD:AAA3748]","Arthropoda","Insecta","Diptera","Culicidae","Culicinae","Aedini","","","0","99.85"
"CBAY0036_M_J","AEDNA869-12[BOLD:AAA3748]","Arthropoda","Insecta","Diptera","Culicidae","Culicinae","Aedini","Aedes","","0","99.85"
"CBAY0036_M_J","DIPFI112-12[BOLD:AAA3748]","Arthropoda","Insecta","Diptera","Culicidae","Culicinae","Aedini","Aedes","","0","99.85"
"CBAY0036_M_J","MCHAE1435-19[BOLD:AAA3748]","Arthropoda","Insecta","Diptera","Culicidae","Culicinae","Aedini","Aedes","","0","99.85"
"CBAY0036_M_J","AMMC020-07[BOLD:AAA3748]","Arthropoda","Insecta","Diptera","Culicidae","Culicinae","Aedini","Aedes","Aedes hexodontus","0","99.85"
"CBAY0036_M_J","MHMOS074-07[BOLD:AAA3748]","Arthropoda","Insecta","Diptera","Culicidae","Culicinae","Aedini","Aedes","Aedes hexodontus","0","99.85"
"CBAY0036_M_J","SAMOS036-09[BOLD:AAA3748]","Arthropoda","Insecta","Diptera","Culicidae","Culicinae","Aedini","Aedes","Aedes hexodontus","0","99.85"
"CBAY0036_M_J","CULBE102-14[BOLD:AAA3748]","Arthropoda","Insecta","Diptera","Culicidae","Culicinae","Aedini","Aedes","Aedes punctor","0","99.85"
"CBAY0036_M_J","SIIP10650-24[BOLD:AAA3748]","Arthropoda","Insecta","Diptera","Culicidae","","","","","0","99.70"
"CBAY0036_M_J","SIIP2929-24[BOLD:AAA3748]","Arthropoda","Insecta","Diptera","Culicidae","","","","","0","99.70"
"CBAY0036_M_J","SIIP4181-24[BOLD:AAA3748]","Arthropoda","Insecta","Diptera","Culicidae","","","","","0","99.70"
"CBAY0036_M_J","SIIP4634-24[BOLD:AAA3748]","Arthropoda","Insecta","Diptera","Culicidae","","","","","0","99.70"
"CBAY0036_M_J","TRDNE021-15[BOLD:AAA3748]","Arthropoda","Insecta","Diptera","Culicidae","Culicinae","Aedini","Aedes","","0","99.70"
"CBAY0036_M_J","TRDNE029-15[BOLD:AAA3748]","Arthropoda","Insecta","Diptera","Culicidae","Culicinae","Aedini","Aedes","","0","99.70"
"CBAY0036_M_J","MOSN13523-26","Arthropoda","Insecta","Diptera","Culicidae","Culicinae","Aedini","Aedes","Aedes hexodontus","0","99.70"
"CBAY0036_M_J","MOSN7522-21[BOLD:AAA3748]","Arthropoda","Insecta","Diptera","Culicidae","Culicinae","Aedini","Aedes","Aedes hexodontus","0","99.70"
"CBAY0036_M_J","MOSN7537-21[BOLD:AAA3748]","Arthropoda","Insecta","Diptera","Culicidae","Culicinae","Aedini","Aedes","Aedes hexodontus","0","99.70"
"CBAY0036_M_J","MOSN9521-22[BOLD:AAA3748]","Arthropoda","Insecta","Diptera","Culicidae","Culicinae","Aedini","Aedes","Aedes hexodontus","0","99.70"
"CBAY0036_M_J","MOSN9666-22[BOLD:AAA3748]","Arthropoda","Insecta","Diptera","Culicidae","Culicinae","Aedini","Aedes","Aedes hexodontus","0","99.70"
"CBAY0036_M_J","SAMOS057-09[BOLD:AAA3748]","Arthropoda","Insecta","Diptera","Culicidae","Culicinae","Aedini","Aedes","Aedes hexodontus","0","99.70"
"CBAY0036_M_J","NEONU2138-13[BOLD:AAA3748]","Arthropoda","Insecta","Diptera","Culicidae","Culicinae","Aedini","Aedes","Aedes punctor","0","99.70"
"CBAY0039_M_D","ABWYT31267-24[BOLD:AAA3750]","Arthropoda","Insecta","Diptera","Culicidae","Culicinae","Aedini","Aedes","","0","99.85"
"CBAY0039_M_D","DCHAR991-19[BOLD:AAA3750]","Arthropoda","Insecta","Diptera","Culicidae","Culicinae","Aedini","Aedes","","0","99.85"
"CBAY0039_M_D","FCHAR4726-19[BOLD:AAA3750]","Arthropoda","Insecta","Diptera","Culicidae","Culicinae","Aedini","Aedes","","0","99.85"
"CBAY0039_M_D","FCHAR7442-19[BOLD:AAA3750]","Arthropoda","Insecta","Diptera","Culicidae","Culicinae","Aedini","Aedes","","0","99.85"
"CBAY0039_M_D","GBMNE29326-21[BOLD:AAA3750]","Arthropoda","Insecta","Diptera","Culicidae","Culicinae","Aedini","Aedes","","0","99.85"
"CBAY0039_M_D","MCHAA218-19[BOLD:AAA3750]","Arthropoda","Insecta","Diptera","Culicidae","Culicinae","Aedini","Aedes","","0","99.85"
"CBAY0039_M_D","MOSN13601-26","Arthropoda","Insecta","Diptera","Culicidae","Culicinae","Aedini","Aedes","Aedes implicatus","0","99.85"
"CBAY0039_M_D","JWDCE171-10[BOLD:AAA3750]","Arthropoda","Insecta","Diptera","Culicidae","Culicinae","Aedini","Aedes","Aedes nigripes","0","99.85"
"CBAY0039_M_D","AEDNA900-12[BOLD:AAA3750]","Arthropoda","Insecta","Diptera","Culicidae","Culicinae","Aedini","Aedes","","0","99.70"
"CBAY0039_M_D","DARC233-10[BOLD:AAA3750]","Arthropoda","Insecta","Diptera","Culicidae","Culicinae","Aedini","Aedes","","0","99.70"
"CBAY0039_M_D","MCHAA062-19[BOLD:AAA3750]","Arthropoda","Insecta","Diptera","Culicidae","Culicinae","Aedini","Aedes","","0","99.70"
"CBAY0039_M_D","MCHAB016-19[BOLD:AAA3750]","Arthropoda","Insecta","Diptera","Culicidae","Culicinae","Aedini","Aedes","","0","99.70"
"CBAY0039_M_D","SAPIT130-08[BOLD:AAA3750]","Arthropoda","Insecta","Diptera","Culicidae","Culicinae","Aedini","Aedes","","0","99.70"
"CBAY0039_M_D","ZERO025-11[BOLD:AAA3750]","Arthropoda","Insecta","Diptera","Culicidae","Culicinae","Aedini","Aedes","Aedes impiger","0","99.70"
"CBAY0039_M_D","DWSDW042-13[BOLD:AAA3750]","Arthropoda","Insecta","Diptera","Culicidae","Culicinae","Aedini","Aedes","Aedes nigripes","0","99.70"
"CBAY0039_M_D","GBAAN12622-25[BOLD:AAA3750]","Arthropoda","Insecta","Diptera","Culicidae","Culicinae","Aedini","Aedes","Aedes nigripes","0","99.70"
"CBAY0039_M_D","IFSV035-15[BOLD:AAA3750]","Arthropoda","Insecta","Diptera","Culicidae","Culicinae","Aedini","Aedes","Aedes nigripes","0","99.70"
"CBAY0039_M_D","JWDCE725-10[BOLD:AAA3750]","Arthropoda","Insecta","Diptera","Culicidae","Culicinae","Aedini","Aedes","Aedes nigripes","0","99.70"
"CBAY0039_M_D","JWDCF104-10[BOLD:AAA3750]","Arthropoda","Insecta","Diptera","Culicidae","Culicinae","Aedini","Aedes","Aedes nigripes","0","99.70"
"CBAY0039_M_D","JWDCF105-10[BOLD:AAA3750]","Arthropoda","Insecta","Diptera","Culicidae","Culicinae","Aedini","Aedes","Aedes nigripes","0","99.70"
"CBAY0039_M_D","JWDCF729-10[BOLD:AAA3750]","Arthropoda","Insecta","Diptera","Culicidae","Culicinae","Aedini","Aedes","Aedes nigripes","0","99.70"
"CBAY0039_M_D","NBPSI024-11[BOLD:AAA3750]","Arthropoda","Insecta","Diptera","Culicidae","Culicinae","Aedini","Aedes","Aedes nigripes","0","99.70"
"CBAY0039_M_D","NBPSI082-11[BOLD:AAA3750]","Arthropoda","Insecta","Diptera","Culicidae","Culicinae","Aedini","Aedes","Aedes nigripes","0","99.70"
"CBAY0039_M_D","SAMOS020-09[BOLD:AAA3750]","Arthropoda","Insecta","Diptera","Culicidae","Culicinae","Aedini","Aedes","Aedes nigripes","0","99.70"
"CBAY0039_M_D","ZERO032-11[BOLD:AAA3750]","Arthropoda","Insecta","Diptera","Culicidae","Culicinae","Aedini","Aedes","Aedes nigripes","0","99.70"
"CBAY0039_M_G","BCHAR2286-18[BOLD:AAA3748]","Arthropoda","Insecta","Diptera","Culicidae","Culicinae","","","","0","100.00"
"CBAY0039_M_G","FCHAR4036-19[BOLD:AAA3748]","Arthropoda","Insecta","Diptera","Culicidae","Culicinae","","","","0","100.00"
"CBAY0039_M_G","JWDCI613-10[BOLD:AAA3748]","Arthropoda","Insecta","Diptera","Culicidae","Culicinae","Aedini","Aedes","","0","100.00"
"CBAY0039_M_G","YBIVV122-23[BOLD:AAA3748]","Arthropoda","Insecta","Diptera","Culicidae","Culicinae","Aedini","Aedes","","0","100.00"
"CBAY0039_M_G","GBDCU2166-15[BOLD:AAA3748]","Arthropoda","Insecta","Diptera","Culicidae","Culicinae","Aedini","Aedes","Aedes punctor","0","100.00"
"CBAY0039_M_G","GBMNC9927-20[BOLD:AAA3748]","Arthropoda","Insecta","Diptera","Culicidae","Culicinae","Aedini","Aedes","Aedes punctor","0","100.00"
"CBAY0039_M_G","DCHAR3642-19[BOLD:AAA3748]","Arthropoda","Insecta","Diptera","Culicidae","Culicinae","","","","0","99.85"
"CBAY0039_M_G","MOSN11408-23[BOLD:AAA3748]","Arthropoda","Insecta","Diptera","Culicidae","Culicinae","Aedini","Aedes","Aedes hexodontus","0","99.85"
"CBAY0039_M_G","CULBE095-14[BOLD:AAA3748]","Arthropoda","Insecta","Diptera","Culicidae","Culicinae","Aedini","Aedes","Aedes punctor","0","99.85"
"CBAY0039_M_G","CULBE111-14[BOLD:AAA3748]","Arthropoda","Insecta","Diptera","Culicidae","Culicinae","Aedini","Aedes","Aedes punctor","0","99.85"
"CBAY0039_M_G","GBMIN57833-17[BOLD:AAA3748]","Arthropoda","Insecta","Diptera","Culicidae","Culicinae","Aedini","Aedes","Aedes punctor","0","99.85"
"CBAY0039_M_G","GBMNC9925-20[BOLD:AAA3748]","Arthropoda","Insecta","Diptera","Culicidae","Culicinae","Aedini","Aedes","Aedes punctor","0","99.23"
"CBAY0039_M_G","ACMC167-04[BOLD:AAA3748]","Arthropoda","Insecta","Diptera","Culicidae","Culicinae","Aedini","Aedes","Aedes abserratus","0","99.22"
"CBAY0039_M_G","CULPL046-26","Arthropoda","Insecta","Diptera","Culicidae","","","","","0","99.09"
"CBAY0039_M_G","MOSN13452-26","Arthropoda","Insecta","Diptera","Culicidae","Culicinae","Aedini","Aedes","Aedes punctor","0","98.48"
"CBAY0039_M_G","MOSN7424-21[BOLD:AAA3748]","Arthropoda","Insecta","Diptera","Culicidae","Culicinae","Aedini","Aedes","Aedes punctor","0","98.48"
"CBAY0039_M_G","JWDCC456-10[BOLD:AAA3748]","Arthropoda","Insecta","Diptera","Culicidae","Culicinae","Aedini","Aedes","","0","98.33"
"CBAY0039_M_G","MOSN11039-23[BOLD:AAA3748]","Arthropoda","Insecta","Diptera","Culicidae","Culicinae","Aedini","Aedes","Aedes hexodontus","0","98.33"
"CBAY0039_M_G","NEONT227-10[BOLD:AAA3748]","Arthropoda","Insecta","Diptera","Culicidae","Culicinae","Aedini","Aedes","Aedes hexodontus","0","98.33"
"CBAY0039_M_G","NEONW187-11[BOLD:AAA3748]","Arthropoda","Insecta","Diptera","Culicidae","Culicinae","Aedini","Aedes","Aedes hexodontus","0","98.33"
"CBAY0039_M_G","NEONW194-11[BOLD:AAA3748]","Arthropoda","Insecta","Diptera","Culicidae","Culicinae","Aedini","Aedes","Aedes hexodontus","0","98.33"
"CBAY0039_M_G","MOSN1731-18[BOLD:AAA3748]","Arthropoda","Insecta","Diptera","Culicidae","Culicinae","Aedini","Aedes","Aedes punctor","0","98.33"
"CBAY0039_M_G","TRDNE020-15[BOLD:AAA3748]","Arthropoda","Insecta","Diptera","Culicidae","Culicinae","Aedini","Aedes","","0","98.18"
"CBAY0039_M_G","NEONT203-10[BOLD:AAA3748]","Arthropoda","Insecta","Diptera","Culicidae","Culicinae","Aedini","Aedes","Aedes hexodontus","0","98.18"
"CBAY0039_M_G","NEONW203-11[BOLD:AAA3748]","Arthropoda","Insecta","Diptera","Culicidae","Culicinae","Aedini","Aedes","Aedes hexodontus","0","98.18"
"CBAY0040_M_H","ACHAR1954-18[BOLD:AAA3750]","Arthropoda","Insecta","Diptera","Culicidae","Culicinae","Aedini","Aedes","","0","100.00"
"CBAY0040_M_H","BCHAR413-18[BOLD:AAA3750]","Arthropoda","Insecta","Diptera","Culicidae","Culicinae","Aedini","Aedes","","0","100.00"
"CBAY0040_M_H","BCHAR635-18[BOLD:AAA3750]","Arthropoda","Insecta","Diptera","Culicidae","Culicinae","Aedini","Aedes","","0","100.00"
"CBAY0040_M_H","BCHAR773-18[BOLD:AAA3750]","Arthropoda","Insecta","Diptera","Culicidae","Culicinae","Aedini","Aedes","","0","100.00"
"CBAY0040_M_H","FCHAR9250-19[BOLD:AAA3750]","Arthropoda","Insecta","Diptera","Culicidae","Culicinae","Aedini","Aedes","","0","100.00"
"CBAY0040_M_H","MCHAA1038-19[BOLD:AAA3750]","Arthropoda","Insecta","Diptera","Culicidae","Culicinae","Aedini","Aedes","","0","100.00"
"CBAY0040_M_H","MCHAA164-19[BOLD:AAA3750]","Arthropoda","Insecta","Diptera","Culicidae","Culicinae","Aedini","Aedes","","0","100.00"
"CBAY0040_M_H","MCHAC1258-19[BOLD:AAA3750]","Arthropoda","Insecta","Diptera","Culicidae","Culicinae","Aedini","Aedes","","0","100.00"
"CBAY0040_M_H","BCHAR717-18[BOLD:AAA3750]","Arthropoda","Insecta","Diptera","Culicidae","Culicinae","Aedini","Aedes","","0","99.85"
"CBAY0040_M_H","DCHAR1231-19[BOLD:AAA3750]","Arthropoda","Insecta","Diptera","Culicidae","Culicinae","Aedini","Aedes","","0","99.85"
"CBAY0040_M_H","MCHAA215-19[BOLD:AAA3750]","Arthropoda","Insecta","Diptera","Culicidae","Culicinae","Aedini","Aedes","","0","99.85"
"CBAY0040_M_H","MCHAC1555-19[BOLD:AAA3750]","Arthropoda","Insecta","Diptera","Culicidae","Culicinae","Aedini","Aedes","","0","99.85"
"CBAY0040_M_H","MCHAE1405-19[BOLD:AAA3750]","Arthropoda","Insecta","Diptera","Culicidae","Culicinae","Aedini","Aedes","","0","99.85"
"CBAY0040_M_H","POLCO4249-20[BOLD:AAA3750]","Arthropoda","Insecta","Diptera","Culicidae","Culicinae","Aedini","Aedes","","0","99.85"
"CBAY0040_M_H","ABWYT31267-24[BOLD:AAA3750]","Arthropoda","Insecta","Diptera","Culicidae","Culicinae","Aedini","Aedes","","0","99.70"
"CBAY0040_M_H","GBMNE29326-21[BOLD:AAA3750]","Arthropoda","Insecta","Diptera","Culicidae","Culicinae","Aedini","Aedes","","0","99.70"
"CBAY0040_M_H","MCHAA218-19[BOLD:AAA3750]","Arthropoda","Insecta","Diptera","Culicidae","Culicinae","Aedini","Aedes","","0","99.70"
"CBAY0040_M_H","SAPIT099-08[BOLD:AAA3750]","Arthropoda","Insecta","Diptera","Culicidae","Culicinae","Aedini","Aedes","","0","99.70"
"CBAY0040_M_H","MOSN13601-26","Arthropoda","Insecta","Diptera","Culicidae","Culicinae","Aedini","Aedes","Aedes implicatus","0","99.70"
"CBAY0040_M_H","JWDCE145-10[BOLD:AAA3750]","Arthropoda","Insecta","Diptera","Culicidae","Culicinae","Aedini","Aedes","Aedes nigripes","0","99.70"
"CBAY0040_M_H","JWDCE171-10[BOLD:AAA3750]","Arthropoda","Insecta","Diptera","Culicidae","Culicinae","Aedini","Aedes","Aedes nigripes","0","99.70"
"CBAY0040_M_H","AEDNA900-12[BOLD:AAA3750]","Arthropoda","Insecta","Diptera","Culicidae","Culicinae","Aedini","Aedes","","0","99.54"
"CBAY0040_M_H","NBPSI080-11[BOLD:AAA3750]","Arthropoda","Insecta","Diptera","Culicidae","Culicinae","Aedini","Aedes","Aedes nigripes","0","99.54"
"CBAY0040_M_H","NBPSI082-11[BOLD:AAA3750]","Arthropoda","Insecta","Diptera","Culicidae","Culicinae","Aedini","Aedes","Aedes nigripes","0","99.54"
"CBAY0040_M_H","ZERO032-11[BOLD:AAA3750]","Arthropoda","Insecta","Diptera","Culicidae","Culicinae","Aedini","Aedes","Aedes nigripes","0","99.54"
"CBAY0043_M_A","BCHAR1188-18[BOLD:AAA3750]","Arthropoda","Insecta","Diptera","Culicidae","Culicinae","Aedini","Aedes","","0","100.00"
"CBAY0043_M_A","BCHAR1418-18[BOLD:AAA3750]","Arthropoda","Insecta","Diptera","Culicidae","Culicinae","Aedini","Aedes","","0","100.00"
"CBAY0043_M_A","BCHAR203-18[BOLD:AAA3750]","Arthropoda","Insecta","Diptera","Culicidae","Culicinae","Aedini","Aedes","","0","100.00"
"CBAY0043_M_A","BCHAR590-18[BOLD:AAA3750]","Arthropoda","Insecta","Diptera","Culicidae","Culicinae","Aedini","Aedes","","0","100.00"
"CBAY0043_M_A","BCHAR630-18[BOLD:AAA3750]","Arthropoda","Insecta","Diptera","Culicidae","Culicinae","Aedini","Aedes","","0","100.00"
"CBAY0043_M_A","BCHAR711-18[BOLD:AAA3750]","Arthropoda","Insecta","Diptera","Culicidae","Culicinae","Aedini","Aedes","","0","100.00"
"CBAY0043_M_A","CCHAR3374-19[BOLD:AAA3750]","Arthropoda","Insecta","Diptera","Culicidae","Culicinae","Aedini","Aedes","","0","100.00"
"CBAY0043_M_A","DCHAR1014-19[BOLD:AAA3750]","Arthropoda","Insecta","Diptera","Culicidae","Culicinae","Aedini","Aedes","","0","100.00"
"CBAY0043_M_A","FCHAR8659-19[BOLD:AAA3750]","Arthropoda","Insecta","Diptera","Culicidae","Culicinae","Aedini","Aedes","","0","100.00"
"CBAY0043_M_A","FCHAR8833-19[BOLD:AAA3750]","Arthropoda","Insecta","Diptera","Culicidae","Culicinae","Aedini","Aedes","","0","100.00"
"CBAY0043_M_A","GJOA2164-21[BOLD:AAA3750]","Arthropoda","Insecta","Diptera","Culicidae","Culicinae","Aedini","Aedes","","0","100.00"
"CBAY0043_M_A","MCHAA154-19[BOLD:AAA3750]","Arthropoda","Insecta","Diptera","Culicidae","Culicinae","Aedini","Aedes","","0","100.00"
"CBAY0043_M_A","MCHAA1549-19[BOLD:AAA3750]","Arthropoda","Insecta","Diptera","Culicidae","Culicinae","Aedini","Aedes","","0","100.00"
"CBAY0043_M_A","MCHAA166-19[BOLD:AAA3750]","Arthropoda","Insecta","Diptera","Culicidae","Culicinae","Aedini","Aedes","","0","100.00"
"CBAY0043_M_A","MCHAC1382-19[BOLD:AAA3750]","Arthropoda","Insecta","Diptera","Culicidae","Culicinae","Aedini","Aedes","","0","100.00"
"CBAY0043_M_A","MCHAC1500-19[BOLD:AAA3750]","Arthropoda","Insecta","Diptera","Culicidae","Culicinae","Aedini","Aedes","","0","100.00"
"CBAY0043_M_A","MCHAC2000-19[BOLD:AAA3750]","Arthropoda","Insecta","Diptera","Culicidae","Culicinae","Aedini","Aedes","","0","100.00"
"CBAY0043_M_A","MCHAC924-19[BOLD:AAA3750]","Arthropoda","Insecta","Diptera","Culicidae","Culicinae","Aedini","Aedes","","0","100.00"
"CBAY0043_M_A","POLCO3443-20[BOLD:AAA3750]","Arthropoda","Insecta","Diptera","Culicidae","Culicinae","Aedini","Aedes","","0","100.00"
"CBAY0043_M_A","POLCO4405-20[BOLD:AAA3750]","Arthropoda","Insecta","Diptera","Culicidae","Culicinae","Aedini","Aedes","","0","100.00"
"CBAY0043_M_A","NBPSI006-11[BOLD:AAA3750]","Arthropoda","Insecta","Diptera","Culicidae","Culicinae","Aedini","Aedes","Aedes impiger","0","100.00"
"CBAY0043_M_A","KUGA565-21[BOLD:AAA3750]","Arthropoda","Insecta","Diptera","Culicidae","Culicinae","Aedini","Aedes","","0","99.85"
"CBAY0043_M_A","MCHAD962-19[BOLD:AAA3750]","Arthropoda","Insecta","Diptera","Culicidae","Culicinae","Aedini","Aedes","","0","99.85"
"CBAY0043_M_A","MCHAE052-19[BOLD:AAA3750]","Arthropoda","Insecta","Diptera","Culicidae","Culicinae","Aedini","Aedes","","0","99.85"
"CBAY0043_M_A","NBPSI018-11[BOLD:AAA3750]","Arthropoda","Insecta","Diptera","Culicidae","Culicinae","Aedini","Aedes","Aedes impiger","0","99.85"
"CBAY0043_M_E","JWDCF444-10[BOLD:AAA3748]","Arthropoda","Insecta","Diptera","Culicidae","Culicinae","Aedini","Aedes","Aedes hexodontus","0","100.00"
"CBAY0043_M_E","GBDCU1095-14[BOLD:AAA3748]","Arthropoda","Insecta","Diptera","Culicidae","Culicinae","Aedini","Aedes","Aedes punctor","0","100.00"
"CBAY0043_M_E","MOSN12477-24[BOLD:AAA3748]","Arthropoda","Insecta","Diptera","Culicidae","Culicinae","Aedini","Aedes","Aedes punctor","0","100.00"
"CBAY0043_M_E","SIIP13437-24[BOLD:AAA3748]","Arthropoda","Insecta","Diptera","Culicidae","","","","","0","99.85"
"CBAY0043_M_E","SIIP4831-24[BOLD:AAA3748]","Arthropoda","Insecta","Diptera","Culicidae","","","","","0","99.85"
"CBAY0043_M_E","FCHAR8616-19[BOLD:AAA3748]","Arthropoda","Insecta","Diptera","Culicidae","Culicinae","","","","0","99.85"
"CBAY0043_M_E","FCHAR8625-19[BOLD:AAA3748]","Arthropoda","Insecta","Diptera","Culicidae","Culicinae","","","","0","99.85"
"CBAY0043_M_E","GBMNE29317-21[BOLD:AAA3748]","Arthropoda","Insecta","Diptera","Culicidae","Culicinae","Aedini","","","0","99.85"
"CBAY0043_M_E","AEDNA869-12[BOLD:AAA3748]","Arthropoda","Insecta","Diptera","Culicidae","Culicinae","Aedini","Aedes","","0","99.85"
"CBAY0043_M_E","DIPFI112-12[BOLD:AAA3748]","Arthropoda","Insecta","Diptera","Culicidae","Culicinae","Aedini","Aedes","","0","99.85"
"CBAY0043_M_E","MCHAE1435-19[BOLD:AAA3748]","Arthropoda","Insecta","Diptera","Culicidae","Culicinae","Aedini","Aedes","","0","99.85"
"CBAY0043_M_E","AMMC020-07[BOLD:AAA3748]","Arthropoda","Insecta","Diptera","Culicidae","Culicinae","Aedini","Aedes","Aedes hexodontus","0","99.85"
"CBAY0043_M_E","MHMOS074-07[BOLD:AAA3748]","Arthropoda","Insecta","Diptera","Culicidae","Culicinae","Aedini","Aedes","Aedes hexodontus","0","99.85"
"CBAY0043_M_E","MOSN1885-18[BOLD:AAA3748]","Arthropoda","Insecta","Diptera","Culicidae","Culicinae","Aedini","Aedes","Aedes hexodontus","0","99.85"
"CBAY0043_M_E","MOSN1947-18[BOLD:AAA3748]","Arthropoda","Insecta","Diptera","Culicidae","Culicinae","Aedini","Aedes","Aedes hexodontus","0","99.85"
"CBAY0043_M_E","MOSN5808-20[BOLD:AAA3748]","Arthropoda","Insecta","Diptera","Culicidae","Culicinae","Aedini","Aedes","Aedes hexodontus","0","99.85"
"CBAY0043_M_E","MOSN5815-20[BOLD:AAA3748]","Arthropoda","Insecta","Diptera","Culicidae","Culicinae","Aedini","Aedes","Aedes hexodontus","0","99.85"
"CBAY0043_M_E","CULBE102-14[BOLD:AAA3748]","Arthropoda","Insecta","Diptera","Culicidae","Culicinae","Aedini","Aedes","Aedes punctor","0","99.85"
"CBAY0043_M_E","MOSN13014-25[BOLD:AAA3748]","Arthropoda","Insecta","Diptera","Culicidae","Culicinae","Aedini","Aedes","Aedes punctor","0","99.85"
"CBAY0043_M_E","SIIP10650-24[BOLD:AAA3748]","Arthropoda","Insecta","Diptera","Culicidae","","","","","0","99.70"
"CBAY0043_M_E","SIIP2929-24[BOLD:AAA3748]","Arthropoda","Insecta","Diptera","Culicidae","","","","","0","99.70"
"CBAY0043_M_E","SIIP4634-24[BOLD:AAA3748]","Arthropoda","Insecta","Diptera","Culicidae","","","","","0","99.70"
"CBAY0043_M_E","TRDNE021-15[BOLD:AAA3748]","Arthropoda","Insecta","Diptera","Culicidae","Culicinae","Aedini","Aedes","","0","99.70"
"CBAY0043_M_E","TRDNE029-15[BOLD:AAA3748]","Arthropoda","Insecta","Diptera","Culicidae","Culicinae","Aedini","Aedes","","0","99.70"
"CBAY0043_M_E","SAMOS057-09[BOLD:AAA3748]","Arthropoda","Insecta","Diptera","Culicidae","Culicinae","Aedini","Aedes","Aedes hexodontus","0","99.70"
"CBAY0045_M_C","AKLEP1307-26","Arthropoda","Insecta","Diptera","Culicidae","","","","","0","99.85"
"CBAY0045_M_C","ABINP5358-21[BOLD:AAA3748]","Arthropoda","Insecta","Diptera","Culicidae","Culicinae","Aedini","Aedes","","0","99.85"
"CBAY0045_M_C","AEDNA864-12[BOLD:AAA3748]","Arthropoda","Insecta","Diptera","Culicidae","Culicinae","Aedini","Aedes","","0","99.85"
"CBAY0045_M_C","AEDNA902-12[BOLD:AAA3748]","Arthropoda","Insecta","Diptera","Culicidae","Culicinae","Aedini","Aedes","","0","99.85"
"CBAY0045_M_C","KUGA498-21[BOLD:AAA3748]","Arthropoda","Insecta","Diptera","Culicidae","Culicinae","Aedini","Aedes","","0","99.85"
"CBAY0045_M_C","MCHAD1270-19[BOLD:AAA3748]","Arthropoda","Insecta","Diptera","Culicidae","Culicinae","Aedini","Aedes","","0","99.85"
"CBAY0045_M_C","MCHAD150-19[BOLD:AAA3748]","Arthropoda","Insecta","Diptera","Culicidae","Culicinae","Aedini","Aedes","","0","99.85"
"CBAY0045_M_C","AKLEP1108-25[BOLD:AAA3748]","Arthropoda","Insecta","Diptera","Culicidae","Culicinae","Aedini","Aedes","Aedes abserratus","0","99.85"
"CBAY0045_M_C","AMMC077-07[BOLD:AAA3748]","Arthropoda","Insecta","Diptera","Culicidae","Culicinae","Aedini","Aedes","Aedes abserratus","0","99.85"
"CBAY0045_M_C","GBDP51845-19[BOLD:AAA3748]","Arthropoda","Insecta","Diptera","Culicidae","Culicinae","Aedini","Aedes","Aedes abserratus","0","99.85"
"CBAY0045_M_C","MHMOS084-07[BOLD:AAA3748]","Arthropoda","Insecta","Diptera","Culicidae","Culicinae","Aedini","Aedes","Aedes abserratus","0","99.85"
"CBAY0045_M_C","MHMOS085-07[BOLD:AAA3748]","Arthropoda","Insecta","Diptera","Culicidae","Culicinae","Aedini","Aedes","Aedes abserratus","0","99.85"
"CBAY0045_M_C","MOSN10225-23[BOLD:AAA3748]","Arthropoda","Insecta","Diptera","Culicidae","Culicinae","Aedini","Aedes","Aedes communis","0","99.85"
"CBAY0045_M_C","NEONU2141-13[BOLD:AAA3748]","Arthropoda","Insecta","Diptera","Culicidae","Culicinae","Aedini","Aedes","Aedes decticus","0","99.85"
"CBAY0045_M_C","MOSN4584-20[BOLD:AAA3748]","Arthropoda","Insecta","Diptera","Culicidae","Culicinae","Aedini","Aedes","Aedes diantaeus","0","99.85"
"CBAY0045_M_C","MOSN1993-18[BOLD:AAA3748]","Arthropoda","Insecta","Diptera","Culicidae","Culicinae","Aedini","Aedes","Aedes hexodontus","0","99.85"
"CBAY0045_M_C","NEONU2139-13[BOLD:AAA3748]","Arthropoda","Insecta","Diptera","Culicidae","Culicinae","Aedini","Aedes","Aedes intrudens","0","99.85"
"CBAY0045_M_C","MOSN12999-25[BOLD:AAA3748]","Arthropoda","Insecta","Diptera","Culicidae","Culicinae","Aedini","Aedes","Aedes nigripes","0","99.85"
"CBAY0045_M_C","JSDIQ006-10[BOLD:AAA3748]","Arthropoda","Insecta","Diptera","Culicidae","Culicinae","Aedini","Aedes","Aedes pionips","0","99.85"
"CBAY0045_M_C","NBPSI074-11[BOLD:AAA3748]","Arthropoda","Insecta","Diptera","Culicidae","Culicinae","Aedini","Aedes","Aedes pionips","0","99.85"
"CBAY0045_M_C","GBMND38915-21[BOLD:AAA3748]","Arthropoda","Insecta","Diptera","Culicidae","Culicinae","Aedini","Aedes","Aedes punctor","0","99.85"
"CBAY0045_M_C","MOSN10253-23[BOLD:AAA3748]","Arthropoda","Insecta","Diptera","Culicidae","Culicinae","Aedini","Aedes","Aedes punctor","0","99.85"
"CBAY0045_M_C","NBPSI075-11[BOLD:AAA3748]","Arthropoda","Insecta","Diptera","Culicidae","Culicinae","Aedini","Aedes","Aedes sp.","0","99.85"
"CBAY0045_M_C","AEDNA871-12[BOLD:AAA3748]","Arthropoda","Insecta","Diptera","Culicidae","Culicinae","Aedini","Aedes","","0","99.70"
"CBAY0045_M_C","UAMIC868-13[BOLD:AAA3748]","Arthropoda","Insecta","Diptera","Culicidae","Culicinae","Aedini","Aedes","Aedes abserratus","0","99.70"
"CBAY0048_M_A","BCHAR1190-18[BOLD:AAA3750]","Arthropoda","Insecta","Diptera","Culicidae","Culicinae","Aedini","Aedes","","0","100.00"
"CBAY0048_M_A","DCHAR1240-19[BOLD:AAA3750]","Arthropoda","Insecta","Diptera","Culicidae","Culicinae","Aedini","Aedes","","0","100.00"
"CBAY0048_M_A","DCHAR3912-19[BOLD:AAA3750]","Arthropoda","Insecta","Diptera","Culicidae","Culicinae","Aedini","Aedes","","0","100.00"
"CBAY0048_M_A","DNARB2956-23[BOLD:AAA3750]","Arthropoda","Insecta","Diptera","Culicidae","Culicinae","Aedini","Aedes","","0","100.00"
"CBAY0048_M_A","CCHAR5194-19[BOLD:AAA3750]","Arthropoda","Insecta","Diptera","Culicidae","Culicinae","Aedini","Aedes","","0","99.85"
"CBAY0048_M_A","MCHAB424-19[BOLD:AAA3750]","Arthropoda","Insecta","Diptera","Culicidae","Culicinae","Aedini","Aedes","","0","99.85"
"CBAY0048_M_A","MCHAC1711-19[BOLD:AAA3750]","Arthropoda","Insecta","Diptera","Culicidae","Culicinae","Aedini","Aedes","","0","99.85"
"CBAY0048_M_A","MOSN12455-24[BOLD:AAA3750]","Arthropoda","Insecta","Diptera","Culicidae","Culicinae","Aedini","Aedes","Aedes nigripes","0","99.70"
"CBAY0048_M_A","MOSN3749-19[BOLD:AAA3750]","Arthropoda","Insecta","Diptera","Culicidae","Culicinae","Aedini","Aedes","Aedes nigripes","0","99.70"
"CBAY0048_M_A","BCHAR1180-18[BOLD:AAA3750]","Arthropoda","Insecta","Diptera","Culicidae","Culicinae","Aedini","Aedes","","0","99.69"
"CBAY0048_M_A","CCHAR5177-19[BOLD:AAA3750]","Arthropoda","Insecta","Diptera","Culicidae","Culicinae","Aedini","Aedes","","0","99.69"
"CBAY0048_M_A","MCHAC1531-19[BOLD:AAA3750]","Arthropoda","Insecta","Diptera","Culicidae","Culicinae","Aedini","Aedes","","0","99.69"
"CBAY0048_M_A","MCHAE118-19[BOLD:AAA3750]","Arthropoda","Insecta","Diptera","Culicidae","Culicinae","Aedini","Aedes","","0","99.69"
"CBAY0048_M_A","MCHAE390-19[BOLD:AAA3750]","Arthropoda","Insecta","Diptera","Culicidae","Culicinae","Aedini","Aedes","","0","99.69"
"CBAY0048_M_A","FCHAR8659-19[BOLD:AAA3750]","Arthropoda","Insecta","Diptera","Culicidae","Culicinae","Aedini","Aedes","","0","99.54"
"CBAY0048_M_A","FCHAR8833-19[BOLD:AAA3750]","Arthropoda","Insecta","Diptera","Culicidae","Culicinae","Aedini","Aedes","","0","99.54"
"CBAY0048_M_A","MCHAA1549-19[BOLD:AAA3750]","Arthropoda","Insecta","Diptera","Culicidae","Culicinae","Aedini","Aedes","","0","99.54"
"CBAY0048_M_A","MCHAC924-19[BOLD:AAA3750]","Arthropoda","Insecta","Diptera","Culicidae","Culicinae","Aedini","Aedes","","0","99.54"
"CBAY0048_M_A","POLCO4226-20[BOLD:AAA3750]","Arthropoda","Insecta","Diptera","Culicidae","Culicinae","Aedini","Aedes","","0","99.54"
"CBAY0048_M_A","NBPSI006-11[BOLD:AAA3750]","Arthropoda","Insecta","Diptera","Culicidae","Culicinae","Aedini","Aedes","Aedes impiger","0","99.54"
"CBAY0048_M_A","JWDCF104-10[BOLD:AAA3750]","Arthropoda","Insecta","Diptera","Culicidae","Culicinae","Aedini","Aedes","Aedes nigripes","0","99.54"
"CBAY0048_M_A","MOSN12472-24[BOLD:AAA3750]","Arthropoda","Insecta","Diptera","Culicidae","Culicinae","Aedini","Aedes","Aedes nigripes","0","99.54"
"CBAY0048_M_A","MOSN7563-21[BOLD:AAA3750]","Arthropoda","Insecta","Diptera","Culicidae","Culicinae","Aedini","Aedes","Aedes ventrovittis","0","99.54"
"CBAY0048_M_A","MOSN7564-21[BOLD:AAA3750]","Arthropoda","Insecta","Diptera","Culicidae","Culicinae","Aedini","Aedes","Aedes ventrovittis","0","99.54"
"CBAY0048_M_A","NBPSI080-11[BOLD:AAA3750]","Arthropoda","Insecta","Diptera","Culicidae","Culicinae","Aedini","Aedes","Aedes nigripes","0","99.39"
"CBAY0051_M_A","AKLEP1307-26","Arthropoda","Insecta","Diptera","Culicidae","","","","","0","100.00"
"CBAY0051_M_A","ABINP5358-21[BOLD:AAA3748]","Arthropoda","Insecta","Diptera","Culicidae","Culicinae","Aedini","Aedes","","0","100.00"
"CBAY0051_M_A","AEDNA864-12[BOLD:AAA3748]","Arthropoda","Insecta","Diptera","Culicidae","Culicinae","Aedini","Aedes","","0","100.00"
"CBAY0051_M_A","AEDNA902-12[BOLD:AAA3748]","Arthropoda","Insecta","Diptera","Culicidae","Culicinae","Aedini","Aedes","","0","100.00"
"CBAY0051_M_A","KUGA498-21[BOLD:AAA3748]","Arthropoda","Insecta","Diptera","Culicidae","Culicinae","Aedini","Aedes","","0","100.00"
"CBAY0051_M_A","MCHAD1270-19[BOLD:AAA3748]","Arthropoda","Insecta","Diptera","Culicidae","Culicinae","Aedini","Aedes","","0","100.00"
"CBAY0051_M_A","MCHAD150-19[BOLD:AAA3748]","Arthropoda","Insecta","Diptera","Culicidae","Culicinae","Aedini","Aedes","","0","100.00"
"CBAY0051_M_A","AKLEP1108-25[BOLD:AAA3748]","Arthropoda","Insecta","Diptera","Culicidae","Culicinae","Aedini","Aedes","Aedes abserratus","0","100.00"
"CBAY0051_M_A","AMMC077-07[BOLD:AAA3748]","Arthropoda","Insecta","Diptera","Culicidae","Culicinae","Aedini","Aedes","Aedes abserratus","0","100.00"
"CBAY0051_M_A","GBDP51845-19[BOLD:AAA3748]","Arthropoda","Insecta","Diptera","Culicidae","Culicinae","Aedini","Aedes","Aedes abserratus","0","100.00"
"CBAY0051_M_A","MHMOS085-07[BOLD:AAA3748]","Arthropoda","Insecta","Diptera","Culicidae","Culicinae","Aedini","Aedes","Aedes abserratus","0","100.00"
"CBAY0051_M_A","MOSN10225-23[BOLD:AAA3748]","Arthropoda","Insecta","Diptera","Culicidae","Culicinae","Aedini","Aedes","Aedes communis","0","100.00"
"CBAY0051_M_A","NEONU2141-13[BOLD:AAA3748]","Arthropoda","Insecta","Diptera","Culicidae","Culicinae","Aedini","Aedes","Aedes decticus","0","100.00"
"CBAY0051_M_A","MOSN4584-20[BOLD:AAA3748]","Arthropoda","Insecta","Diptera","Culicidae","Culicinae","Aedini","Aedes","Aedes diantaeus","0","100.00"
"CBAY0051_M_A","MOSN1993-18[BOLD:AAA3748]","Arthropoda","Insecta","Diptera","Culicidae","Culicinae","Aedini","Aedes","Aedes hexodontus","0","100.00"
"CBAY0051_M_A","NEONU2139-13[BOLD:AAA3748]","Arthropoda","Insecta","Diptera","Culicidae","Culicinae","Aedini","Aedes","Aedes intrudens","0","100.00"
"CBAY0051_M_A","MOSN12999-25[BOLD:AAA3748]","Arthropoda","Insecta","Diptera","Culicidae","Culicinae","Aedini","Aedes","Aedes nigripes","0","100.00"
"CBAY0051_M_A","JSDIQ006-10[BOLD:AAA3748]","Arthropoda","Insecta","Diptera","Culicidae","Culicinae","Aedini","Aedes","Aedes pionips","0","100.00"
"CBAY0051_M_A","NBPSI074-11[BOLD:AAA3748]","Arthropoda","Insecta","Diptera","Culicidae","Culicinae","Aedini","Aedes","Aedes pionips","0","100.00"
"CBAY0051_M_A","GBMND38915-21[BOLD:AAA3748]","Arthropoda","Insecta","Diptera","Culicidae","Culicinae","Aedini","Aedes","Aedes punctor","0","100.00"
"CBAY0051_M_A","MOSN10253-23[BOLD:AAA3748]","Arthropoda","Insecta","Diptera","Culicidae","Culicinae","Aedini","Aedes","Aedes punctor","0","100.00"
"CBAY0051_M_A","NBPSI075-11[BOLD:AAA3748]","Arthropoda","Insecta","Diptera","Culicidae","Culicinae","Aedini","Aedes","Aedes sp.","0","100.00"
"CBAY0051_M_A","AEDNA871-12[BOLD:AAA3748]","Arthropoda","Insecta","Diptera","Culicidae","Culicinae","Aedini","Aedes","","0","99.85"
"CBAY0051_M_A","UAMIC868-13[BOLD:AAA3748]","Arthropoda","Insecta","Diptera","Culicidae","Culicinae","Aedini","Aedes","Aedes abserratus","0","99.85"
"CBAY0051_M_A","UAMIC871-13[BOLD:AAA3748]","Arthropoda","Insecta","Diptera","Culicidae","Culicinae","Aedini","Aedes","Aedes nigripes","0","99.85"
"CBAY0051_M_B","ACHAR1813-18[BOLD:AAA3750]","Arthropoda","Insecta","Diptera","Culicidae","Culicinae","Aedini","Aedes","","0","100.00"
"CBAY0051_M_B","BCHAR102-18[BOLD:AAA3750]","Arthropoda","Insecta","Diptera","Culicidae","Culicinae","Aedini","Aedes","","0","100.00"
"CBAY0051_M_B","BCHAR1417-18[BOLD:AAA3750]","Arthropoda","Insecta","Diptera","Culicidae","Culicinae","Aedini","Aedes","","0","100.00"
"CBAY0051_M_B","BCHAR2232-18[BOLD:AAA3750]","Arthropoda","Insecta","Diptera","Culicidae","Culicinae","Aedini","Aedes","","0","100.00"
"CBAY0051_M_B","BCHAR598-18[BOLD:AAA3750]","Arthropoda","Insecta","Diptera","Culicidae","Culicinae","Aedini","Aedes","","0","100.00"
"CBAY0051_M_B","BCHAR966-18[BOLD:AAA3750]","Arthropoda","Insecta","Diptera","Culicidae","Culicinae","Aedini","Aedes","","0","100.00"
"CBAY0051_M_B","CBAYA3077-22[BOLD:AAA3750]","Arthropoda","Insecta","Diptera","Culicidae","Culicinae","Aedini","Aedes","","0","100.00"
"CBAY0051_M_B","CCHAR5122-19[BOLD:AAA3750]","Arthropoda","Insecta","Diptera","Culicidae","Culicinae","Aedini","Aedes","","0","100.00"
"CBAY0051_M_B","DCHAR990-19[BOLD:AAA3750]","Arthropoda","Insecta","Diptera","Culicidae","Culicinae","Aedini","Aedes","","0","100.00"
"CBAY0051_M_B","FCHAR8966-19[BOLD:AAA3750]","Arthropoda","Insecta","Diptera","Culicidae","Culicinae","Aedini","Aedes","","0","100.00"
"CBAY0051_M_B","FCHAR9271-19[BOLD:AAA3750]","Arthropoda","Insecta","Diptera","Culicidae","Culicinae","Aedini","Aedes","","0","100.00"
"CBAY0051_M_B","KUGA527-21[BOLD:AAA3750]","Arthropoda","Insecta","Diptera","Culicidae","Culicinae","Aedini","Aedes","","0","100.00"
"CBAY0051_M_B","MCHAA131-19[BOLD:AAA3750]","Arthropoda","Insecta","Diptera","Culicidae","Culicinae","Aedini","Aedes","","0","100.00"
"CBAY0051_M_B","MCHAB016-19[BOLD:AAA3750]","Arthropoda","Insecta","Diptera","Culicidae","Culicinae","Aedini","Aedes","","0","100.00"
"CBAY0051_M_B","MCHAC1227-19[BOLD:AAA3750]","Arthropoda","Insecta","Diptera","Culicidae","Culicinae","Aedini","Aedes","","0","100.00"
"CBAY0051_M_B","MCHAC1662-19[BOLD:AAA3750]","Arthropoda","Insecta","Diptera","Culicidae","Culicinae","Aedini","Aedes","","0","100.00"
"CBAY0051_M_B","SAPIT130-08[BOLD:AAA3750]","Arthropoda","Insecta","Diptera","Culicidae","Culicinae","Aedini","Aedes","","0","100.00"
"CBAY0051_M_B","JWDCE725-10[BOLD:AAA3750]","Arthropoda","Insecta","Diptera","Culicidae","Culicinae","Aedini","Aedes","Aedes nigripes","0","100.00"
"CBAY0051_M_B","ABWYT31267-24[BOLD:AAA3750]","Arthropoda","Insecta","Diptera","Culicidae","Culicinae","Aedini","Aedes","","0","99.85"
"CBAY0051_M_B","GBMNE29326-21[BOLD:AAA3750]","Arthropoda","Insecta","Diptera","Culicidae","Culicinae","Aedini","Aedes","","0","99.85"
"CBAY0051_M_B","MCHAA218-19[BOLD:AAA3750]","Arthropoda","Insecta","Diptera","Culicidae","Culicinae","Aedini","Aedes","","0","99.85"
"CBAY0051_M_B","MCHAA932-19[BOLD:AAA3750]","Arthropoda","Insecta","Diptera","Culicidae","Culicinae","Aedini","Aedes","","0","99.85"
"CBAY0051_M_B","MOSN13601-26","Arthropoda","Insecta","Diptera","Culicidae","Culicinae","Aedini","Aedes","Aedes implicatus","0","99.85"
"CBAY0051_M_B","JWDCE171-10[BOLD:AAA3750]","Arthropoda","Insecta","Diptera","Culicidae","Culicinae","Aedini","Aedes","Aedes nigripes","0","99.85"
"CBAY0051_M_B","NBPSI082-11[BOLD:AAA3750]","Arthropoda","Insecta","Diptera","Culicidae","Culicinae","Aedini","Aedes","Aedes nigripes","0","99.70"
"CBAY0051_M_C","ABWYT31267-24[BOLD:AAA3750]","Arthropoda","Insecta","Diptera","Culicidae","Culicinae","Aedini","Aedes","","0","100.00"
"CBAY0051_M_C","DCHAR991-19[BOLD:AAA3750]","Arthropoda","Insecta","Diptera","Culicidae","Culicinae","Aedini","Aedes","","0","100.00"
"CBAY0051_M_C","FCHAR4726-19[BOLD:AAA3750]","Arthropoda","Insecta","Diptera","Culicidae","Culicinae","Aedini","Aedes","","0","100.00"
"CBAY0051_M_C","FCHAR7442-19[BOLD:AAA3750]","Arthropoda","Insecta","Diptera","Culicidae","Culicinae","Aedini","Aedes","","0","100.00"
"CBAY0051_M_C","GBMNE29326-21[BOLD:AAA3750]","Arthropoda","Insecta","Diptera","Culicidae","Culicinae","Aedini","Aedes","","0","100.00"
"CBAY0051_M_C","MCHAA218-19[BOLD:AAA3750]","Arthropoda","Insecta","Diptera","Culicidae","Culicinae","Aedini","Aedes","","0","100.00"
"CBAY0051_M_C","MOSN13601-26","Arthropoda","Insecta","Diptera","Culicidae","Culicinae","Aedini","Aedes","Aedes implicatus","0","100.00"
"CBAY0051_M_C","JWDCE171-10[BOLD:AAA3750]","Arthropoda","Insecta","Diptera","Culicidae","Culicinae","Aedini","Aedes","Aedes nigripes","0","100.00"
"CBAY0051_M_C","AEDNA900-12[BOLD:AAA3750]","Arthropoda","Insecta","Diptera","Culicidae","Culicinae","Aedini","Aedes","","0","99.85"
"CBAY0051_M_C","DARC233-10[BOLD:AAA3750]","Arthropoda","Insecta","Diptera","Culicidae","Culicinae","Aedini","Aedes","","0","99.85"
"CBAY0051_M_C","MCHAA062-19[BOLD:AAA3750]","Arthropoda","Insecta","Diptera","Culicidae","Culicinae","Aedini","Aedes","","0","99.85"
"CBAY0051_M_C","MCHAB016-19[BOLD:AAA3750]","Arthropoda","Insecta","Diptera","Culicidae","Culicinae","Aedini","Aedes","","0","99.85"
"CBAY0051_M_C","SAPIT130-08[BOLD:AAA3750]","Arthropoda","Insecta","Diptera","Culicidae","Culicinae","Aedini","Aedes","","0","99.85"
"CBAY0051_M_C","ZERO025-11[BOLD:AAA3750]","Arthropoda","Insecta","Diptera","Culicidae","Culicinae","Aedini","Aedes","Aedes impiger","0","99.85"
"CBAY0051_M_C","DWSDW042-13[BOLD:AAA3750]","Arthropoda","Insecta","Diptera","Culicidae","Culicinae","Aedini","Aedes","Aedes nigripes","0","99.85"
"CBAY0051_M_C","GBAAN12622-25[BOLD:AAA3750]","Arthropoda","Insecta","Diptera","Culicidae","Culicinae","Aedini","Aedes","Aedes nigripes","0","99.85"
"CBAY0051_M_C","IFSV035-15[BOLD:AAA3750]","Arthropoda","Insecta","Diptera","Culicidae","Culicinae","Aedini","Aedes","Aedes nigripes","0","99.85"
"CBAY0051_M_C","JWDCE725-10[BOLD:AAA3750]","Arthropoda","Insecta","Diptera","Culicidae","Culicinae","Aedini","Aedes","Aedes nigripes","0","99.85"
"CBAY0051_M_C","JWDCF104-10[BOLD:AAA3750]","Arthropoda","Insecta","Diptera","Culicidae","Culicinae","Aedini","Aedes","Aedes nigripes","0","99.85"
"CBAY0051_M_C","JWDCF105-10[BOLD:AAA3750]","Arthropoda","Insecta","Diptera","Culicidae","Culicinae","Aedini","Aedes","Aedes nigripes","0","99.85"
"CBAY0051_M_C","JWDCF729-10[BOLD:AAA3750]","Arthropoda","Insecta","Diptera","Culicidae","Culicinae","Aedini","Aedes","Aedes nigripes","0","99.85"
"CBAY0051_M_C","NBPSI024-11[BOLD:AAA3750]","Arthropoda","Insecta","Diptera","Culicidae","Culicinae","Aedini","Aedes","Aedes nigripes","0","99.85"
"CBAY0051_M_C","NBPSI082-11[BOLD:AAA3750]","Arthropoda","Insecta","Diptera","Culicidae","Culicinae","Aedini","Aedes","Aedes nigripes","0","99.85"
"CBAY0051_M_C","SAMOS020-09[BOLD:AAA3750]","Arthropoda","Insecta","Diptera","Culicidae","Culicinae","Aedini","Aedes","Aedes nigripes","0","99.85"
"CBAY0051_M_C","ZERO032-11[BOLD:AAA3750]","Arthropoda","Insecta","Diptera","Culicidae","Culicinae","Aedini","Aedes","Aedes nigripes","0","99.85"
"CBAY0051_M_D","MOSN5836-20[BOLD:AAA3748]","Arthropoda","Insecta","Diptera","Culicidae","Culicinae","Aedini","Aedes","Aedes punctor","0","100.00"
"CBAY0051_M_D","AKLEP1307-26","Arthropoda","Insecta","Diptera","Culicidae","","","","","0","99.85"
"CBAY0051_M_D","ABINP5358-21[BOLD:AAA3748]","Arthropoda","Insecta","Diptera","Culicidae","Culicinae","Aedini","Aedes","","0","99.85"
"CBAY0051_M_D","AEDNA864-12[BOLD:AAA3748]","Arthropoda","Insecta","Diptera","Culicidae","Culicinae","Aedini","Aedes","","0","99.85"
"CBAY0051_M_D","AEDNA902-12[BOLD:AAA3748]","Arthropoda","Insecta","Diptera","Culicidae","Culicinae","Aedini","Aedes","","0","99.85"
"CBAY0051_M_D","KUGA498-21[BOLD:AAA3748]","Arthropoda","Insecta","Diptera","Culicidae","Culicinae","Aedini","Aedes","","0","99.85"
"CBAY0051_M_D","MCHAD1270-19[BOLD:AAA3748]","Arthropoda","Insecta","Diptera","Culicidae","Culicinae","Aedini","Aedes","","0","99.85"
"CBAY0051_M_D","MCHAD150-19[BOLD:AAA3748]","Arthropoda","Insecta","Diptera","Culicidae","Culicinae","Aedini","Aedes","","0","99.85"
"CBAY0051_M_D","AKLEP1108-25[BOLD:AAA3748]","Arthropoda","Insecta","Diptera","Culicidae","Culicinae","Aedini","Aedes","Aedes abserratus","0","99.85"
"CBAY0051_M_D","AMMC077-07[BOLD:AAA3748]","Arthropoda","Insecta","Diptera","Culicidae","Culicinae","Aedini","Aedes","Aedes abserratus","0","99.85"
"CBAY0051_M_D","GBDP51845-19[BOLD:AAA3748]","Arthropoda","Insecta","Diptera","Culicidae","Culicinae","Aedini","Aedes","Aedes abserratus","0","99.85"
"CBAY0051_M_D","MHMOS085-07[BOLD:AAA3748]","Arthropoda","Insecta","Diptera","Culicidae","Culicinae","Aedini","Aedes","Aedes abserratus","0","99.85"
"CBAY0051_M_D","MOSN10225-23[BOLD:AAA3748]","Arthropoda","Insecta","Diptera","Culicidae","Culicinae","Aedini","Aedes","Aedes communis","0","99.85"
"CBAY0051_M_D","NEONU2141-13[BOLD:AAA3748]","Arthropoda","Insecta","Diptera","Culicidae","Culicinae","Aedini","Aedes","Aedes decticus","0","99.85"
"CBAY0051_M_D","MOSN4584-20[BOLD:AAA3748]","Arthropoda","Insecta","Diptera","Culicidae","Culicinae","Aedini","Aedes","Aedes diantaeus","0","99.85"
"CBAY0051_M_D","MOSN1993-18[BOLD:AAA3748]","Arthropoda","Insecta","Diptera","Culicidae","Culicinae","Aedini","Aedes","Aedes hexodontus","0","99.85"
"CBAY0051_M_D","NEONU2139-13[BOLD:AAA3748]","Arthropoda","Insecta","Diptera","Culicidae","Culicinae","Aedini","Aedes","Aedes intrudens","0","99.85"
"CBAY0051_M_D","MOSN12999-25[BOLD:AAA3748]","Arthropoda","Insecta","Diptera","Culicidae","Culicinae","Aedini","Aedes","Aedes nigripes","0","99.85"
"CBAY0051_M_D","JSDIQ006-10[BOLD:AAA3748]","Arthropoda","Insecta","Diptera","Culicidae","Culicinae","Aedini","Aedes","Aedes pionips","0","99.85"
"CBAY0051_M_D","NBPSI074-11[BOLD:AAA3748]","Arthropoda","Insecta","Diptera","Culicidae","Culicinae","Aedini","Aedes","Aedes pionips","0","99.85"
"CBAY0051_M_D","GBMND38915-21[BOLD:AAA3748]","Arthropoda","Insecta","Diptera","Culicidae","Culicinae","Aedini","Aedes","Aedes punctor","0","99.85"
"CBAY0051_M_D","MOSN10253-23[BOLD:AAA3748]","Arthropoda","Insecta","Diptera","Culicidae","Culicinae","Aedini","Aedes","Aedes punctor","0","99.85"
"CBAY0051_M_D","NBPSI075-11[BOLD:AAA3748]","Arthropoda","Insecta","Diptera","Culicidae","Culicinae","Aedini","Aedes","Aedes sp.","0","99.85"
"CBAY0051_M_D","AEDNA871-12[BOLD:AAA3748]","Arthropoda","Insecta","Diptera","Culicidae","Culicinae","Aedini","Aedes","","0","99.70"
"CBAY0051_M_D","UAMIC868-13[BOLD:AAA3748]","Arthropoda","Insecta","Diptera","Culicidae","Culicinae","Aedini","Aedes","Aedes abserratus","0","99.70"
"CBAY0051_M_E","JWDCC109-10[BOLD:AAA3748]","Arthropoda","Insecta","Diptera","Culicidae","Culicinae","Aedini","Aedes","Aedes hexodontus","0","100.00"
"CBAY0051_M_E","SIIP13437-24[BOLD:AAA3748]","Arthropoda","Insecta","Diptera","Culicidae","","","","","0","99.85"
"CBAY0051_M_E","FCHAR8616-19[BOLD:AAA3748]","Arthropoda","Insecta","Diptera","Culicidae","Culicinae","","","","0","99.85"
"CBAY0051_M_E","FCHAR8625-19[BOLD:AAA3748]","Arthropoda","Insecta","Diptera","Culicidae","Culicinae","","","","0","99.85"
"CBAY0051_M_E","GBMNE29317-21[BOLD:AAA3748]","Arthropoda","Insecta","Diptera","Culicidae","Culicinae","Aedini","","","0","99.85"
"CBAY0051_M_E","AEDNA869-12[BOLD:AAA3748]","Arthropoda","Insecta","Diptera","Culicidae","Culicinae","Aedini","Aedes","","0","99.85"
"CBAY0051_M_E","DIPFI112-12[BOLD:AAA3748]","Arthropoda","Insecta","Diptera","Culicidae","Culicinae","Aedini","Aedes","","0","99.85"
"CBAY0051_M_E","MCHAE1435-19[BOLD:AAA3748]","Arthropoda","Insecta","Diptera","Culicidae","Culicinae","Aedini","Aedes","","0","99.85"
"CBAY0051_M_E","AMMC020-07[BOLD:AAA3748]","Arthropoda","Insecta","Diptera","Culicidae","Culicinae","Aedini","Aedes","Aedes hexodontus","0","99.85"
"CBAY0051_M_E","JWDCF001-10[BOLD:AAA3748]","Arthropoda","Insecta","Diptera","Culicidae","Culicinae","Aedini","Aedes","Aedes hexodontus","0","99.85"
"CBAY0051_M_E","MHMOS074-07[BOLD:AAA3748]","Arthropoda","Insecta","Diptera","Culicidae","Culicinae","Aedini","Aedes","Aedes hexodontus","0","99.85"
"CBAY0051_M_E","CULBE102-14[BOLD:AAA3748]","Arthropoda","Insecta","Diptera","Culicidae","Culicinae","Aedini","Aedes","Aedes punctor","0","99.85"
"CBAY0051_M_E","SIIP10650-24[BOLD:AAA3748]","Arthropoda","Insecta","Diptera","Culicidae","","","","","0","99.70"
"CBAY0051_M_E","SIIP2929-24[BOLD:AAA3748]","Arthropoda","Insecta","Diptera","Culicidae","","","","","0","99.70"
"CBAY0051_M_E","SIIP4634-24[BOLD:AAA3748]","Arthropoda","Insecta","Diptera","Culicidae","","","","","0","99.70"
"CBAY0051_M_E","TRDNE021-15[BOLD:AAA3748]","Arthropoda","Insecta","Diptera","Culicidae","Culicinae","Aedini","Aedes","","0","99.70"
"CBAY0051_M_E","TRDNE029-15[BOLD:AAA3748]","Arthropoda","Insecta","Diptera","Culicidae","Culicinae","Aedini","Aedes","","0","99.70"
"CBAY0051_M_E","MOSN13523-26","Arthropoda","Insecta","Diptera","Culicidae","Culicinae","Aedini","Aedes","Aedes hexodontus","0","99.70"
"CBAY0051_M_E","MOSN7522-21[BOLD:AAA3748]","Arthropoda","Insecta","Diptera","Culicidae","Culicinae","Aedini","Aedes","Aedes hexodontus","0","99.70"
"CBAY0051_M_E","MOSN7537-21[BOLD:AAA3748]","Arthropoda","Insecta","Diptera","Culicidae","Culicinae","Aedini","Aedes","Aedes hexodontus","0","99.70"
"CBAY0051_M_E","MOSN9521-22[BOLD:AAA3748]","Arthropoda","Insecta","Diptera","Culicidae","Culicinae","Aedini","Aedes","Aedes hexodontus","0","99.70"
"CBAY0051_M_E","MOSN9666-22[BOLD:AAA3748]","Arthropoda","Insecta","Diptera","Culicidae","Culicinae","Aedini","Aedes","Aedes hexodontus","0","99.70"
"CBAY0051_M_E","SAMOS057-09[BOLD:AAA3748]","Arthropoda","Insecta","Diptera","Culicidae","Culicinae","Aedini","Aedes","Aedes hexodontus","0","99.70"
"CBAY0051_M_E","MOSN13014-25[BOLD:AAA3748]","Arthropoda","Insecta","Diptera","Culicidae","Culicinae","Aedini","Aedes","Aedes punctor","0","99.70"
"CBAY0051_M_E","NEONU2138-13[BOLD:AAA3748]","Arthropoda","Insecta","Diptera","Culicidae","Culicinae","Aedini","Aedes","Aedes punctor","0","99.70"
"CBAY0052_M_B","MCHAD962-19[BOLD:AAA3750]","Arthropoda","Insecta","Diptera","Culicidae","Culicinae","Aedini","Aedes","","0","100.00"
"CBAY0052_M_B","BCHAR1188-18[BOLD:AAA3750]","Arthropoda","Insecta","Diptera","Culicidae","Culicinae","Aedini","Aedes","","0","99.85"
"CBAY0052_M_B","BCHAR1418-18[BOLD:AAA3750]","Arthropoda","Insecta","Diptera","Culicidae","Culicinae","Aedini","Aedes","","0","99.85"
"CBAY0052_M_B","BCHAR203-18[BOLD:AAA3750]","Arthropoda","Insecta","Diptera","Culicidae","Culicinae","Aedini","Aedes","","0","99.85"
"CBAY0052_M_B","BCHAR590-18[BOLD:AAA3750]","Arthropoda","Insecta","Diptera","Culicidae","Culicinae","Aedini","Aedes","","0","99.85"
"CBAY0052_M_B","BCHAR630-18[BOLD:AAA3750]","Arthropoda","Insecta","Diptera","Culicidae","Culicinae","Aedini","Aedes","","0","99.85"
"CBAY0052_M_B","BCHAR711-18[BOLD:AAA3750]","Arthropoda","Insecta","Diptera","Culicidae","Culicinae","Aedini","Aedes","","0","99.85"
"CBAY0052_M_B","DCHAR1014-19[BOLD:AAA3750]","Arthropoda","Insecta","Diptera","Culicidae","Culicinae","Aedini","Aedes","","0","99.85"
"CBAY0052_M_B","FCHAR8659-19[BOLD:AAA3750]","Arthropoda","Insecta","Diptera","Culicidae","Culicinae","Aedini","Aedes","","0","99.85"
"CBAY0052_M_B","FCHAR8833-19[BOLD:AAA3750]","Arthropoda","Insecta","Diptera","Culicidae","Culicinae","Aedini","Aedes","","0","99.85"
"CBAY0052_M_B","GJOA2164-21[BOLD:AAA3750]","Arthropoda","Insecta","Diptera","Culicidae","Culicinae","Aedini","Aedes","","0","99.85"
"CBAY0052_M_B","MCHAA154-19[BOLD:AAA3750]","Arthropoda","Insecta","Diptera","Culicidae","Culicinae","Aedini","Aedes","","0","99.85"
"CBAY0052_M_B","MCHAA1549-19[BOLD:AAA3750]","Arthropoda","Insecta","Diptera","Culicidae","Culicinae","Aedini","Aedes","","0","99.85"
"CBAY0052_M_B","MCHAA166-19[BOLD:AAA3750]","Arthropoda","Insecta","Diptera","Culicidae","Culicinae","Aedini","Aedes","","0","99.85"
"CBAY0052_M_B","MCHAC1382-19[BOLD:AAA3750]","Arthropoda","Insecta","Diptera","Culicidae","Culicinae","Aedini","Aedes","","0","99.85"
"CBAY0052_M_B","MCHAC1500-19[BOLD:AAA3750]","Arthropoda","Insecta","Diptera","Culicidae","Culicinae","Aedini","Aedes","","0","99.85"
"CBAY0052_M_B","MCHAC2000-19[BOLD:AAA3750]","Arthropoda","Insecta","Diptera","Culicidae","Culicinae","Aedini","Aedes","","0","99.85"
"CBAY0052_M_B","MCHAC924-19[BOLD:AAA3750]","Arthropoda","Insecta","Diptera","Culicidae","Culicinae","Aedini","Aedes","","0","99.85"
"CBAY0052_M_B","POLCO3443-20[BOLD:AAA3750]","Arthropoda","Insecta","Diptera","Culicidae","Culicinae","Aedini","Aedes","","0","99.85"
"CBAY0052_M_B","POLCO4405-20[BOLD:AAA3750]","Arthropoda","Insecta","Diptera","Culicidae","Culicinae","Aedini","Aedes","","0","99.85"
"CBAY0052_M_B","NBPSI006-11[BOLD:AAA3750]","Arthropoda","Insecta","Diptera","Culicidae","Culicinae","Aedini","Aedes","Aedes impiger","0","99.85"
"CBAY0052_M_B","NBPSI018-11[BOLD:AAA3750]","Arthropoda","Insecta","Diptera","Culicidae","Culicinae","Aedini","Aedes","Aedes impiger","0","99.70"
"CBAY0052_M_B","KUGA565-21[BOLD:AAA3750]","Arthropoda","Insecta","Diptera","Culicidae","Culicinae","Aedini","Aedes","","0","99.69"
"CBAY0052_M_B","DWSDW042-13[BOLD:AAA3750]","Arthropoda","Insecta","Diptera","Culicidae","Culicinae","Aedini","Aedes","Aedes nigripes","0","99.54"
"CBAY0052_M_B","GBAAN12799-25[BOLD:AAA3750]","Arthropoda","Insecta","Diptera","Culicidae","Culicinae","Aedini","Aedes","Aedes nigripes","0","99.54"
"CBAY0052_M_D","MCHAA951-19[BOLD:AAA3748]","Arthropoda","Insecta","Diptera","Culicidae","Culicinae","Aedini","Aedes","","0","99.85"
"CBAY0052_M_D","MCHAE661-19[BOLD:AAA3748]","Arthropoda","Insecta","Diptera","Culicidae","Culicinae","Aedini","Aedes","","0","99.85"
"CBAY0052_M_D","UAMIC871-13[BOLD:AAA3748]","Arthropoda","Insecta","Diptera","Culicidae","Culicinae","Aedini","Aedes","Aedes nigripes","0","99.85"
"CBAY0052_M_D","MOSN7761-21[BOLD:AAA3748]","Arthropoda","Insecta","Diptera","Culicidae","Culicinae","Aedini","Aedes","Aedes punctor","0","99.85"
"CBAY0052_M_D","MOSN9667-22[BOLD:AAA3748]","Arthropoda","Insecta","Diptera","Culicidae","Culicinae","Aedini","Aedes","Aedes punctor","0","99.85"
"CBAY0052_M_D","AKLEP1307-26","Arthropoda","Insecta","Diptera","Culicidae","","","","","0","99.70"
"CBAY0052_M_D","AEDNA864-12[BOLD:AAA3748]","Arthropoda","Insecta","Diptera","Culicidae","Culicinae","Aedini","Aedes","","0","99.70"
"CBAY0052_M_D","MCHAD1270-19[BOLD:AAA3748]","Arthropoda","Insecta","Diptera","Culicidae","Culicinae","Aedini","Aedes","","0","99.70"
"CBAY0052_M_D","AKLEP1108-25[BOLD:AAA3748]","Arthropoda","Insecta","Diptera","Culicidae","Culicinae","Aedini","Aedes","Aedes abserratus","0","99.70"
"CBAY0052_M_D","AMMC013-07[BOLD:AAA3748]","Arthropoda","Insecta","Diptera","Culicidae","Culicinae","Aedini","Aedes","Aedes abserratus","0","99.70"
"CBAY0052_M_D","GBDP51845-19[BOLD:AAA3748]","Arthropoda","Insecta","Diptera","Culicidae","Culicinae","Aedini","Aedes","Aedes abserratus","0","99.70"
"CBAY0052_M_D","MOSN10225-23[BOLD:AAA3748]","Arthropoda","Insecta","Diptera","Culicidae","Culicinae","Aedini","Aedes","Aedes communis","0","99.70"
"CBAY0052_M_D","NEONU2141-13[BOLD:AAA3748]","Arthropoda","Insecta","Diptera","Culicidae","Culicinae","Aedini","Aedes","Aedes decticus","0","99.70"
"CBAY0052_M_D","MOSN4584-20[BOLD:AAA3748]","Arthropoda","Insecta","Diptera","Culicidae","Culicinae","Aedini","Aedes","Aedes diantaeus","0","99.70"
"CBAY0052_M_D","MOSN1993-18[BOLD:AAA3748]","Arthropoda","Insecta","Diptera","Culicidae","Culicinae","Aedini","Aedes","Aedes hexodontus","0","99.70"
"CBAY0052_M_D","NEONU2139-13[BOLD:AAA3748]","Arthropoda","Insecta","Diptera","Culicidae","Culicinae","Aedini","Aedes","Aedes intrudens","0","99.70"
"CBAY0052_M_D","MOSN12999-25[BOLD:AAA3748]","Arthropoda","Insecta","Diptera","Culicidae","Culicinae","Aedini","Aedes","Aedes nigripes","0","99.70"
"CBAY0052_M_D","JSDIQ006-10[BOLD:AAA3748]","Arthropoda","Insecta","Diptera","Culicidae","Culicinae","Aedini","Aedes","Aedes pionips","0","99.70"
"CBAY0052_M_D","NBPSI074-11[BOLD:AAA3748]","Arthropoda","Insecta","Diptera","Culicidae","Culicinae","Aedini","Aedes","Aedes pionips","0","99.70"
"CBAY0052_M_D","GBMND38915-21[BOLD:AAA3748]","Arthropoda","Insecta","Diptera","Culicidae","Culicinae","Aedini","Aedes","Aedes punctor","0","99.70"
"CBAY0052_M_D","MOSN10253-23[BOLD:AAA3748]","Arthropoda","Insecta","Diptera","Culicidae","Culicinae","Aedini","Aedes","Aedes punctor","0","99.70"
"CBAY0052_M_D","MOSN1994-18[BOLD:AAA3748]","Arthropoda","Insecta","Diptera","Culicidae","Culicinae","Aedini","Aedes","Aedes punctor","0","99.70"
"CBAY0052_M_D","NBPSI075-11[BOLD:AAA3748]","Arthropoda","Insecta","Diptera","Culicidae","Culicinae","Aedini","Aedes","Aedes sp.","0","99.70"
"CBAY0052_M_D","ASDIP383-15[BOLD:AAA3748]","Arthropoda","Insecta","Diptera","Culicidae","Culicinae","Aedini","Aedes","Aedes abserratus","0","99.54"
"CBAY0052_M_D","NEONU2137-13[BOLD:AAA3748]","Arthropoda","Insecta","Diptera","Culicidae","Culicinae","Aedini","Aedes","Aedes ventrovittis","0","99.54"
"CBAY0055_M_A","BCHAR202-18[BOLD:AAA3750]","Arthropoda","Insecta","Diptera","Culicidae","Culicinae","Aedini","Aedes","","0","99.85"
"CBAY0055_M_A","CBAYB4852-24[BOLD:AAA3750]","Arthropoda","Insecta","Diptera","Culicidae","Culicinae","Aedini","Aedes","","0","99.85"
"CBAY0055_M_A","FCHAR3532-19[BOLD:AAA3750]","Arthropoda","Insecta","Diptera","Culicidae","Culicinae","Aedini","Aedes","","0","99.85"
"CBAY0055_M_A","FCHAR9332-20[BOLD:AAA3750]","Arthropoda","Insecta","Diptera","Culicidae","Culicinae","Aedini","Aedes","","0","99.85"
"CBAY0055_M_A","GJOA2152-21[BOLD:AAA3750]","Arthropoda","Insecta","Diptera","Culicidae","Culicinae","Aedini","Aedes","","0","99.85"
"CBAY0055_M_A","MCHAA916-19[BOLD:AAA3750]","Arthropoda","Insecta","Diptera","Culicidae","Culicinae","Aedini","Aedes","","0","99.85"
"CBAY0055_M_A","MCHAB1059-19[BOLD:AAA3750]","Arthropoda","Insecta","Diptera","Culicidae","Culicinae","Aedini","Aedes","","0","99.85"
"CBAY0055_M_A","MCHAB1429-19[BOLD:AAA3750]","Arthropoda","Insecta","Diptera","Culicidae","Culicinae","Aedini","Aedes","","0","99.85"
"CBAY0055_M_A","MCHAC873-19[BOLD:AAA3750]","Arthropoda","Insecta","Diptera","Culicidae","Culicinae","Aedini","Aedes","","0","99.85"
"CBAY0055_M_A","MCHAC931-19[BOLD:AAA3750]","Arthropoda","Insecta","Diptera","Culicidae","Culicinae","Aedini","Aedes","","0","99.85"
"CBAY0055_M_A","MCHAD1751-19[BOLD:AAA3750]","Arthropoda","Insecta","Diptera","Culicidae","Culicinae","Aedini","Aedes","","0","99.85"
"CBAY0055_M_A","MCHAE379-19[BOLD:AAA3750]","Arthropoda","Insecta","Diptera","Culicidae","Culicinae","Aedini","Aedes","","0","99.85"
"CBAY0055_M_A","POLCO934-20[BOLD:AAA3750]","Arthropoda","Insecta","Diptera","Culicidae","Culicinae","Aedini","Aedes","","0","99.85"
"CBAY0055_M_A","DARC257-11[BOLD:AAA3750]","Arthropoda","Insecta","Diptera","Culicidae","Culicinae","Aedini","Aedes","","0","99.70"
"CBAY0055_M_A","FCHAR6191-19[BOLD:AAA3750]","Arthropoda","Insecta","Diptera","Culicidae","Culicinae","Aedini","Aedes","","0","99.70"
"CBAY0055_M_A","MCHAA976-19[BOLD:AAA3750]","Arthropoda","Insecta","Diptera","Culicidae","Culicinae","Aedini","Aedes","","0","99.70"
"CBAY0055_M_A","MCHAB1423-19[BOLD:AAA3750]","Arthropoda","Insecta","Diptera","Culicidae","Culicinae","Aedini","Aedes","","0","99.70"
"CBAY0055_M_A","MCHAC853-19[BOLD:AAA3750]","Arthropoda","Insecta","Diptera","Culicidae","Culicinae","Aedini","Aedes","","0","99.70"
"CBAY0055_M_A","MCHAC943-19[BOLD:AAA3750]","Arthropoda","Insecta","Diptera","Culicidae","Culicinae","Aedini","Aedes","","0","99.70"
"CBAY0055_M_A","MCHAD961-19[BOLD:AAA3750]","Arthropoda","Insecta","Diptera","Culicidae","Culicinae","Aedini","Aedes","","0","99.70"
"CBAY0055_M_A","MCHAE1417-19[BOLD:AAA3750]","Arthropoda","Insecta","Diptera","Culicidae","Culicinae","Aedini","Aedes","","0","99.70"
"CBAY0055_M_A","MOSN12513-24[BOLD:AAA3750]","Arthropoda","Insecta","Diptera","Culicidae","Culicinae","Aedini","Aedes","Aedes impiger","0","99.70"
"CBAY0055_M_A","MOSN12488-24[BOLD:AAA3750]","Arthropoda","Insecta","Diptera","Culicidae","Culicinae","Aedini","Aedes","Aedes implicatus","0","99.70"
"CBAY0055_M_A","MOSN12473-24[BOLD:AAA3750]","Arthropoda","Insecta","Diptera","Culicidae","Culicinae","Aedini","Aedes","Aedes nigripes","0","99.70"
"CBAY0055_M_A","MOSN3743-19[BOLD:AAA3750]","Arthropoda","Insecta","Diptera","Culicidae","Culicinae","Aedini","Aedes","Aedes impiger","0","99.54"
"CBAY0056_M_D","ACHAR1804-18[BOLD:AAA3750]","Arthropoda","Insecta","Diptera","Culicidae","Culicinae","Aedini","Aedes","","0","100.00"
"CBAY0056_M_D","BCHAR369-18[BOLD:AAA3750]","Arthropoda","Insecta","Diptera","Culicidae","Culicinae","Aedini","Aedes","","0","100.00"
"CBAY0056_M_D","BCHAR698-18[BOLD:AAA3750]","Arthropoda","Insecta","Diptera","Culicidae","Culicinae","Aedini","Aedes","","0","100.00"
"CBAY0056_M_D","BCHAR731-18[BOLD:AAA3750]","Arthropoda","Insecta","Diptera","Culicidae","Culicinae","Aedini","Aedes","","0","100.00"
"CBAY0056_M_D","BCHAR732-18[BOLD:AAA3750]","Arthropoda","Insecta","Diptera","Culicidae","Culicinae","Aedini","Aedes","","0","100.00"
"CBAY0056_M_D","CBAYA3079-22[BOLD:AAA3750]","Arthropoda","Insecta","Diptera","Culicidae","Culicinae","Aedini","Aedes","","0","100.00"
"CBAY0056_M_D","DCHAR983-19[BOLD:AAA3750]","Arthropoda","Insecta","Diptera","Culicidae","Culicinae","Aedini","Aedes","","0","100.00"
"CBAY0056_M_D","KUGA531-21[BOLD:AAA3750]","Arthropoda","Insecta","Diptera","Culicidae","Culicinae","Aedini","Aedes","","0","100.00"
"CBAY0056_M_D","MCHAA062-19[BOLD:AAA3750]","Arthropoda","Insecta","Diptera","Culicidae","Culicinae","Aedini","Aedes","","0","100.00"
"CBAY0056_M_D","MCHAA328-19[BOLD:AAA3750]","Arthropoda","Insecta","Diptera","Culicidae","Culicinae","Aedini","Aedes","","0","100.00"
"CBAY0056_M_D","ABWYT31267-24[BOLD:AAA3750]","Arthropoda","Insecta","Diptera","Culicidae","Culicinae","Aedini","Aedes","","0","99.85"
"CBAY0056_M_D","GBMNE29326-21[BOLD:AAA3750]","Arthropoda","Insecta","Diptera","Culicidae","Culicinae","Aedini","Aedes","","0","99.85"
"CBAY0056_M_D","MCHAA218-19[BOLD:AAA3750]","Arthropoda","Insecta","Diptera","Culicidae","Culicinae","Aedini","Aedes","","0","99.85"
"CBAY0056_M_D","MOSN12986-25[BOLD:AAA3750]","Arthropoda","Insecta","Diptera","Culicidae","Culicinae","Aedini","Aedes","Aedes cataphylla","0","99.85"
"CBAY0056_M_D","MOSN13601-26","Arthropoda","Insecta","Diptera","Culicidae","Culicinae","Aedini","Aedes","Aedes implicatus","0","99.85"
"CBAY0056_M_D","JWDCE171-10[BOLD:AAA3750]","Arthropoda","Insecta","Diptera","Culicidae","Culicinae","Aedini","Aedes","Aedes nigripes","0","99.85"
"CBAY0056_M_D","MOSN12470-24[BOLD:AAA3750]","Arthropoda","Insecta","Diptera","Culicidae","Culicinae","Aedini","Aedes","Aedes nigripes","0","99.85"
"CBAY0056_M_D","AEDNA900-12[BOLD:AAA3750]","Arthropoda","Insecta","Diptera","Culicidae","Culicinae","Aedini","Aedes","","0","99.70"
"CBAY0056_M_D","SAPIT130-08[BOLD:AAA3750]","Arthropoda","Insecta","Diptera","Culicidae","Culicinae","Aedini","Aedes","","0","99.70"
"CBAY0056_M_D","ZERO025-11[BOLD:AAA3750]","Arthropoda","Insecta","Diptera","Culicidae","Culicinae","Aedini","Aedes","Aedes impiger","0","99.70"
"CBAY0056_M_D","MOSN13501-26","Arthropoda","Insecta","Diptera","Culicidae","Culicinae","Aedini","Aedes","Aedes nigripes","0","99.70"
"CBAY0056_M_D","NBPSI024-11[BOLD:AAA3750]","Arthropoda","Insecta","Diptera","Culicidae","Culicinae","Aedini","Aedes","Aedes nigripes","0","99.70"
"CBAY0056_M_D","NBPSI082-11[BOLD:AAA3750]","Arthropoda","Insecta","Diptera","Culicidae","Culicinae","Aedini","Aedes","Aedes nigripes","0","99.70"
"CBAY0056_M_D","SAMOS020-09[BOLD:AAA3750]","Arthropoda","Insecta","Diptera","Culicidae","Culicinae","Aedini","Aedes","Aedes nigripes","0","99.70"
"CBAY0056_M_D","ZERO032-11[BOLD:AAA3750]","Arthropoda","Insecta","Diptera","Culicidae","Culicinae","Aedini","Aedes","Aedes nigripes","0","99.70"
"CBAY0056_M_G","BCHAR758-18[BOLD:AAA3748]","Arthropoda","Insecta","Diptera","Culicidae","Culicinae","","","","0","99.85"
"CBAY0056_M_G","DCHAR1022-19[BOLD:AAA3748]","Arthropoda","Insecta","Diptera","Culicidae","Culicinae","","","","0","99.85"
"CBAY0056_M_G","DCHAR1028-19[BOLD:AAA3748]","Arthropoda","Insecta","Diptera","Culicidae","Culicinae","","","","0","99.85"
"CBAY0056_M_G","FCHAR8785-19[BOLD:AAA3748]","Arthropoda","Insecta","Diptera","Culicidae","Culicinae","","","","0","99.85"
"CBAY0056_M_G","AMMC081-07[BOLD:AAA3748]","Arthropoda","Insecta","Diptera","Culicidae","Culicinae","Aedini","Aedes","","0","99.85"
"CBAY0056_M_G","JWDCC475-10[BOLD:AAA3748]","Arthropoda","Insecta","Diptera","Culicidae","Culicinae","Aedini","Aedes","","0","99.85"
"CBAY0056_M_G","MCHAB271-19[BOLD:AAA3748]","Arthropoda","Insecta","Diptera","Culicidae","Culicinae","Aedini","Aedes","","0","99.85"
"CBAY0056_M_G","MCHAB506-19[BOLD:AAA3748]","Arthropoda","Insecta","Diptera","Culicidae","Culicinae","Aedini","Aedes","","0","99.85"
"CBAY0056_M_G","MCHAE1402-19[BOLD:AAA3748]","Arthropoda","Insecta","Diptera","Culicidae","Culicinae","Aedini","Aedes","","0","99.85"
"CBAY0056_M_G","MHMOS067-07[BOLD:AAA3748]","Arthropoda","Insecta","Diptera","Culicidae","Culicinae","Aedini","Aedes","","0","99.85"
"CBAY0056_M_G","SWSWP011-09[BOLD:AAA3748]","Arthropoda","Insecta","Diptera","Culicidae","Culicinae","Aedini","Aedes","","0","99.85"
"CBAY0056_M_G","MOSN11429-23[BOLD:AAA3748]","Arthropoda","Insecta","Diptera","Culicidae","Culicinae","Aedini","Aedes","Aedes hexodontus","0","99.85"
"CBAY0056_M_G","MCHAB727-19[BOLD:AAA3748]","Arthropoda","Insecta","Diptera","Culicidae","Culicinae","Aedini","Aedes","","0","99.70"
"CBAY0056_M_G","MCHAD133-19[BOLD:AAA3748]","Arthropoda","Insecta","Diptera","Culicidae","Culicinae","Aedini","Aedes","","0","99.70"
"CBAY0056_M_G","MCHAE1439-19[BOLD:AAA3748]","Arthropoda","Insecta","Diptera","Culicidae","Culicinae","Aedini","Aedes","","0","99.70"
"CBAY0056_M_G","MOSN13111-25[BOLD:AAA3748]","Arthropoda","Insecta","Diptera","Culicidae","Culicinae","Aedini","Aedes","Aedes hexodontus","0","99.70"
"CBAY0056_M_G","FCHAR3807-19[BOLD:AAA3748]","Arthropoda","Insecta","Diptera","Culicidae","Culicinae","","","","0","99.69"
"CBAY0056_M_G","FCHAR9351-20[BOLD:AAA3748]","Arthropoda","Insecta","Diptera","Culicidae","Culicinae","","","","0","99.69"
"CBAY0056_M_G","MCHAB628-19[BOLD:AAA3748]","Arthropoda","Insecta","Diptera","Culicidae","Culicinae","Aedini","Aedes","","0","99.69"
"CBAY0056_M_G","MCHAD132-19[BOLD:AAA3748]","Arthropoda","Insecta","Diptera","Culicidae","Culicinae","Aedini","Aedes","","0","99.69"
"CBAY0056_M_G","SIIP4634-24[BOLD:AAA3748]","Arthropoda","Insecta","Diptera","Culicidae","","","","","0","99.54"
"CBAY0056_M_G","JWDCF060-10[BOLD:AAA3748]","Arthropoda","Insecta","Diptera","Culicidae","Culicinae","Aedini","Aedes","","0","99.54"
"CBAY0056_M_G","AMMC027-07[BOLD:AAA3748]","Arthropoda","Insecta","Diptera","Culicidae","Culicinae","Aedini","Aedes","Aedes hexodontus","0","99.54"
"CBAY0056_M_G","GBDP51899-19[BOLD:AAA3748]","Arthropoda","Insecta","Diptera","Culicidae","Culicinae","Aedini","Aedes","Aedes punctor","0","99.54"
"CBAY0056_M_G","NEONU2138-13[BOLD:AAA3748]","Arthropoda","Insecta","Diptera","Culicidae","Culicinae","Aedini","Aedes","Aedes punctor","0","99.54"
"CBAY0060_M_A","AKLEP1307-26","Arthropoda","Insecta","Diptera","Culicidae","","","","","0","100.00"
"CBAY0060_M_A","FCHAR3734-19[BOLD:AAA3748]","Arthropoda","Insecta","Diptera","Culicidae","Culicinae","","","","0","100.00"
"CBAY0060_M_A","GCHAR327-19[BOLD:AAA3748]","Arthropoda","Insecta","Diptera","Culicidae","Culicinae","","","","0","100.00"
"CBAY0060_M_A","AEDNA864-12[BOLD:AAA3748]","Arthropoda","Insecta","Diptera","Culicidae","Culicinae","Aedini","Aedes","","0","100.00"
"CBAY0060_M_A","AEDNA902-12[BOLD:AAA3748]","Arthropoda","Insecta","Diptera","Culicidae","Culicinae","Aedini","Aedes","","0","100.00"
"CBAY0060_M_A","CBAYA3094-22[BOLD:AAA3748]","Arthropoda","Insecta","Diptera","Culicidae","Culicinae","Aedini","Aedes","","0","100.00"
"CBAY0060_M_A","KUGA498-21[BOLD:AAA3748]","Arthropoda","Insecta","Diptera","Culicidae","Culicinae","Aedini","Aedes","","0","100.00"
"CBAY0060_M_A","MCHAD1270-19[BOLD:AAA3748]","Arthropoda","Insecta","Diptera","Culicidae","Culicinae","Aedini","Aedes","","0","100.00"
"CBAY0060_M_A","MCHAD150-19[BOLD:AAA3748]","Arthropoda","Insecta","Diptera","Culicidae","Culicinae","Aedini","Aedes","","0","100.00"
"CBAY0060_M_A","AKLEP1108-25[BOLD:AAA3748]","Arthropoda","Insecta","Diptera","Culicidae","Culicinae","Aedini","Aedes","Aedes abserratus","0","100.00"
"CBAY0060_M_A","AMMC077-07[BOLD:AAA3748]","Arthropoda","Insecta","Diptera","Culicidae","Culicinae","Aedini","Aedes","Aedes abserratus","0","100.00"
"CBAY0060_M_A","GBDP51845-19[BOLD:AAA3748]","Arthropoda","Insecta","Diptera","Culicidae","Culicinae","Aedini","Aedes","Aedes abserratus","0","100.00"
"CBAY0060_M_A","MHMOS085-07[BOLD:AAA3748]","Arthropoda","Insecta","Diptera","Culicidae","Culicinae","Aedini","Aedes","Aedes abserratus","0","100.00"
"CBAY0060_M_A","MOSN10225-23[BOLD:AAA3748]","Arthropoda","Insecta","Diptera","Culicidae","Culicinae","Aedini","Aedes","Aedes communis","0","100.00"
"CBAY0060_M_A","NEONU2141-13[BOLD:AAA3748]","Arthropoda","Insecta","Diptera","Culicidae","Culicinae","Aedini","Aedes","Aedes decticus","0","100.00"
"CBAY0060_M_A","MOSN4584-20[BOLD:AAA3748]","Arthropoda","Insecta","Diptera","Culicidae","Culicinae","Aedini","Aedes","Aedes diantaeus","0","100.00"
"CBAY0060_M_A","MOSN1993-18[BOLD:AAA3748]","Arthropoda","Insecta","Diptera","Culicidae","Culicinae","Aedini","Aedes","Aedes hexodontus","0","100.00"
"CBAY0060_M_A","NEONU2139-13[BOLD:AAA3748]","Arthropoda","Insecta","Diptera","Culicidae","Culicinae","Aedini","Aedes","Aedes intrudens","0","100.00"
"CBAY0060_M_A","MOSN12999-25[BOLD:AAA3748]","Arthropoda","Insecta","Diptera","Culicidae","Culicinae","Aedini","Aedes","Aedes nigripes","0","100.00"
"CBAY0060_M_A","JSDIQ006-10[BOLD:AAA3748]","Arthropoda","Insecta","Diptera","Culicidae","Culicinae","Aedini","Aedes","Aedes pionips","0","100.00"
"CBAY0060_M_A","NBPSI074-11[BOLD:AAA3748]","Arthropoda","Insecta","Diptera","Culicidae","Culicinae","Aedini","Aedes","Aedes pionips","0","100.00"
"CBAY0060_M_A","GBMND38915-21[BOLD:AAA3748]","Arthropoda","Insecta","Diptera","Culicidae","Culicinae","Aedini","Aedes","Aedes punctor","0","100.00"
"CBAY0060_M_A","MOSN10253-23[BOLD:AAA3748]","Arthropoda","Insecta","Diptera","Culicidae","Culicinae","Aedini","Aedes","Aedes punctor","0","100.00"
"CBAY0060_M_A","NBPSI075-11[BOLD:AAA3748]","Arthropoda","Insecta","Diptera","Culicidae","Culicinae","Aedini","Aedes","Aedes sp.","0","100.00"
"CBAY0060_M_A","UAMIC868-13[BOLD:AAA3748]","Arthropoda","Insecta","Diptera","Culicidae","Culicinae","Aedini","Aedes","Aedes abserratus","0","99.85"
"CBAY0060_M_B","MCHAA185-19[BOLD:AAA3750]","Arthropoda","Insecta","Diptera","Culicidae","Culicinae","Aedini","Aedes","","0","99.85"
"CBAY0060_M_B","POLCO661-20[BOLD:AAA3750]","Arthropoda","Insecta","Diptera","Culicidae","Culicinae","Aedini","Aedes","","0","99.85"
"CBAY0060_M_B","POLCO3523-20[BOLD:AAA3750]","Arthropoda","Insecta","Diptera","Culicidae","Culicinae","Aedini","Aedes","","0","99.70"
"CBAY0060_M_B","MOSN5719-20[BOLD:AAA3750]","Arthropoda","Insecta","Diptera","Culicidae","Culicinae","Aedini","Aedes","Aedes impiger","0","99.70"
"CBAY0060_M_B","MOSN13031-25[BOLD:AAA3750]","Arthropoda","Insecta","Diptera","Culicidae","Culicinae","Aedini","Aedes","Aedes implicatus","0","99.70"
"CBAY0060_M_B","DCHAR543-19[BOLD:AAA3750]","Arthropoda","Insecta","Diptera","Culicidae","Culicinae","Aedini","Aedes","","0","99.69"
"CBAY0060_M_B","MCHAD384-19[BOLD:AAA3750]","Arthropoda","Insecta","Diptera","Culicidae","Culicinae","Aedini","Aedes","","0","99.69"
"CBAY0060_M_B","MCHAA003-19[BOLD:AAA3750]","Arthropoda","Insecta","Diptera","Culicidae","Culicinae","Aedini","Aedes","","0","99.54"
"CBAY0060_M_B","MCHAA227-19[BOLD:AAA3750]","Arthropoda","Insecta","Diptera","Culicidae","Culicinae","Aedini","Aedes","","0","99.54"
"CBAY0060_M_B","MOSN13123-25[BOLD:AAA3750]","Arthropoda","Insecta","Diptera","Culicidae","Culicinae","Aedini","Aedes","Aedes impiger","0","99.54"
"CBAY0060_M_B","MOSN13514-26","Arthropoda","Insecta","Diptera","Culicidae","Culicinae","Aedini","Aedes","Aedes impiger","0","99.54"
"CBAY0060_M_B","MOSN7556-21[BOLD:AAA3750]","Arthropoda","Insecta","Diptera","Culicidae","Culicinae","Aedini","Aedes","Aedes impiger","0","99.54"
"CBAY0060_M_B","MOSN7741-21[BOLD:AAA3750]","Arthropoda","Insecta","Diptera","Culicidae","Culicinae","Aedini","Aedes","Aedes impiger","0","99.54"
"CBAY0060_M_B","MOSN13582-26","Arthropoda","Insecta","Diptera","Culicidae","Culicinae","Aedini","Aedes","Aedes implicatus","0","99.54"
"CBAY0060_M_B","MOSN13596-26","Arthropoda","Insecta","Diptera","Culicidae","Culicinae","Aedini","Aedes","Aedes implicatus","0","99.54"
"CBAY0060_M_B","MOSN11303-23[BOLD:AAA3750]","Arthropoda","Insecta","Diptera","Culicidae","Culicinae","Aedini","Aedes","Aedes impiger","0","99.39"
"CBAY0060_M_B","MOSN11448-23[BOLD:AAA3750]","Arthropoda","Insecta","Diptera","Culicidae","Culicinae","Aedini","Aedes","Aedes impiger","0","99.39"
"CBAY0060_M_B","MOSN12513-24[BOLD:AAA3750]","Arthropoda","Insecta","Diptera","Culicidae","Culicinae","Aedini","Aedes","Aedes impiger","0","99.39"
"CBAY0060_M_B","MOSN3743-19[BOLD:AAA3750]","Arthropoda","Insecta","Diptera","Culicidae","Culicinae","Aedini","Aedes","Aedes impiger","0","99.39"
"CBAY0060_M_B","NBPSI078-11[BOLD:AAA3750]","Arthropoda","Insecta","Diptera","Culicidae","Culicinae","Aedini","Aedes","Aedes impiger","0","99.39"
"CBAY0060_M_B","MOSN11451-23[BOLD:AAA3750]","Arthropoda","Insecta","Diptera","Culicidae","Culicinae","Aedini","Aedes","Aedes implicatus","0","99.39"
"CBAY0060_M_B","MOSN12488-24[BOLD:AAA3750]","Arthropoda","Insecta","Diptera","Culicidae","Culicinae","Aedini","Aedes","Aedes implicatus","0","99.39"
"CBAY0060_M_B","MOSN1874-18[BOLD:AAA3750]","Arthropoda","Insecta","Diptera","Culicidae","Culicinae","Aedini","Aedes","Aedes implicatus","0","99.39"
"CBAY0060_M_B","MOSN12465-24[BOLD:AAA3750]","Arthropoda","Insecta","Diptera","Culicidae","Culicinae","Aedini","Aedes","Aedes nigripes","0","99.39"
"CBAY0060_M_B","MOSN12473-24[BOLD:AAA3750]","Arthropoda","Insecta","Diptera","Culicidae","Culicinae","Aedini","Aedes","Aedes nigripes","0","99.39"
"CBAY0060_M_C","JWDCA313-10[BOLD:AAA3748]","Arthropoda","Insecta","Diptera","Culicidae","Culicinae","Aedini","Aedes","Aedes abserratus","0","100.00"
"CBAY0060_M_C","AKLEP1307-26","Arthropoda","Insecta","Diptera","Culicidae","","","","","0","99.85"
"CBAY0060_M_C","ABINP5358-21[BOLD:AAA3748]","Arthropoda","Insecta","Diptera","Culicidae","Culicinae","Aedini","Aedes","","0","99.85"
"CBAY0060_M_C","AEDNA864-12[BOLD:AAA3748]","Arthropoda","Insecta","Diptera","Culicidae","Culicinae","Aedini","Aedes","","0","99.85"
"CBAY0060_M_C","AEDNA902-12[BOLD:AAA3748]","Arthropoda","Insecta","Diptera","Culicidae","Culicinae","Aedini","Aedes","","0","99.85"
"CBAY0060_M_C","KUGA498-21[BOLD:AAA3748]","Arthropoda","Insecta","Diptera","Culicidae","Culicinae","Aedini","Aedes","","0","99.85"
"CBAY0060_M_C","MCHAD1270-19[BOLD:AAA3748]","Arthropoda","Insecta","Diptera","Culicidae","Culicinae","Aedini","Aedes","","0","99.85"
"CBAY0060_M_C","MCHAD150-19[BOLD:AAA3748]","Arthropoda","Insecta","Diptera","Culicidae","Culicinae","Aedini","Aedes","","0","99.85"
"CBAY0060_M_C","AKLEP1108-25[BOLD:AAA3748]","Arthropoda","Insecta","Diptera","Culicidae","Culicinae","Aedini","Aedes","Aedes abserratus","0","99.85"
"CBAY0060_M_C","AMMC077-07[BOLD:AAA3748]","Arthropoda","Insecta","Diptera","Culicidae","Culicinae","Aedini","Aedes","Aedes abserratus","0","99.85"
"CBAY0060_M_C","GBDP51845-19[BOLD:AAA3748]","Arthropoda","Insecta","Diptera","Culicidae","Culicinae","Aedini","Aedes","Aedes abserratus","0","99.85"
"CBAY0060_M_C","MHMOS085-07[BOLD:AAA3748]","Arthropoda","Insecta","Diptera","Culicidae","Culicinae","Aedini","Aedes","Aedes abserratus","0","99.85"
"CBAY0060_M_C","MOSN10225-23[BOLD:AAA3748]","Arthropoda","Insecta","Diptera","Culicidae","Culicinae","Aedini","Aedes","Aedes communis","0","99.85"
"CBAY0060_M_C","NEONU2141-13[BOLD:AAA3748]","Arthropoda","Insecta","Diptera","Culicidae","Culicinae","Aedini","Aedes","Aedes decticus","0","99.85"
"CBAY0060_M_C","MOSN4584-20[BOLD:AAA3748]","Arthropoda","Insecta","Diptera","Culicidae","Culicinae","Aedini","Aedes","Aedes diantaeus","0","99.85"
"CBAY0060_M_C","MOSN1993-18[BOLD:AAA3748]","Arthropoda","Insecta","Diptera","Culicidae","Culicinae","Aedini","Aedes","Aedes hexodontus","0","99.85"
"CBAY0060_M_C","NEONU2139-13[BOLD:AAA3748]","Arthropoda","Insecta","Diptera","Culicidae","Culicinae","Aedini","Aedes","Aedes intrudens","0","99.85"
"CBAY0060_M_C","MOSN12999-25[BOLD:AAA3748]","Arthropoda","Insecta","Diptera","Culicidae","Culicinae","Aedini","Aedes","Aedes nigripes","0","99.85"
"CBAY0060_M_C","JSDIQ006-10[BOLD:AAA3748]","Arthropoda","Insecta","Diptera","Culicidae","Culicinae","Aedini","Aedes","Aedes pionips","0","99.85"
"CBAY0060_M_C","NBPSI074-11[BOLD:AAA3748]","Arthropoda","Insecta","Diptera","Culicidae","Culicinae","Aedini","Aedes","Aedes pionips","0","99.85"
"CBAY0060_M_C","GBMND38915-21[BOLD:AAA3748]","Arthropoda","Insecta","Diptera","Culicidae","Culicinae","Aedini","Aedes","Aedes punctor","0","99.85"
"CBAY0060_M_C","MOSN10253-23[BOLD:AAA3748]","Arthropoda","Insecta","Diptera","Culicidae","Culicinae","Aedini","Aedes","Aedes punctor","0","99.85"
"CBAY0060_M_C","NBPSI075-11[BOLD:AAA3748]","Arthropoda","Insecta","Diptera","Culicidae","Culicinae","Aedini","Aedes","Aedes sp.","0","99.85"
"CBAY0060_M_C","AEDNA871-12[BOLD:AAA3748]","Arthropoda","Insecta","Diptera","Culicidae","Culicinae","Aedini","Aedes","","0","99.70"
"CBAY0060_M_C","UAMIC868-13[BOLD:AAA3748]","Arthropoda","Insecta","Diptera","Culicidae","Culicinae","Aedini","Aedes","Aedes abserratus","0","99.70"
"CBAY0062_M_B","MCHAC578-19[BOLD:AAA3750]","Arthropoda","Insecta","Diptera","Culicidae","Culicinae","Aedini","Aedes","","0","100.00"
"CBAY0062_M_B","DWSDW042-13[BOLD:AAA3750]","Arthropoda","Insecta","Diptera","Culicidae","Culicinae","Aedini","Aedes","Aedes nigripes","0","100.00"
"CBAY0062_M_B","ABWYT31267-24[BOLD:AAA3750]","Arthropoda","Insecta","Diptera","Culicidae","Culicinae","Aedini","Aedes","","0","99.85"
"CBAY0062_M_B","DCHAR991-19[BOLD:AAA3750]","Arthropoda","Insecta","Diptera","Culicidae","Culicinae","Aedini","Aedes","","0","99.85"
"CBAY0062_M_B","FCHAR4726-19[BOLD:AAA3750]","Arthropoda","Insecta","Diptera","Culicidae","Culicinae","Aedini","Aedes","","0","99.85"
"CBAY0062_M_B","FCHAR7442-19[BOLD:AAA3750]","Arthropoda","Insecta","Diptera","Culicidae","Culicinae","Aedini","Aedes","","0","99.85"
"CBAY0062_M_B","GBMNE29326-21[BOLD:AAA3750]","Arthropoda","Insecta","Diptera","Culicidae","Culicinae","Aedini","Aedes","","0","99.85"
"CBAY0062_M_B","MCHAA218-19[BOLD:AAA3750]","Arthropoda","Insecta","Diptera","Culicidae","Culicinae","Aedini","Aedes","","0","99.85"
"CBAY0062_M_B","MOSN13601-26","Arthropoda","Insecta","Diptera","Culicidae","Culicinae","Aedini","Aedes","Aedes implicatus","0","99.85"
"CBAY0062_M_B","JWDCE171-10[BOLD:AAA3750]","Arthropoda","Insecta","Diptera","Culicidae","Culicinae","Aedini","Aedes","Aedes nigripes","0","99.85"
"CBAY0062_M_B","AEDNA900-12[BOLD:AAA3750]","Arthropoda","Insecta","Diptera","Culicidae","Culicinae","Aedini","Aedes","","0","99.70"
"CBAY0062_M_B","MCHAA062-19[BOLD:AAA3750]","Arthropoda","Insecta","Diptera","Culicidae","Culicinae","Aedini","Aedes","","0","99.70"
"CBAY0062_M_B","MCHAB016-19[BOLD:AAA3750]","Arthropoda","Insecta","Diptera","Culicidae","Culicinae","Aedini","Aedes","","0","99.70"
"CBAY0062_M_B","SAPIT130-08[BOLD:AAA3750]","Arthropoda","Insecta","Diptera","Culicidae","Culicinae","Aedini","Aedes","","0","99.70"
"CBAY0062_M_B","ZERO025-11[BOLD:AAA3750]","Arthropoda","Insecta","Diptera","Culicidae","Culicinae","Aedini","Aedes","Aedes impiger","0","99.70"
"CBAY0062_M_B","GBAAN12622-25[BOLD:AAA3750]","Arthropoda","Insecta","Diptera","Culicidae","Culicinae","Aedini","Aedes","Aedes nigripes","0","99.70"
"CBAY0062_M_B","IFSV035-15[BOLD:AAA3750]","Arthropoda","Insecta","Diptera","Culicidae","Culicinae","Aedini","Aedes","Aedes nigripes","0","99.70"
"CBAY0062_M_B","JWDCE725-10[BOLD:AAA3750]","Arthropoda","Insecta","Diptera","Culicidae","Culicinae","Aedini","Aedes","Aedes nigripes","0","99.70"
"CBAY0062_M_B","JWDCF104-10[BOLD:AAA3750]","Arthropoda","Insecta","Diptera","Culicidae","Culicinae","Aedini","Aedes","Aedes nigripes","0","99.70"
"CBAY0062_M_B","JWDCF105-10[BOLD:AAA3750]","Arthropoda","Insecta","Diptera","Culicidae","Culicinae","Aedini","Aedes","Aedes nigripes","0","99.70"
"CBAY0062_M_B","JWDCF729-10[BOLD:AAA3750]","Arthropoda","Insecta","Diptera","Culicidae","Culicinae","Aedini","Aedes","Aedes nigripes","0","99.70"
"CBAY0062_M_B","NBPSI024-11[BOLD:AAA3750]","Arthropoda","Insecta","Diptera","Culicidae","Culicinae","Aedini","Aedes","Aedes nigripes","0","99.70"
"CBAY0062_M_B","NBPSI082-11[BOLD:AAA3750]","Arthropoda","Insecta","Diptera","Culicidae","Culicinae","Aedini","Aedes","Aedes nigripes","0","99.70"
"CBAY0062_M_B","SAMOS020-09[BOLD:AAA3750]","Arthropoda","Insecta","Diptera","Culicidae","Culicinae","Aedini","Aedes","Aedes nigripes","0","99.70"
"CBAY0062_M_B","ZERO032-11[BOLD:AAA3750]","Arthropoda","Insecta","Diptera","Culicidae","Culicinae","Aedini","Aedes","Aedes nigripes","0","99.70"
"CBAY0066_M_A","FCHAR8659-19[BOLD:AAA3750]","Arthropoda","Insecta","Diptera","Culicidae","Culicinae","Aedini","Aedes","","0","99.70"
"CBAY0066_M_A","FCHAR8833-19[BOLD:AAA3750]","Arthropoda","Insecta","Diptera","Culicidae","Culicinae","Aedini","Aedes","","0","99.70"
"CBAY0066_M_A","GJOA2164-21[BOLD:AAA3750]","Arthropoda","Insecta","Diptera","Culicidae","Culicinae","Aedini","Aedes","","0","99.70"
"CBAY0066_M_A","MCHAA1549-19[BOLD:AAA3750]","Arthropoda","Insecta","Diptera","Culicidae","Culicinae","Aedini","Aedes","","0","99.70"
"CBAY0066_M_A","MCHAA166-19[BOLD:AAA3750]","Arthropoda","Insecta","Diptera","Culicidae","Culicinae","Aedini","Aedes","","0","99.70"
"CBAY0066_M_A","MCHAC2000-19[BOLD:AAA3750]","Arthropoda","Insecta","Diptera","Culicidae","Culicinae","Aedini","Aedes","","0","99.70"
"CBAY0066_M_A","MCHAC924-19[BOLD:AAA3750]","Arthropoda","Insecta","Diptera","Culicidae","Culicinae","Aedini","Aedes","","0","99.70"
"CBAY0066_M_A","NBPSI006-11[BOLD:AAA3750]","Arthropoda","Insecta","Diptera","Culicidae","Culicinae","Aedini","Aedes","Aedes impiger","0","99.70"
"CBAY0066_M_A","BCHAR1188-18[BOLD:AAA3750]","Arthropoda","Insecta","Diptera","Culicidae","Culicinae","Aedini","Aedes","","0","99.69"
"CBAY0066_M_A","BCHAR1418-18[BOLD:AAA3750]","Arthropoda","Insecta","Diptera","Culicidae","Culicinae","Aedini","Aedes","","0","99.69"
"CBAY0066_M_A","BCHAR203-18[BOLD:AAA3750]","Arthropoda","Insecta","Diptera","Culicidae","Culicinae","Aedini","Aedes","","0","99.69"
"CBAY0066_M_A","BCHAR590-18[BOLD:AAA3750]","Arthropoda","Insecta","Diptera","Culicidae","Culicinae","Aedini","Aedes","","0","99.69"
"CBAY0066_M_A","BCHAR630-18[BOLD:AAA3750]","Arthropoda","Insecta","Diptera","Culicidae","Culicinae","Aedini","Aedes","","0","99.69"
"CBAY0066_M_A","BCHAR711-18[BOLD:AAA3750]","Arthropoda","Insecta","Diptera","Culicidae","Culicinae","Aedini","Aedes","","0","99.69"
"CBAY0066_M_A","CCHAR3374-19[BOLD:AAA3750]","Arthropoda","Insecta","Diptera","Culicidae","Culicinae","Aedini","Aedes","","0","99.69"
"CBAY0066_M_A","DCHAR1014-19[BOLD:AAA3750]","Arthropoda","Insecta","Diptera","Culicidae","Culicinae","Aedini","Aedes","","0","99.69"
"CBAY0066_M_A","MCHAA154-19[BOLD:AAA3750]","Arthropoda","Insecta","Diptera","Culicidae","Culicinae","Aedini","Aedes","","0","99.69"
"CBAY0066_M_A","MCHAC1382-19[BOLD:AAA3750]","Arthropoda","Insecta","Diptera","Culicidae","Culicinae","Aedini","Aedes","","0","99.69"
"CBAY0066_M_A","MCHAC1500-19[BOLD:AAA3750]","Arthropoda","Insecta","Diptera","Culicidae","Culicinae","Aedini","Aedes","","0","99.69"
"CBAY0066_M_A","POLCO3443-20[BOLD:AAA3750]","Arthropoda","Insecta","Diptera","Culicidae","Culicinae","Aedini","Aedes","","0","99.69"
"CBAY0066_M_A","POLCO4405-20[BOLD:AAA3750]","Arthropoda","Insecta","Diptera","Culicidae","Culicinae","Aedini","Aedes","","0","99.69"
"CBAY0066_M_A","KUGA565-21[BOLD:AAA3750]","Arthropoda","Insecta","Diptera","Culicidae","Culicinae","Aedini","Aedes","","0","99.54"
"CBAY0066_M_A","MCHAD962-19[BOLD:AAA3750]","Arthropoda","Insecta","Diptera","Culicidae","Culicinae","Aedini","Aedes","","0","99.54"
"CBAY0066_M_A","MCHAE052-19[BOLD:AAA3750]","Arthropoda","Insecta","Diptera","Culicidae","Culicinae","Aedini","Aedes","","0","99.54"
"CBAY0066_M_A","NBPSI018-11[BOLD:AAA3750]","Arthropoda","Insecta","Diptera","Culicidae","Culicinae","Aedini","Aedes","Aedes impiger","0","99.54"
"CBAY0066_M_B","SIIP13437-24[BOLD:AAA3748]","Arthropoda","Insecta","Diptera","Culicidae","","","","","0","99.85"
"CBAY0066_M_B","FCHAR8616-19[BOLD:AAA3748]","Arthropoda","Insecta","Diptera","Culicidae","Culicinae","","","","0","99.85"
"CBAY0066_M_B","FCHAR8625-19[BOLD:AAA3748]","Arthropoda","Insecta","Diptera","Culicidae","Culicinae","","","","0","99.85"
"CBAY0066_M_B","GBMNE29317-21[BOLD:AAA3748]","Arthropoda","Insecta","Diptera","Culicidae","Culicinae","Aedini","","","0","99.85"
"CBAY0066_M_B","AEDNA869-12[BOLD:AAA3748]","Arthropoda","Insecta","Diptera","Culicidae","Culicinae","Aedini","Aedes","","0","99.85"
"CBAY0066_M_B","DIPFI112-12[BOLD:AAA3748]","Arthropoda","Insecta","Diptera","Culicidae","Culicinae","Aedini","Aedes","","0","99.85"
"CBAY0066_M_B","MCHAE1435-19[BOLD:AAA3748]","Arthropoda","Insecta","Diptera","Culicidae","Culicinae","Aedini","Aedes","","0","99.85"
"CBAY0066_M_B","AMMC020-07[BOLD:AAA3748]","Arthropoda","Insecta","Diptera","Culicidae","Culicinae","Aedini","Aedes","Aedes hexodontus","0","99.85"
"CBAY0066_M_B","MHMOS074-07[BOLD:AAA3748]","Arthropoda","Insecta","Diptera","Culicidae","Culicinae","Aedini","Aedes","Aedes hexodontus","0","99.85"
"CBAY0066_M_B","CULBE102-14[BOLD:AAA3748]","Arthropoda","Insecta","Diptera","Culicidae","Culicinae","Aedini","Aedes","Aedes punctor","0","99.85"
"CBAY0066_M_B","SIIP10650-24[BOLD:AAA3748]","Arthropoda","Insecta","Diptera","Culicidae","","","","","0","99.70"
"CBAY0066_M_B","SIIP2929-24[BOLD:AAA3748]","Arthropoda","Insecta","Diptera","Culicidae","","","","","0","99.70"
"CBAY0066_M_B","SIIP4634-24[BOLD:AAA3748]","Arthropoda","Insecta","Diptera","Culicidae","","","","","0","99.70"
"CBAY0066_M_B","TRDNE021-15[BOLD:AAA3748]","Arthropoda","Insecta","Diptera","Culicidae","Culicinae","Aedini","Aedes","","0","99.70"
"CBAY0066_M_B","TRDNE029-15[BOLD:AAA3748]","Arthropoda","Insecta","Diptera","Culicidae","Culicinae","Aedini","Aedes","","0","99.70"
"CBAY0066_M_B","MOSN12467-24[BOLD:AAA3748]","Arthropoda","Insecta","Diptera","Culicidae","Culicinae","Aedini","Aedes","Aedes hexodontus","0","99.70"
"CBAY0066_M_B","MOSN13523-26","Arthropoda","Insecta","Diptera","Culicidae","Culicinae","Aedini","Aedes","Aedes hexodontus","0","99.70"
"CBAY0066_M_B","MOSN7522-21[BOLD:AAA3748]","Arthropoda","Insecta","Diptera","Culicidae","Culicinae","Aedini","Aedes","Aedes hexodontus","0","99.70"
"CBAY0066_M_B","MOSN7537-21[BOLD:AAA3748]","Arthropoda","Insecta","Diptera","Culicidae","Culicinae","Aedini","Aedes","Aedes hexodontus","0","99.70"
"CBAY0066_M_B","MOSN9521-22[BOLD:AAA3748]","Arthropoda","Insecta","Diptera","Culicidae","Culicinae","Aedini","Aedes","Aedes hexodontus","0","99.70"
"CBAY0066_M_B","MOSN9666-22[BOLD:AAA3748]","Arthropoda","Insecta","Diptera","Culicidae","Culicinae","Aedini","Aedes","Aedes hexodontus","0","99.70"
"CBAY0066_M_B","SAMOS057-09[BOLD:AAA3748]","Arthropoda","Insecta","Diptera","Culicidae","Culicinae","Aedini","Aedes","Aedes hexodontus","0","99.70"
"CBAY0066_M_B","MOSN12477-24[BOLD:AAA3748]","Arthropoda","Insecta","Diptera","Culicidae","Culicinae","Aedini","Aedes","Aedes punctor","0","99.70"
"CBAY0066_M_B","MOSN13014-25[BOLD:AAA3748]","Arthropoda","Insecta","Diptera","Culicidae","Culicinae","Aedini","Aedes","Aedes punctor","0","99.70"
"CBAY0066_M_B","NEONU2138-13[BOLD:AAA3748]","Arthropoda","Insecta","Diptera","Culicidae","Culicinae","Aedini","Aedes","Aedes punctor","0","99.70"
"CBAY0070_M_A","BCHAR758-18[BOLD:AAA3748]","Arthropoda","Insecta","Diptera","Culicidae","Culicinae","","","","0","99.85"
"CBAY0070_M_A","DCHAR1022-19[BOLD:AAA3748]","Arthropoda","Insecta","Diptera","Culicidae","Culicinae","","","","0","99.85"
"CBAY0070_M_A","DCHAR1028-19[BOLD:AAA3748]","Arthropoda","Insecta","Diptera","Culicidae","Culicinae","","","","0","99.85"
"CBAY0070_M_A","FCHAR8785-19[BOLD:AAA3748]","Arthropoda","Insecta","Diptera","Culicidae","Culicinae","","","","0","99.85"
"CBAY0070_M_A","AMMC081-07[BOLD:AAA3748]","Arthropoda","Insecta","Diptera","Culicidae","Culicinae","Aedini","Aedes","","0","99.85"
"CBAY0070_M_A","JWDCC475-10[BOLD:AAA3748]","Arthropoda","Insecta","Diptera","Culicidae","Culicinae","Aedini","Aedes","","0","99.85"
"CBAY0070_M_A","MCHAB271-19[BOLD:AAA3748]","Arthropoda","Insecta","Diptera","Culicidae","Culicinae","Aedini","Aedes","","0","99.85"
"CBAY0070_M_A","MCHAB506-19[BOLD:AAA3748]","Arthropoda","Insecta","Diptera","Culicidae","Culicinae","Aedini","Aedes","","0","99.85"
"CBAY0070_M_A","MCHAE1402-19[BOLD:AAA3748]","Arthropoda","Insecta","Diptera","Culicidae","Culicinae","Aedini","Aedes","","0","99.85"
"CBAY0070_M_A","MHMOS067-07[BOLD:AAA3748]","Arthropoda","Insecta","Diptera","Culicidae","Culicinae","Aedini","Aedes","","0","99.85"
"CBAY0070_M_A","SWSWP011-09[BOLD:AAA3748]","Arthropoda","Insecta","Diptera","Culicidae","Culicinae","Aedini","Aedes","","0","99.85"
"CBAY0070_M_A","MOSN11429-23[BOLD:AAA3748]","Arthropoda","Insecta","Diptera","Culicidae","Culicinae","Aedini","Aedes","Aedes hexodontus","0","99.85"
"CBAY0070_M_A","MCHAB727-19[BOLD:AAA3748]","Arthropoda","Insecta","Diptera","Culicidae","Culicinae","Aedini","Aedes","","0","99.70"
"CBAY0070_M_A","MCHAD133-19[BOLD:AAA3748]","Arthropoda","Insecta","Diptera","Culicidae","Culicinae","Aedini","Aedes","","0","99.70"
"CBAY0070_M_A","MCHAE1439-19[BOLD:AAA3748]","Arthropoda","Insecta","Diptera","Culicidae","Culicinae","Aedini","Aedes","","0","99.70"
"CBAY0070_M_A","MOSN13111-25[BOLD:AAA3748]","Arthropoda","Insecta","Diptera","Culicidae","Culicinae","Aedini","Aedes","Aedes hexodontus","0","99.70"
"CBAY0070_M_A","FCHAR9351-20[BOLD:AAA3748]","Arthropoda","Insecta","Diptera","Culicidae","Culicinae","","","","0","99.69"
"CBAY0070_M_A","MCHAB628-19[BOLD:AAA3748]","Arthropoda","Insecta","Diptera","Culicidae","Culicinae","Aedini","Aedes","","0","99.69"
"CBAY0070_M_A","MCHAD132-19[BOLD:AAA3748]","Arthropoda","Insecta","Diptera","Culicidae","Culicinae","Aedini","Aedes","","0","99.69"
"CBAY0070_M_A","SIIP4634-24[BOLD:AAA3748]","Arthropoda","Insecta","Diptera","Culicidae","","","","","0","99.54"
"CBAY0070_M_A","JWDCF060-10[BOLD:AAA3748]","Arthropoda","Insecta","Diptera","Culicidae","Culicinae","Aedini","Aedes","","0","99.54"
"CBAY0070_M_A","AMMC027-07[BOLD:AAA3748]","Arthropoda","Insecta","Diptera","Culicidae","Culicinae","Aedini","Aedes","Aedes hexodontus","0","99.54"
"CBAY0070_M_A","JWDCC433-10[BOLD:AAA3748]","Arthropoda","Insecta","Diptera","Culicidae","Culicinae","Aedini","Aedes","Aedes hexodontus","0","99.54"
"CBAY0070_M_A","GBDP51899-19[BOLD:AAA3748]","Arthropoda","Insecta","Diptera","Culicidae","Culicinae","Aedini","Aedes","Aedes punctor","0","99.54"
"CBAY0070_M_A","NEONU2138-13[BOLD:AAA3748]","Arthropoda","Insecta","Diptera","Culicidae","Culicinae","Aedini","Aedes","Aedes punctor","0","99.54"
"CBAY0072_M_B","BCHAR758-18[BOLD:AAA3748]","Arthropoda","Insecta","Diptera","Culicidae","Culicinae","","","","0","99.85"
"CBAY0072_M_B","DCHAR1022-19[BOLD:AAA3748]","Arthropoda","Insecta","Diptera","Culicidae","Culicinae","","","","0","99.85"
"CBAY0072_M_B","DCHAR1028-19[BOLD:AAA3748]","Arthropoda","Insecta","Diptera","Culicidae","Culicinae","","","","0","99.85"
"CBAY0072_M_B","FCHAR8785-19[BOLD:AAA3748]","Arthropoda","Insecta","Diptera","Culicidae","Culicinae","","","","0","99.85"
"CBAY0072_M_B","AMMC081-07[BOLD:AAA3748]","Arthropoda","Insecta","Diptera","Culicidae","Culicinae","Aedini","Aedes","","0","99.85"
"CBAY0072_M_B","JWDCC475-10[BOLD:AAA3748]","Arthropoda","Insecta","Diptera","Culicidae","Culicinae","Aedini","Aedes","","0","99.85"
"CBAY0072_M_B","MCHAB271-19[BOLD:AAA3748]","Arthropoda","Insecta","Diptera","Culicidae","Culicinae","Aedini","Aedes","","0","99.85"
"CBAY0072_M_B","MCHAB506-19[BOLD:AAA3748]","Arthropoda","Insecta","Diptera","Culicidae","Culicinae","Aedini","Aedes","","0","99.85"
"CBAY0072_M_B","MCHAE1402-19[BOLD:AAA3748]","Arthropoda","Insecta","Diptera","Culicidae","Culicinae","Aedini","Aedes","","0","99.85"
"CBAY0072_M_B","MHMOS067-07[BOLD:AAA3748]","Arthropoda","Insecta","Diptera","Culicidae","Culicinae","Aedini","Aedes","","0","99.85"
"CBAY0072_M_B","SWSWP011-09[BOLD:AAA3748]","Arthropoda","Insecta","Diptera","Culicidae","Culicinae","Aedini","Aedes","","0","99.85"
"CBAY0072_M_B","MOSN11429-23[BOLD:AAA3748]","Arthropoda","Insecta","Diptera","Culicidae","Culicinae","Aedini","Aedes","Aedes hexodontus","0","99.85"
"CBAY0072_M_B","MCHAB727-19[BOLD:AAA3748]","Arthropoda","Insecta","Diptera","Culicidae","Culicinae","Aedini","Aedes","","0","99.70"
"CBAY0072_M_B","MCHAD133-19[BOLD:AAA3748]","Arthropoda","Insecta","Diptera","Culicidae","Culicinae","Aedini","Aedes","","0","99.70"
"CBAY0072_M_B","MCHAE1439-19[BOLD:AAA3748]","Arthropoda","Insecta","Diptera","Culicidae","Culicinae","Aedini","Aedes","","0","99.70"
"CBAY0072_M_B","MOSN13111-25[BOLD:AAA3748]","Arthropoda","Insecta","Diptera","Culicidae","Culicinae","Aedini","Aedes","Aedes hexodontus","0","99.70"
"CBAY0072_M_B","FCHAR3807-19[BOLD:AAA3748]","Arthropoda","Insecta","Diptera","Culicidae","Culicinae","","","","0","99.69"
"CBAY0072_M_B","FCHAR9351-20[BOLD:AAA3748]","Arthropoda","Insecta","Diptera","Culicidae","Culicinae","","","","0","99.69"
"CBAY0072_M_B","MCHAB628-19[BOLD:AAA3748]","Arthropoda","Insecta","Diptera","Culicidae","Culicinae","Aedini","Aedes","","0","99.69"
"CBAY0072_M_B","MCHAD132-19[BOLD:AAA3748]","Arthropoda","Insecta","Diptera","Culicidae","Culicinae","Aedini","Aedes","","0","99.69"
"CBAY0072_M_B","SIIP4634-24[BOLD:AAA3748]","Arthropoda","Insecta","Diptera","Culicidae","","","","","0","99.54"
"CBAY0072_M_B","JWDCF060-10[BOLD:AAA3748]","Arthropoda","Insecta","Diptera","Culicidae","Culicinae","Aedini","Aedes","","0","99.54"
"CBAY0072_M_B","AMMC027-07[BOLD:AAA3748]","Arthropoda","Insecta","Diptera","Culicidae","Culicinae","Aedini","Aedes","Aedes hexodontus","0","99.54"
"CBAY0072_M_B","GBDP51899-19[BOLD:AAA3748]","Arthropoda","Insecta","Diptera","Culicidae","Culicinae","Aedini","Aedes","Aedes punctor","0","99.54"
"CBAY0072_M_B","NEONU2138-13[BOLD:AAA3748]","Arthropoda","Insecta","Diptera","Culicidae","Culicinae","Aedini","Aedes","Aedes punctor","0","99.54"
"CBAY0078_M_I","MOSN13109-25[BOLD:AAA3748]","Arthropoda","Insecta","Diptera","Culicidae","Culicinae","Aedini","Aedes","Aedes punctor","0","100.00"
"CBAY0078_M_I","AKLEP1307-26","Arthropoda","Insecta","Diptera","Culicidae","","","","","0","99.85"
"CBAY0078_M_I","ABINP5358-21[BOLD:AAA3748]","Arthropoda","Insecta","Diptera","Culicidae","Culicinae","Aedini","Aedes","","0","99.85"
"CBAY0078_M_I","AEDNA864-12[BOLD:AAA3748]","Arthropoda","Insecta","Diptera","Culicidae","Culicinae","Aedini","Aedes","","0","99.85"
"CBAY0078_M_I","AEDNA902-12[BOLD:AAA3748]","Arthropoda","Insecta","Diptera","Culicidae","Culicinae","Aedini","Aedes","","0","99.85"
"CBAY0078_M_I","KUGA498-21[BOLD:AAA3748]","Arthropoda","Insecta","Diptera","Culicidae","Culicinae","Aedini","Aedes","","0","99.85"
"CBAY0078_M_I","MCHAD1270-19[BOLD:AAA3748]","Arthropoda","Insecta","Diptera","Culicidae","Culicinae","Aedini","Aedes","","0","99.85"
"CBAY0078_M_I","MCHAD150-19[BOLD:AAA3748]","Arthropoda","Insecta","Diptera","Culicidae","Culicinae","Aedini","Aedes","","0","99.85"
"CBAY0078_M_I","AKLEP1108-25[BOLD:AAA3748]","Arthropoda","Insecta","Diptera","Culicidae","Culicinae","Aedini","Aedes","Aedes abserratus","0","99.85"
"CBAY0078_M_I","AMMC077-07[BOLD:AAA3748]","Arthropoda","Insecta","Diptera","Culicidae","Culicinae","Aedini","Aedes","Aedes abserratus","0","99.85"
"CBAY0078_M_I","GBDP51845-19[BOLD:AAA3748]","Arthropoda","Insecta","Diptera","Culicidae","Culicinae","Aedini","Aedes","Aedes abserratus","0","99.85"
"CBAY0078_M_I","MHMOS085-07[BOLD:AAA3748]","Arthropoda","Insecta","Diptera","Culicidae","Culicinae","Aedini","Aedes","Aedes abserratus","0","99.85"
"CBAY0078_M_I","MOSN10225-23[BOLD:AAA3748]","Arthropoda","Insecta","Diptera","Culicidae","Culicinae","Aedini","Aedes","Aedes communis","0","99.85"
"CBAY0078_M_I","NEONU2141-13[BOLD:AAA3748]","Arthropoda","Insecta","Diptera","Culicidae","Culicinae","Aedini","Aedes","Aedes decticus","0","99.85"
"CBAY0078_M_I","MOSN4584-20[BOLD:AAA3748]","Arthropoda","Insecta","Diptera","Culicidae","Culicinae","Aedini","Aedes","Aedes diantaeus","0","99.85"
"CBAY0078_M_I","MOSN1993-18[BOLD:AAA3748]","Arthropoda","Insecta","Diptera","Culicidae","Culicinae","Aedini","Aedes","Aedes hexodontus","0","99.85"
"CBAY0078_M_I","NEONU2139-13[BOLD:AAA3748]","Arthropoda","Insecta","Diptera","Culicidae","Culicinae","Aedini","Aedes","Aedes intrudens","0","99.85"
"CBAY0078_M_I","MOSN12999-25[BOLD:AAA3748]","Arthropoda","Insecta","Diptera","Culicidae","Culicinae","Aedini","Aedes","Aedes nigripes","0","99.85"
"CBAY0078_M_I","JSDIQ006-10[BOLD:AAA3748]","Arthropoda","Insecta","Diptera","Culicidae","Culicinae","Aedini","Aedes","Aedes pionips","0","99.85"
"CBAY0078_M_I","NBPSI074-11[BOLD:AAA3748]","Arthropoda","Insecta","Diptera","Culicidae","Culicinae","Aedini","Aedes","Aedes pionips","0","99.85"
"CBAY0078_M_I","GBMND38915-21[BOLD:AAA3748]","Arthropoda","Insecta","Diptera","Culicidae","Culicinae","Aedini","Aedes","Aedes punctor","0","99.85"
"CBAY0078_M_I","MOSN10253-23[BOLD:AAA3748]","Arthropoda","Insecta","Diptera","Culicidae","Culicinae","Aedini","Aedes","Aedes punctor","0","99.85"
"CBAY0078_M_I","NBPSI075-11[BOLD:AAA3748]","Arthropoda","Insecta","Diptera","Culicidae","Culicinae","Aedini","Aedes","Aedes sp.","0","99.85"
"CBAY0078_M_I","AEDNA871-12[BOLD:AAA3748]","Arthropoda","Insecta","Diptera","Culicidae","Culicinae","Aedini","Aedes","","0","99.70"
"CBAY0078_M_I","UAMIC868-13[BOLD:AAA3748]","Arthropoda","Insecta","Diptera","Culicidae","Culicinae","Aedini","Aedes","Aedes abserratus","0","99.70"
"CBAY0096_M_A","BCHAR2501-18[BOLD:AAA3750]","Arthropoda","Insecta","Diptera","Culicidae","Culicinae","Aedini","Aedes","","0","100.00"
"CBAY0096_M_A","BCHAR1188-18[BOLD:AAA3750]","Arthropoda","Insecta","Diptera","Culicidae","Culicinae","Aedini","Aedes","","0","99.85"
"CBAY0096_M_A","BCHAR1418-18[BOLD:AAA3750]","Arthropoda","Insecta","Diptera","Culicidae","Culicinae","Aedini","Aedes","","0","99.85"
"CBAY0096_M_A","BCHAR203-18[BOLD:AAA3750]","Arthropoda","Insecta","Diptera","Culicidae","Culicinae","Aedini","Aedes","","0","99.85"
"CBAY0096_M_A","BCHAR590-18[BOLD:AAA3750]","Arthropoda","Insecta","Diptera","Culicidae","Culicinae","Aedini","Aedes","","0","99.85"
"CBAY0096_M_A","BCHAR630-18[BOLD:AAA3750]","Arthropoda","Insecta","Diptera","Culicidae","Culicinae","Aedini","Aedes","","0","99.85"
"CBAY0096_M_A","BCHAR711-18[BOLD:AAA3750]","Arthropoda","Insecta","Diptera","Culicidae","Culicinae","Aedini","Aedes","","0","99.85"
"CBAY0096_M_A","CCHAR3374-19[BOLD:AAA3750]","Arthropoda","Insecta","Diptera","Culicidae","Culicinae","Aedini","Aedes","","0","99.85"
"CBAY0096_M_A","DCHAR1014-19[BOLD:AAA3750]","Arthropoda","Insecta","Diptera","Culicidae","Culicinae","Aedini","Aedes","","0","99.85"
"CBAY0096_M_A","FCHAR8659-19[BOLD:AAA3750]","Arthropoda","Insecta","Diptera","Culicidae","Culicinae","Aedini","Aedes","","0","99.85"
"CBAY0096_M_A","FCHAR8833-19[BOLD:AAA3750]","Arthropoda","Insecta","Diptera","Culicidae","Culicinae","Aedini","Aedes","","0","99.85"
"CBAY0096_M_A","GJOA2164-21[BOLD:AAA3750]","Arthropoda","Insecta","Diptera","Culicidae","Culicinae","Aedini","Aedes","","0","99.85"
"CBAY0096_M_A","MCHAA154-19[BOLD:AAA3750]","Arthropoda","Insecta","Diptera","Culicidae","Culicinae","Aedini","Aedes","","0","99.85"
"CBAY0096_M_A","MCHAA1549-19[BOLD:AAA3750]","Arthropoda","Insecta","Diptera","Culicidae","Culicinae","Aedini","Aedes","","0","99.85"
"CBAY0096_M_A","MCHAA166-19[BOLD:AAA3750]","Arthropoda","Insecta","Diptera","Culicidae","Culicinae","Aedini","Aedes","","0","99.85"
"CBAY0096_M_A","MCHAC1382-19[BOLD:AAA3750]","Arthropoda","Insecta","Diptera","Culicidae","Culicinae","Aedini","Aedes","","0","99.85"
"CBAY0096_M_A","MCHAC1500-19[BOLD:AAA3750]","Arthropoda","Insecta","Diptera","Culicidae","Culicinae","Aedini","Aedes","","0","99.85"
"CBAY0096_M_A","MCHAC2000-19[BOLD:AAA3750]","Arthropoda","Insecta","Diptera","Culicidae","Culicinae","Aedini","Aedes","","0","99.85"
"CBAY0096_M_A","MCHAC924-19[BOLD:AAA3750]","Arthropoda","Insecta","Diptera","Culicidae","Culicinae","Aedini","Aedes","","0","99.85"
"CBAY0096_M_A","POLCO3443-20[BOLD:AAA3750]","Arthropoda","Insecta","Diptera","Culicidae","Culicinae","Aedini","Aedes","","0","99.85"
"CBAY0096_M_A","POLCO4405-20[BOLD:AAA3750]","Arthropoda","Insecta","Diptera","Culicidae","Culicinae","Aedini","Aedes","","0","99.85"
"CBAY0096_M_A","NBPSI006-11[BOLD:AAA3750]","Arthropoda","Insecta","Diptera","Culicidae","Culicinae","Aedini","Aedes","Aedes impiger","0","99.85"
"CBAY0096_M_A","NBPSI018-11[BOLD:AAA3750]","Arthropoda","Insecta","Diptera","Culicidae","Culicinae","Aedini","Aedes","Aedes impiger","0","99.70"
"CBAY0096_M_A","KUGA565-21[BOLD:AAA3750]","Arthropoda","Insecta","Diptera","Culicidae","Culicinae","Aedini","Aedes","","0","99.69"
"CBAY0096_M_A","MCHAD962-19[BOLD:AAA3750]","Arthropoda","Insecta","Diptera","Culicidae","Culicinae","Aedini","Aedes","","0","99.69"
"CBAY0098_M_E","ACHAR4067-19[BOLD:AAA3750]","Arthropoda","Insecta","Diptera","Culicidae","Culicinae","Aedini","Aedes","","0","100.00"
"CBAY0098_M_E","FCHAR6611-19[BOLD:AAA3750]","Arthropoda","Insecta","Diptera","Culicidae","Culicinae","Aedini","Aedes","","0","100.00"
"CBAY0098_M_E","FCHAR8098-19[BOLD:AAA3750]","Arthropoda","Insecta","Diptera","Culicidae","Culicinae","Aedini","Aedes","","0","100.00"
"CBAY0098_M_E","MCHAA192-19[BOLD:AAA3750]","Arthropoda","Insecta","Diptera","Culicidae","Culicinae","Aedini","Aedes","","0","100.00"
"CBAY0098_M_E","MCHAC853-19[BOLD:AAA3750]","Arthropoda","Insecta","Diptera","Culicidae","Culicinae","Aedini","Aedes","","0","100.00"
"CBAY0098_M_E","MCHAD1200-19[BOLD:AAA3750]","Arthropoda","Insecta","Diptera","Culicidae","Culicinae","Aedini","Aedes","","0","100.00"
"CBAY0098_M_E","MCHAD1742-19[BOLD:AAA3750]","Arthropoda","Insecta","Diptera","Culicidae","Culicinae","Aedini","Aedes","","0","100.00"
"CBAY0098_M_E","MCHAE1417-19[BOLD:AAA3750]","Arthropoda","Insecta","Diptera","Culicidae","Culicinae","Aedini","Aedes","","0","100.00"
"CBAY0098_M_E","POLCO3113-20[BOLD:AAA3750]","Arthropoda","Insecta","Diptera","Culicidae","Culicinae","Aedini","Aedes","","0","100.00"
"CBAY0098_M_E","CBAYB4852-24[BOLD:AAA3750]","Arthropoda","Insecta","Diptera","Culicidae","Culicinae","Aedini","Aedes","","0","99.85"
"CBAY0098_M_E","FCHAR3532-19[BOLD:AAA3750]","Arthropoda","Insecta","Diptera","Culicidae","Culicinae","Aedini","Aedes","","0","99.85"
"CBAY0098_M_E","MCHAB009-19[BOLD:AAA3750]","Arthropoda","Insecta","Diptera","Culicidae","Culicinae","Aedini","Aedes","","0","99.85"
"CBAY0098_M_E","MCHAB1059-19[BOLD:AAA3750]","Arthropoda","Insecta","Diptera","Culicidae","Culicinae","Aedini","Aedes","","0","99.85"
"CBAY0098_M_E","MCHAC1986-19[BOLD:AAA3750]","Arthropoda","Insecta","Diptera","Culicidae","Culicinae","Aedini","Aedes","","0","99.85"
"CBAY0098_M_E","MCHAC931-19[BOLD:AAA3750]","Arthropoda","Insecta","Diptera","Culicidae","Culicinae","Aedini","Aedes","","0","99.85"
"CBAY0098_M_E","MCHAE590-19[BOLD:AAA3750]","Arthropoda","Insecta","Diptera","Culicidae","Culicinae","Aedini","Aedes","","0","99.85"
"CBAY0098_M_E","POLCO3106-20[BOLD:AAA3750]","Arthropoda","Insecta","Diptera","Culicidae","Culicinae","Aedini","Aedes","","0","99.85"
"CBAY0098_M_E","POLCO4625-20[BOLD:AAA3750]","Arthropoda","Insecta","Diptera","Culicidae","Culicinae","Aedini","Aedes","","0","99.85"
"CBAY0098_M_E","POLCO7279-20[BOLD:AAA3750]","Arthropoda","Insecta","Diptera","Culicidae","Culicinae","Aedini","Aedes","","0","99.85"
"CBAY0098_M_E","POLCO934-20[BOLD:AAA3750]","Arthropoda","Insecta","Diptera","Culicidae","Culicinae","Aedini","Aedes","","0","99.85"
"CBAY0098_M_E","MOSN11440-23[BOLD:AAA3750]","Arthropoda","Insecta","Diptera","Culicidae","Culicinae","Aedini","Aedes","Aedes impiger","0","99.70"
"CBAY0098_M_E","MOSN12513-24[BOLD:AAA3750]","Arthropoda","Insecta","Diptera","Culicidae","Culicinae","Aedini","Aedes","Aedes impiger","0","99.70"
"CBAY0098_M_E","MOSN7738-21[BOLD:AAA3750]","Arthropoda","Insecta","Diptera","Culicidae","Culicinae","Aedini","Aedes","Aedes impiger","0","99.70"
"CBAY0098_M_E","MOSN12488-24[BOLD:AAA3750]","Arthropoda","Insecta","Diptera","Culicidae","Culicinae","Aedini","Aedes","Aedes implicatus","0","99.70"
"CBAY0098_M_E","MOSN12473-24[BOLD:AAA3750]","Arthropoda","Insecta","Diptera","Culicidae","Culicinae","Aedini","Aedes","Aedes nigripes","0","99.70"
"CBAY0103_M_A","MCHAA951-19[BOLD:AAA3748]","Arthropoda","Insecta","Diptera","Culicidae","Culicinae","Aedini","Aedes","","0","99.85"
"CBAY0103_M_A","UAMIC871-13[BOLD:AAA3748]","Arthropoda","Insecta","Diptera","Culicidae","Culicinae","Aedini","Aedes","Aedes nigripes","0","99.85"
"CBAY0103_M_A","MOSN7761-21[BOLD:AAA3748]","Arthropoda","Insecta","Diptera","Culicidae","Culicinae","Aedini","Aedes","Aedes punctor","0","99.85"
"CBAY0103_M_A","AKLEP1307-26","Arthropoda","Insecta","Diptera","Culicidae","","","","","0","99.70"
"CBAY0103_M_A","AEDNA864-12[BOLD:AAA3748]","Arthropoda","Insecta","Diptera","Culicidae","Culicinae","Aedini","Aedes","","0","99.70"
"CBAY0103_M_A","AEDNA902-12[BOLD:AAA3748]","Arthropoda","Insecta","Diptera","Culicidae","Culicinae","Aedini","Aedes","","0","99.70"
"CBAY0103_M_A","MCHAD1270-19[BOLD:AAA3748]","Arthropoda","Insecta","Diptera","Culicidae","Culicinae","Aedini","Aedes","","0","99.70"
"CBAY0103_M_A","AKLEP1108-25[BOLD:AAA3748]","Arthropoda","Insecta","Diptera","Culicidae","Culicinae","Aedini","Aedes","Aedes abserratus","0","99.70"
"CBAY0103_M_A","AMMC077-07[BOLD:AAA3748]","Arthropoda","Insecta","Diptera","Culicidae","Culicinae","Aedini","Aedes","Aedes abserratus","0","99.70"
"CBAY0103_M_A","ASDIP383-15[BOLD:AAA3748]","Arthropoda","Insecta","Diptera","Culicidae","Culicinae","Aedini","Aedes","Aedes abserratus","0","99.70"
"CBAY0103_M_A","GBDP51845-19[BOLD:AAA3748]","Arthropoda","Insecta","Diptera","Culicidae","Culicinae","Aedini","Aedes","Aedes abserratus","0","99.70"
"CBAY0103_M_A","MOSN10225-23[BOLD:AAA3748]","Arthropoda","Insecta","Diptera","Culicidae","Culicinae","Aedini","Aedes","Aedes communis","0","99.70"
"CBAY0103_M_A","NEONU2141-13[BOLD:AAA3748]","Arthropoda","Insecta","Diptera","Culicidae","Culicinae","Aedini","Aedes","Aedes decticus","0","99.70"
"CBAY0103_M_A","MOSN4584-20[BOLD:AAA3748]","Arthropoda","Insecta","Diptera","Culicidae","Culicinae","Aedini","Aedes","Aedes diantaeus","0","99.70"
"CBAY0103_M_A","MOSN1993-18[BOLD:AAA3748]","Arthropoda","Insecta","Diptera","Culicidae","Culicinae","Aedini","Aedes","Aedes hexodontus","0","99.70"
"CBAY0103_M_A","NEONU2139-13[BOLD:AAA3748]","Arthropoda","Insecta","Diptera","Culicidae","Culicinae","Aedini","Aedes","Aedes intrudens","0","99.70"
"CBAY0103_M_A","MOSN12999-25[BOLD:AAA3748]","Arthropoda","Insecta","Diptera","Culicidae","Culicinae","Aedini","Aedes","Aedes nigripes","0","99.70"
"CBAY0103_M_A","JSDIQ006-10[BOLD:AAA3748]","Arthropoda","Insecta","Diptera","Culicidae","Culicinae","Aedini","Aedes","Aedes pionips","0","99.70"
"CBAY0103_M_A","NBPSI074-11[BOLD:AAA3748]","Arthropoda","Insecta","Diptera","Culicidae","Culicinae","Aedini","Aedes","Aedes pionips","0","99.70"
"CBAY0103_M_A","GBMND38915-21[BOLD:AAA3748]","Arthropoda","Insecta","Diptera","Culicidae","Culicinae","Aedini","Aedes","Aedes punctor","0","99.70"
"CBAY0103_M_A","MOSN10253-23[BOLD:AAA3748]","Arthropoda","Insecta","Diptera","Culicidae","Culicinae","Aedini","Aedes","Aedes punctor","0","99.70"
"CBAY0103_M_A","NBPSI075-11[BOLD:AAA3748]","Arthropoda","Insecta","Diptera","Culicidae","Culicinae","Aedini","Aedes","Aedes sp.","0","99.70"
"CBAY0103_M_A","MOSN3906-19[BOLD:AAA3748]","Arthropoda","Insecta","Diptera","Culicidae","Culicinae","Aedini","Aedes","Aedes abserratus","0","99.54"
"CBAY0103_M_A","UAMIC868-13[BOLD:AAA3748]","Arthropoda","Insecta","Diptera","Culicidae","Culicinae","Aedini","Aedes","Aedes abserratus","0","99.54"
"CBAY0103_M_A","NEONU2137-13[BOLD:AAA3748]","Arthropoda","Insecta","Diptera","Culicidae","Culicinae","Aedini","Aedes","Aedes ventrovittis","0","99.54"
"CBAY0104_M_B","AEDNA873-12[BOLD:AAA3750]","Arthropoda","Insecta","Diptera","Culicidae","Culicinae","Aedini","Aedes","","0","99.70"
"CBAY0104_M_B","CCHAR5122-19[BOLD:AAA3750]","Arthropoda","Insecta","Diptera","Culicidae","Culicinae","Aedini","Aedes","","0","99.70"
"CBAY0104_M_B","FCHAR8966-19[BOLD:AAA3750]","Arthropoda","Insecta","Diptera","Culicidae","Culicinae","Aedini","Aedes","","0","99.70"
"CBAY0104_M_B","FCHAR9271-19[BOLD:AAA3750]","Arthropoda","Insecta","Diptera","Culicidae","Culicinae","Aedini","Aedes","","0","99.70"
"CBAY0104_M_B","KUGA527-21[BOLD:AAA3750]","Arthropoda","Insecta","Diptera","Culicidae","Culicinae","Aedini","Aedes","","0","99.70"
"CBAY0104_M_B","MCHAB016-19[BOLD:AAA3750]","Arthropoda","Insecta","Diptera","Culicidae","Culicinae","Aedini","Aedes","","0","99.70"
"CBAY0104_M_B","MCHAC1227-19[BOLD:AAA3750]","Arthropoda","Insecta","Diptera","Culicidae","Culicinae","Aedini","Aedes","","0","99.70"
"CBAY0104_M_B","SAPIT130-08[BOLD:AAA3750]","Arthropoda","Insecta","Diptera","Culicidae","Culicinae","Aedini","Aedes","","0","99.70"
"CBAY0104_M_B","JWDCE725-10[BOLD:AAA3750]","Arthropoda","Insecta","Diptera","Culicidae","Culicinae","Aedini","Aedes","Aedes nigripes","0","99.70"
"CBAY0104_M_B","ACHAR1813-18[BOLD:AAA3750]","Arthropoda","Insecta","Diptera","Culicidae","Culicinae","Aedini","Aedes","","0","99.69"
"CBAY0104_M_B","BCHAR102-18[BOLD:AAA3750]","Arthropoda","Insecta","Diptera","Culicidae","Culicinae","Aedini","Aedes","","0","99.69"
"CBAY0104_M_B","BCHAR1417-18[BOLD:AAA3750]","Arthropoda","Insecta","Diptera","Culicidae","Culicinae","Aedini","Aedes","","0","99.69"
"CBAY0104_M_B","BCHAR598-18[BOLD:AAA3750]","Arthropoda","Insecta","Diptera","Culicidae","Culicinae","Aedini","Aedes","","0","99.69"
"CBAY0104_M_B","CBAYA3077-22[BOLD:AAA3750]","Arthropoda","Insecta","Diptera","Culicidae","Culicinae","Aedini","Aedes","","0","99.69"
"CBAY0104_M_B","MCHAA131-19[BOLD:AAA3750]","Arthropoda","Insecta","Diptera","Culicidae","Culicinae","Aedini","Aedes","","0","99.69"
"CBAY0104_M_B","MCHAC1662-19[BOLD:AAA3750]","Arthropoda","Insecta","Diptera","Culicidae","Culicinae","Aedini","Aedes","","0","99.69"
"CBAY0104_M_B","MCHAE135-19[BOLD:AAA3750]","Arthropoda","Insecta","Diptera","Culicidae","Culicinae","Aedini","Aedes","","0","99.69"
"CBAY0104_M_B","MCHAE1400-19[BOLD:AAA3750]","Arthropoda","Insecta","Diptera","Culicidae","Culicinae","Aedini","Aedes","","0","99.69"
"CBAY0104_M_B","MCHAE1416-19[BOLD:AAA3750]","Arthropoda","Insecta","Diptera","Culicidae","Culicinae","Aedini","Aedes","","0","99.69"
"CBAY0104_M_B","POLCO4034-20[BOLD:AAA3750]","Arthropoda","Insecta","Diptera","Culicidae","Culicinae","Aedini","Aedes","","0","99.69"
"CBAY0104_M_B","ABWYT31267-24[BOLD:AAA3750]","Arthropoda","Insecta","Diptera","Culicidae","Culicinae","Aedini","Aedes","","0","99.54"
"CBAY0104_M_B","GBMNE29326-21[BOLD:AAA3750]","Arthropoda","Insecta","Diptera","Culicidae","Culicinae","Aedini","Aedes","","0","99.54"
"CBAY0104_M_B","MOSN13601-26","Arthropoda","Insecta","Diptera","Culicidae","Culicinae","Aedini","Aedes","Aedes implicatus","0","99.54"
"CBAY0104_M_B","JWDCE171-10[BOLD:AAA3750]","Arthropoda","Insecta","Diptera","Culicidae","Culicinae","Aedini","Aedes","Aedes nigripes","0","99.54"
"CBAY0104_M_B","NBPSI082-11[BOLD:AAA3750]","Arthropoda","Insecta","Diptera","Culicidae","Culicinae","Aedini","Aedes","Aedes nigripes","0","99.39"
"CBAY0104_M_C","JWDCB146-10[BOLD:AAA3748]","Arthropoda","Insecta","Diptera","Culicidae","Culicinae","Aedini","Aedes","Aedes abserratus","0","97.57"
"CBAY0104_M_C","MOSN11319-23[BOLD:AAA3748]","Arthropoda","Insecta","Diptera","Culicidae","Culicinae","Aedini","Aedes","Aedes hexodontus","0","97.57"
"CBAY0104_M_C","UAMIC871-13[BOLD:AAA3748]","Arthropoda","Insecta","Diptera","Culicidae","Culicinae","Aedini","Aedes","Aedes nigripes","0","97.57"
"CBAY0104_M_C","MOSN7761-21[BOLD:AAA3748]","Arthropoda","Insecta","Diptera","Culicidae","Culicinae","Aedini","Aedes","Aedes punctor","0","97.57"
"CBAY0104_M_C","MOSN8423-22[BOLD:AAA3748]","Arthropoda","Insecta","Diptera","Culicidae","Culicinae","Aedini","Aedes","Aedes punctor","0","97.57"
"CBAY0104_M_C","MCHAB339-19[BOLD:AAA3748]","Arthropoda","Insecta","Diptera","Culicidae","Culicinae","Aedini","Aedes","","0","97.56"
"CBAY0104_M_C","AKLEP1307-26","Arthropoda","Insecta","Diptera","Culicidae","","","","","0","97.42"
"CBAY0104_M_C","AEDNA864-12[BOLD:AAA3748]","Arthropoda","Insecta","Diptera","Culicidae","Culicinae","Aedini","Aedes","","0","97.42"
"CBAY0104_M_C","MCHAD1270-19[BOLD:AAA3748]","Arthropoda","Insecta","Diptera","Culicidae","Culicinae","Aedini","Aedes","","0","97.42"
"CBAY0104_M_C","AKLEP1108-25[BOLD:AAA3748]","Arthropoda","Insecta","Diptera","Culicidae","Culicinae","Aedini","Aedes","Aedes abserratus","0","97.42"
"CBAY0104_M_C","ASDIP383-15[BOLD:AAA3748]","Arthropoda","Insecta","Diptera","Culicidae","Culicinae","Aedini","Aedes","Aedes abserratus","0","97.42"
"CBAY0104_M_C","MOSN10225-23[BOLD:AAA3748]","Arthropoda","Insecta","Diptera","Culicidae","Culicinae","Aedini","Aedes","Aedes communis","0","97.42"
"CBAY0104_M_C","NEONU2141-13[BOLD:AAA3748]","Arthropoda","Insecta","Diptera","Culicidae","Culicinae","Aedini","Aedes","Aedes decticus","0","97.42"
"CBAY0104_M_C","MOSN4584-20[BOLD:AAA3748]","Arthropoda","Insecta","Diptera","Culicidae","Culicinae","Aedini","Aedes","Aedes diantaeus","0","97.42"
"CBAY0104_M_C","MOSN13096-25[BOLD:AAA3748]","Arthropoda","Insecta","Diptera","Culicidae","Culicinae","Aedini","Aedes","Aedes hexodontus","0","97.42"
"CBAY0104_M_C","MOSN1993-18[BOLD:AAA3748]","Arthropoda","Insecta","Diptera","Culicidae","Culicinae","Aedini","Aedes","Aedes hexodontus","0","97.42"
"CBAY0104_M_C","NEONU2139-13[BOLD:AAA3748]","Arthropoda","Insecta","Diptera","Culicidae","Culicinae","Aedini","Aedes","Aedes intrudens","0","97.42"
"CBAY0104_M_C","MOSN12999-25[BOLD:AAA3748]","Arthropoda","Insecta","Diptera","Culicidae","Culicinae","Aedini","Aedes","Aedes nigripes","0","97.42"
"CBAY0104_M_C","JSDIQ006-10[BOLD:AAA3748]","Arthropoda","Insecta","Diptera","Culicidae","Culicinae","Aedini","Aedes","Aedes pionips","0","97.42"
"CBAY0104_M_C","NBPSI074-11[BOLD:AAA3748]","Arthropoda","Insecta","Diptera","Culicidae","Culicinae","Aedini","Aedes","Aedes pionips","0","97.42"
"CBAY0104_M_C","MOSN10253-23[BOLD:AAA3748]","Arthropoda","Insecta","Diptera","Culicidae","Culicinae","Aedini","Aedes","Aedes punctor","0","97.42"
"CBAY0104_M_C","MOSN7673-21[BOLD:AAA3748]","Arthropoda","Insecta","Diptera","Culicidae","Culicinae","Aedini","Aedes","Aedes punctor","0","97.42"
"CBAY0104_M_C","NBPSI075-11[BOLD:AAA3748]","Arthropoda","Insecta","Diptera","Culicidae","Culicinae","Aedini","Aedes","Aedes sp.","0","97.42"
"CBAY0104_M_C","MOSN3906-19[BOLD:AAA3748]","Arthropoda","Insecta","Diptera","Culicidae","Culicinae","Aedini","Aedes","Aedes abserratus","0","97.26"
"CBAY0104_M_C","NEONU2137-13[BOLD:AAA3748]","Arthropoda","Insecta","Diptera","Culicidae","Culicinae","Aedini","Aedes","Aedes ventrovittis","0","97.26"
"CBAY0106_M_A","BCHAR1180-18[BOLD:AAA3750]","Arthropoda","Insecta","Diptera","Culicidae","Culicinae","Aedini","Aedes","","0","99.85"
"CBAY0106_M_A","BCHAR1190-18[BOLD:AAA3750]","Arthropoda","Insecta","Diptera","Culicidae","Culicinae","Aedini","Aedes","","0","99.85"
"CBAY0106_M_A","BCHAR1249-18[BOLD:AAA3750]","Arthropoda","Insecta","Diptera","Culicidae","Culicinae","Aedini","Aedes","","0","99.85"
"CBAY0106_M_A","BCHAR139-18[BOLD:AAA3750]","Arthropoda","Insecta","Diptera","Culicidae","Culicinae","Aedini","Aedes","","0","99.85"
"CBAY0106_M_A","CCHAR2675-19[BOLD:AAA3750]","Arthropoda","Insecta","Diptera","Culicidae","Culicinae","Aedini","Aedes","","0","99.85"
"CBAY0106_M_A","CCHAR5177-19[BOLD:AAA3750]","Arthropoda","Insecta","Diptera","Culicidae","Culicinae","Aedini","Aedes","","0","99.85"
"CBAY0106_M_A","DCHAR1240-19[BOLD:AAA3750]","Arthropoda","Insecta","Diptera","Culicidae","Culicinae","Aedini","Aedes","","0","99.85"
"CBAY0106_M_A","DCHAR3912-19[BOLD:AAA3750]","Arthropoda","Insecta","Diptera","Culicidae","Culicinae","Aedini","Aedes","","0","99.85"
"CBAY0106_M_A","DCHAR843-19[BOLD:AAA3750]","Arthropoda","Insecta","Diptera","Culicidae","Culicinae","Aedini","Aedes","","0","99.85"
"CBAY0106_M_A","DNARB2956-23[BOLD:AAA3750]","Arthropoda","Insecta","Diptera","Culicidae","Culicinae","Aedini","Aedes","","0","99.85"
"CBAY0106_M_A","MCHAC1531-19[BOLD:AAA3750]","Arthropoda","Insecta","Diptera","Culicidae","Culicinae","Aedini","Aedes","","0","99.85"
"CBAY0106_M_A","MCHAE118-19[BOLD:AAA3750]","Arthropoda","Insecta","Diptera","Culicidae","Culicinae","Aedini","Aedes","","0","99.85"
"CBAY0106_M_A","MCHAE390-19[BOLD:AAA3750]","Arthropoda","Insecta","Diptera","Culicidae","Culicinae","Aedini","Aedes","","0","99.85"
"CBAY0106_M_A","POLCO4226-20[BOLD:AAA3750]","Arthropoda","Insecta","Diptera","Culicidae","Culicinae","Aedini","Aedes","","0","99.70"
"CBAY0106_M_A","MCHAA1523-19[BOLD:AAA3750]","Arthropoda","Insecta","Diptera","Culicidae","Culicinae","Aedini","Aedes","","0","99.69"
"CBAY0106_M_A","MCHAC1507-19[BOLD:AAA3750]","Arthropoda","Insecta","Diptera","Culicidae","Culicinae","Aedini","Aedes","","0","99.69"
"CBAY0106_M_A","MCHAC1554-19[BOLD:AAA3750]","Arthropoda","Insecta","Diptera","Culicidae","Culicinae","Aedini","Aedes","","0","99.69"
"CBAY0106_M_A","MCHAE727-19[BOLD:AAA3750]","Arthropoda","Insecta","Diptera","Culicidae","Culicinae","Aedini","Aedes","","0","99.69"
"CBAY0106_M_A","ABWYT31267-24[BOLD:AAA3750]","Arthropoda","Insecta","Diptera","Culicidae","Culicinae","Aedini","Aedes","","0","99.54"
"CBAY0106_M_A","SAPIT099-08[BOLD:AAA3750]","Arthropoda","Insecta","Diptera","Culicidae","Culicinae","Aedini","Aedes","","0","99.54"
"CBAY0106_M_A","MOSN13601-26","Arthropoda","Insecta","Diptera","Culicidae","Culicinae","Aedini","Aedes","Aedes implicatus","0","99.54"
"CBAY0106_M_A","JWDCE145-10[BOLD:AAA3750]","Arthropoda","Insecta","Diptera","Culicidae","Culicinae","Aedini","Aedes","Aedes nigripes","0","99.54"
"CBAY0106_M_A","JWDCE171-10[BOLD:AAA3750]","Arthropoda","Insecta","Diptera","Culicidae","Culicinae","Aedini","Aedes","Aedes nigripes","0","99.54"
"CBAY0106_M_A","MOSN12455-24[BOLD:AAA3750]","Arthropoda","Insecta","Diptera","Culicidae","Culicinae","Aedini","Aedes","Aedes nigripes","0","99.54"
"CBAY0106_M_A","MOSN3749-19[BOLD:AAA3750]","Arthropoda","Insecta","Diptera","Culicidae","Culicinae","Aedini","Aedes","Aedes nigripes","0","99.54"
"CBAY0108_M_A","MCHAE1450-19[BOLD:AAA3751]","Arthropoda","Insecta","Diptera","Culicidae","Culicinae","Aedini","Aedes","","0","100.00"
"CBAY0108_M_A","MOSN12457-24[BOLD:AAA3751]","Arthropoda","Insecta","Diptera","Culicidae","Culicinae","Aedini","Aedes","Aedes communis","0","99.09"
"CBAY0108_M_A","MOSN12469-24[BOLD:AAA3751]","Arthropoda","Insecta","Diptera","Culicidae","Culicinae","Aedini","Aedes","Aedes hexodontus","0","99.09"
"CBAY0108_M_A","MOSN9517-22[BOLD:AAA3751]","Arthropoda","Insecta","Diptera","Culicidae","Culicinae","Aedini","Aedes","Aedes pullatus","0","98.94"
"CBAY0108_M_A","MOSN7550-21[BOLD:AAA3751]","Arthropoda","Insecta","Diptera","Culicidae","Culicinae","Aedini","Aedes","Aedes pullatus","0","98.78"
"CBAY0108_M_A","OPPEK6101-17[BOLD:AAA3751]","Arthropoda","Insecta","Diptera","Culicidae","Culicinae","Aedini","Aedes","","0","97.87"
"CBAY0108_M_A","BBDCP582-10[BOLD:AAA3751]","Arthropoda","Insecta","Diptera","Culicidae","Culicinae","Aedini","Aedes","Aedes communis","0","97.87"
"CBAY0108_M_A","SAMOS042-09[BOLD:AAA3751]","Arthropoda","Insecta","Diptera","Culicidae","Culicinae","Aedini","Aedes","Aedes communis complex","0","97.87"
"CBAY0108_M_A","SAMOS062-09[BOLD:AAA3751]","Arthropoda","Insecta","Diptera","Culicidae","Culicinae","Aedini","Aedes","Aedes communis complex","0","97.87"
"CBAY0108_M_A","AMCAT098-21[BOLD:AAA3751]","Arthropoda","Insecta","Diptera","Culicidae","Culicinae","Aedini","Aedes","","0","97.86"
"CBAY0108_M_A","FCHAR2138-19[BOLD:AAA3751]","Arthropoda","Insecta","Diptera","Culicidae","Culicinae","Aedini","Aedes","","0","97.86"
"CBAY0108_M_A","CNWAC2035-14[BOLD:AAA3751]","Arthropoda","Insecta","Diptera","Culicidae","Culicinae","Aedini","Aedes","Aedes communis","0","97.84"
"CBAY0108_M_A","OPPEK1401-17[BOLD:AAA3751]","Arthropoda","Insecta","Diptera","Culicidae","Culicinae","Aedini","Aedes","","0","97.72"
"CBAY0108_M_A","JWDCJ600-11[BOLD:AAA3751]","Arthropoda","Insecta","Diptera","Culicidae","Culicinae","Aedini","Aedes","Aedes communis complex","0","97.72"
"CBAY0108_M_A","SAMOS040-09[BOLD:AAA3751]","Arthropoda","Insecta","Diptera","Culicidae","Culicinae","Aedini","Aedes","Aedes communis complex","0","97.72"
"CBAY0108_M_A","MOSN11377-23[BOLD:AAA3751]","Arthropoda","Insecta","Diptera","Culicidae","Culicinae","Aedini","Aedes","Aedes pullatus","0","97.72"
"CBAY0108_M_A","ASDIP806-15[BOLD:AAA3751]","Arthropoda","Insecta","Diptera","Culicidae","Culicinae","Aedini","Aedes","Aedes communis","0","97.57"
"CBAY0108_M_A","MOSN2034-19[BOLD:AAA3751]","Arthropoda","Insecta","Diptera","Culicidae","Culicinae","Aedini","Aedes","Aedes communis","0","97.57"
"CBAY0108_M_A","MOSN8393-22[BOLD:AAA3751]","Arthropoda","Insecta","Diptera","Culicidae","Culicinae","Aedini","Aedes","Aedes communis","0","97.57"
"CBAY0108_M_A","MOSN389-18[BOLD:AAA3751]","Arthropoda","Insecta","Diptera","Culicidae","Culicinae","Aedini","Aedes","Aedes communis","0","97.42"
"CBAY0108_M_A","MOSN725-18[BOLD:AAA3751]","Arthropoda","Insecta","Diptera","Culicidae","Culicinae","Aedini","Aedes","Aedes communis","0","97.42"
"CBAY0108_M_A","OPPCC1432-17[BOLD:AAA3751]","Arthropoda","Insecta","Diptera","Culicidae","Culicinae","Aedini","Aedes","","0","97.26"
"CBAY0108_M_A","MOSN10224-23[BOLD:AAA3751]","Arthropoda","Insecta","Diptera","Culicidae","Culicinae","Aedini","Aedes","Aedes communis","0","97.26"
"CBAY0108_M_A","MOSN734-18[BOLD:AAA3751]","Arthropoda","Insecta","Diptera","Culicidae","Culicinae","Aedini","Aedes","Aedes communis","0","97.26"
"CBAY0108_M_A","MOSN147-18[BOLD:AAA3751]","Arthropoda","Insecta","Diptera","Culicidae","Culicinae","Aedini","Aedes","Aedes intrudens","0","97.26"
"CBAY0136_M_C","CBAYA3090-22[BOLD:AAA3750]","Arthropoda","Insecta","Diptera","Culicidae","Culicinae","Aedini","Aedes","","0","95.74"
"CBAY0136_M_C","FCHAR8659-19[BOLD:AAA3750]","Arthropoda","Insecta","Diptera","Culicidae","Culicinae","Aedini","Aedes","","0","95.74"
"CBAY0136_M_C","NBPSI006-11[BOLD:AAA3750]","Arthropoda","Insecta","Diptera","Culicidae","Culicinae","Aedini","Aedes","Aedes impiger","0","95.74"
"CBAY0136_M_C","MOSN12454-24[BOLD:AAA3750]","Arthropoda","Insecta","Diptera","Culicidae","Culicinae","Aedini","Aedes","Aedes nigripes","0","95.74"
"CBAY0136_M_C","MOSN3749-19[BOLD:AAA3750]","Arthropoda","Insecta","Diptera","Culicidae","Culicinae","Aedini","Aedes","Aedes nigripes","0","95.74"
"CBAY0136_M_C","BCHAR590-18[BOLD:AAA3750]","Arthropoda","Insecta","Diptera","Culicidae","Culicinae","Aedini","Aedes","","0","95.73"
"CBAY0136_M_C","BCHAR630-18[BOLD:AAA3750]","Arthropoda","Insecta","Diptera","Culicidae","Culicinae","Aedini","Aedes","","0","95.73"
"CBAY0136_M_C","FCHAR8833-19[BOLD:AAA3750]","Arthropoda","Insecta","Diptera","Culicidae","Culicinae","Aedini","Aedes","","0","95.73"
"CBAY0136_M_C","GJOA2164-21[BOLD:AAA3750]","Arthropoda","Insecta","Diptera","Culicidae","Culicinae","Aedini","Aedes","","0","95.73"
"CBAY0136_M_C","MCHAA154-19[BOLD:AAA3750]","Arthropoda","Insecta","Diptera","Culicidae","Culicinae","Aedini","Aedes","","0","95.73"
"CBAY0136_M_C","MCHAA1549-19[BOLD:AAA3750]","Arthropoda","Insecta","Diptera","Culicidae","Culicinae","Aedini","Aedes","","0","95.73"
"CBAY0136_M_C","MCHAA166-19[BOLD:AAA3750]","Arthropoda","Insecta","Diptera","Culicidae","Culicinae","Aedini","Aedes","","0","95.73"
"CBAY0136_M_C","MCHAC1382-19[BOLD:AAA3750]","Arthropoda","Insecta","Diptera","Culicidae","Culicinae","Aedini","Aedes","","0","95.73"
"CBAY0136_M_C","MCHAC2000-19[BOLD:AAA3750]","Arthropoda","Insecta","Diptera","Culicidae","Culicinae","Aedini","Aedes","","0","95.73"
"CBAY0136_M_C","MCHAC924-19[BOLD:AAA3750]","Arthropoda","Insecta","Diptera","Culicidae","Culicinae","Aedini","Aedes","","0","95.73"
"CBAY0136_M_C","POLCO3443-20[BOLD:AAA3750]","Arthropoda","Insecta","Diptera","Culicidae","Culicinae","Aedini","Aedes","","0","95.73"
"CBAY0136_M_C","POLCO4405-20[BOLD:AAA3750]","Arthropoda","Insecta","Diptera","Culicidae","Culicinae","Aedini","Aedes","","0","95.72"
"CBAY0136_M_C","SAPIT099-08[BOLD:AAA3750]","Arthropoda","Insecta","Diptera","Culicidae","Culicinae","Aedini","Aedes","","0","95.59"
"CBAY0136_M_C","NBPSI018-11[BOLD:AAA3750]","Arthropoda","Insecta","Diptera","Culicidae","Culicinae","Aedini","Aedes","Aedes impiger","0","95.59"
"CBAY0136_M_C","MOSN12455-24[BOLD:AAA3750]","Arthropoda","Insecta","Diptera","Culicidae","Culicinae","Aedini","Aedes","Aedes nigripes","0","95.59"
"CBAY0136_M_C","MOSN12472-24[BOLD:AAA3750]","Arthropoda","Insecta","Diptera","Culicidae","Culicinae","Aedini","Aedes","Aedes nigripes","0","95.59"
"CBAY0136_M_C","MOSN13502-26","Arthropoda","Insecta","Diptera","Culicidae","Culicinae","Aedini","Aedes","Aedes nigripes","0","95.59"
"CBAY0136_M_C","SAMOS022-09[BOLD:AAA3750]","Arthropoda","Insecta","Diptera","Culicidae","Culicinae","Aedini","Aedes","Aedes nigripes","0","95.59"
"CBAY0136_M_C","MOSN7563-21[BOLD:AAA3750]","Arthropoda","Insecta","Diptera","Culicidae","Culicinae","Aedini","Aedes","Aedes ventrovittis","0","95.59"
"CBAY0136_M_C","MOSN7564-21[BOLD:AAA3750]","Arthropoda","Insecta","Diptera","Culicidae","Culicinae","Aedini","Aedes","Aedes ventrovittis","0","95.59"
"CBAY0169_M_C","JWDCB146-10[BOLD:AAA3748]","Arthropoda","Insecta","Diptera","Culicidae","Culicinae","Aedini","Aedes","Aedes abserratus","0","97.11"
"CBAY0169_M_C","SAMOS032-09[BOLD:AAA3748]","Arthropoda","Insecta","Diptera","Culicidae","Culicinae","Aedini","Aedes","Aedes abserratus","0","97.11"
"CBAY0169_M_C","MOSN11319-23[BOLD:AAA3748]","Arthropoda","Insecta","Diptera","Culicidae","Culicinae","Aedini","Aedes","Aedes hexodontus","0","97.11"
"CBAY0169_M_C","UAMIC871-13[BOLD:AAA3748]","Arthropoda","Insecta","Diptera","Culicidae","Culicinae","Aedini","Aedes","Aedes nigripes","0","97.11"
"CBAY0169_M_C","MOSN7761-21[BOLD:AAA3748]","Arthropoda","Insecta","Diptera","Culicidae","Culicinae","Aedini","Aedes","Aedes punctor","0","97.11"
"CBAY0169_M_C","MCHAB339-19[BOLD:AAA3748]","Arthropoda","Insecta","Diptera","Culicidae","Culicinae","Aedini","Aedes","","0","97.10"
"CBAY0169_M_C","AKLEP1307-26","Arthropoda","Insecta","Diptera","Culicidae","","","","","0","96.96"
"CBAY0169_M_C","AEDNA864-12[BOLD:AAA3748]","Arthropoda","Insecta","Diptera","Culicidae","Culicinae","Aedini","Aedes","","0","96.96"
"CBAY0169_M_C","MCHAD1270-19[BOLD:AAA3748]","Arthropoda","Insecta","Diptera","Culicidae","Culicinae","Aedini","Aedes","","0","96.96"
"CBAY0169_M_C","AKLEP1108-25[BOLD:AAA3748]","Arthropoda","Insecta","Diptera","Culicidae","Culicinae","Aedini","Aedes","Aedes abserratus","0","96.96"
"CBAY0169_M_C","ASDIP383-15[BOLD:AAA3748]","Arthropoda","Insecta","Diptera","Culicidae","Culicinae","Aedini","Aedes","Aedes abserratus","0","96.96"
"CBAY0169_M_C","MOSN10225-23[BOLD:AAA3748]","Arthropoda","Insecta","Diptera","Culicidae","Culicinae","Aedini","Aedes","Aedes communis","0","96.96"
"CBAY0169_M_C","NEONU2141-13[BOLD:AAA3748]","Arthropoda","Insecta","Diptera","Culicidae","Culicinae","Aedini","Aedes","Aedes decticus","0","96.96"
"CBAY0169_M_C","MOSN4584-20[BOLD:AAA3748]","Arthropoda","Insecta","Diptera","Culicidae","Culicinae","Aedini","Aedes","Aedes diantaeus","0","96.96"
"CBAY0169_M_C","MOSN13096-25[BOLD:AAA3748]","Arthropoda","Insecta","Diptera","Culicidae","Culicinae","Aedini","Aedes","Aedes hexodontus","0","96.96"
"CBAY0169_M_C","MOSN1993-18[BOLD:AAA3748]","Arthropoda","Insecta","Diptera","Culicidae","Culicinae","Aedini","Aedes","Aedes hexodontus","0","96.96"
"CBAY0169_M_C","NEONU2139-13[BOLD:AAA3748]","Arthropoda","Insecta","Diptera","Culicidae","Culicinae","Aedini","Aedes","Aedes intrudens","0","96.96"
"CBAY0169_M_C","MOSN12999-25[BOLD:AAA3748]","Arthropoda","Insecta","Diptera","Culicidae","Culicinae","Aedini","Aedes","Aedes nigripes","0","96.96"
"CBAY0169_M_C","JSDIQ006-10[BOLD:AAA3748]","Arthropoda","Insecta","Diptera","Culicidae","Culicinae","Aedini","Aedes","Aedes pionips","0","96.96"
"CBAY0169_M_C","NBPSI074-11[BOLD:AAA3748]","Arthropoda","Insecta","Diptera","Culicidae","Culicinae","Aedini","Aedes","Aedes pionips","0","96.96"
"CBAY0169_M_C","MOSN10253-23[BOLD:AAA3748]","Arthropoda","Insecta","Diptera","Culicidae","Culicinae","Aedini","Aedes","Aedes punctor","0","96.96"
"CBAY0169_M_C","MOSN7673-21[BOLD:AAA3748]","Arthropoda","Insecta","Diptera","Culicidae","Culicinae","Aedini","Aedes","Aedes punctor","0","96.96"
"CBAY0169_M_C","NBPSI075-11[BOLD:AAA3748]","Arthropoda","Insecta","Diptera","Culicidae","Culicinae","Aedini","Aedes","Aedes sp.","0","96.96"
"CBAY0169_M_C","MOSN3906-19[BOLD:AAA3748]","Arthropoda","Insecta","Diptera","Culicidae","Culicinae","Aedini","Aedes","Aedes abserratus","0","96.81"
"CBAY0169_M_C","NEONU2137-13[BOLD:AAA3748]","Arthropoda","Insecta","Diptera","Culicidae","Culicinae","Aedini","Aedes","Aedes ventrovittis","0","96.81"
"CBAY0169_M_D","FCHAR8659-19[BOLD:AAA3750]","Arthropoda","Insecta","Diptera","Culicidae","Culicinae","Aedini","Aedes","","0","97.87"
"CBAY0169_M_D","FCHAR8833-19[BOLD:AAA3750]","Arthropoda","Insecta","Diptera","Culicidae","Culicinae","Aedini","Aedes","","0","97.87"
"CBAY0169_M_D","GJOA2164-21[BOLD:AAA3750]","Arthropoda","Insecta","Diptera","Culicidae","Culicinae","Aedini","Aedes","","0","97.87"
"CBAY0169_M_D","MCHAA1549-19[BOLD:AAA3750]","Arthropoda","Insecta","Diptera","Culicidae","Culicinae","Aedini","Aedes","","0","97.87"
"CBAY0169_M_D","MCHAA166-19[BOLD:AAA3750]","Arthropoda","Insecta","Diptera","Culicidae","Culicinae","Aedini","Aedes","","0","97.87"
"CBAY0169_M_D","MCHAB1071-19[BOLD:AAA3750]","Arthropoda","Insecta","Diptera","Culicidae","Culicinae","Aedini","Aedes","","0","97.87"
"CBAY0169_M_D","MCHAC2000-19[BOLD:AAA3750]","Arthropoda","Insecta","Diptera","Culicidae","Culicinae","Aedini","Aedes","","0","97.87"
"CBAY0169_M_D","MCHAC924-19[BOLD:AAA3750]","Arthropoda","Insecta","Diptera","Culicidae","Culicinae","Aedini","Aedes","","0","97.87"
"CBAY0169_M_D","NBPSI006-11[BOLD:AAA3750]","Arthropoda","Insecta","Diptera","Culicidae","Culicinae","Aedini","Aedes","Aedes impiger","0","97.87"
"CBAY0169_M_D","DWSDW042-13[BOLD:AAA3750]","Arthropoda","Insecta","Diptera","Culicidae","Culicinae","Aedini","Aedes","Aedes nigripes","0","97.87"
"CBAY0169_M_D","JWDCF104-10[BOLD:AAA3750]","Arthropoda","Insecta","Diptera","Culicidae","Culicinae","Aedini","Aedes","Aedes nigripes","0","97.87"
"CBAY0169_M_D","BCHAR590-18[BOLD:AAA3750]","Arthropoda","Insecta","Diptera","Culicidae","Culicinae","Aedini","Aedes","","0","97.86"
"CBAY0169_M_D","BCHAR630-18[BOLD:AAA3750]","Arthropoda","Insecta","Diptera","Culicidae","Culicinae","Aedini","Aedes","","0","97.86"
"CBAY0169_M_D","MCHAA154-19[BOLD:AAA3750]","Arthropoda","Insecta","Diptera","Culicidae","Culicinae","Aedini","Aedes","","0","97.86"
"CBAY0169_M_D","MCHAC1382-19[BOLD:AAA3750]","Arthropoda","Insecta","Diptera","Culicidae","Culicinae","Aedini","Aedes","","0","97.86"
"CBAY0169_M_D","MCHAE615-19[BOLD:AAA3750]","Arthropoda","Insecta","Diptera","Culicidae","Culicinae","Aedini","Aedes","","0","97.86"
"CBAY0169_M_D","POLCO3443-20[BOLD:AAA3750]","Arthropoda","Insecta","Diptera","Culicidae","Culicinae","Aedini","Aedes","","0","97.86"
"CBAY0169_M_D","POLCO4405-20[BOLD:AAA3750]","Arthropoda","Insecta","Diptera","Culicidae","Culicinae","Aedini","Aedes","","0","97.86"
"CBAY0169_M_D","ABWYT31267-24[BOLD:AAA3750]","Arthropoda","Insecta","Diptera","Culicidae","Culicinae","Aedini","Aedes","","0","97.72"
"CBAY0169_M_D","MOSN12986-25[BOLD:AAA3750]","Arthropoda","Insecta","Diptera","Culicidae","Culicinae","Aedini","Aedes","Aedes cataphylla","0","97.72"
"CBAY0169_M_D","NBPSI018-11[BOLD:AAA3750]","Arthropoda","Insecta","Diptera","Culicidae","Culicinae","Aedini","Aedes","Aedes impiger","0","97.72"
"CBAY0169_M_D","MOSN13601-26","Arthropoda","Insecta","Diptera","Culicidae","Culicinae","Aedini","Aedes","Aedes implicatus","0","97.72"
"CBAY0169_M_D","JWDCE171-10[BOLD:AAA3750]","Arthropoda","Insecta","Diptera","Culicidae","Culicinae","Aedini","Aedes","Aedes nigripes","0","97.72"
"CBAY0169_M_D","MOSN12470-24[BOLD:AAA3750]","Arthropoda","Insecta","Diptera","Culicidae","Culicinae","Aedini","Aedes","Aedes nigripes","0","97.72"
"CBAY0169_M_D","NBPSI080-11[BOLD:AAA3750]","Arthropoda","Insecta","Diptera","Culicidae","Culicinae","Aedini","Aedes","Aedes nigripes","0","97.57"
"CBAY0177_M_B","GBDCU1136-14[BOLD:AAA3748]","Arthropoda","Insecta","Diptera","Culicidae","Culicinae","Aedini","Aedes","Aedes abserratus","0","99.85"
"CBAY0177_M_B","JWDCC054-10[BOLD:AAA3748]","Arthropoda","Insecta","Diptera","Culicidae","Culicinae","Aedini","Aedes","Aedes abserratus","0","99.70"
"CBAY0177_M_B","MOSN13124-25[BOLD:AAA3748]","Arthropoda","Insecta","Diptera","Culicidae","Culicinae","Aedini","Aedes","Aedes cinereus","0","99.70"
"CBAY0177_M_B","JWDCC445-10[BOLD:AAA3748]","Arthropoda","Insecta","Diptera","Culicidae","Culicinae","Aedini","Aedes","Aedes hexodontus","0","99.70"
"CBAY0177_M_B","GBDCU1137-14[BOLD:AAA3748]","Arthropoda","Insecta","Diptera","Culicidae","Culicinae","Aedini","Aedes","Aedes abserratus","0","99.69"
"CBAY0177_M_B","GBDCU1106-14[BOLD:AAA3748]","Arthropoda","Insecta","Diptera","Culicidae","Culicinae","Aedini","Aedes","Aedes punctor","0","99.69"
"CBAY0177_M_B","SIIP4634-24[BOLD:AAA3748]","Arthropoda","Insecta","Diptera","Culicidae","","","","","0","99.54"
"CBAY0177_M_B","JWDCC475-10[BOLD:AAA3748]","Arthropoda","Insecta","Diptera","Culicidae","Culicinae","Aedini","Aedes","","0","99.54"
"CBAY0177_M_B","JWDCF060-10[BOLD:AAA3748]","Arthropoda","Insecta","Diptera","Culicidae","Culicinae","Aedini","Aedes","","0","99.54"
"CBAY0177_M_B","MCHAD1270-19[BOLD:AAA3748]","Arthropoda","Insecta","Diptera","Culicidae","Culicinae","Aedini","Aedes","","0","99.54"
"CBAY0177_M_B","MOSN10225-23[BOLD:AAA3748]","Arthropoda","Insecta","Diptera","Culicidae","Culicinae","Aedini","Aedes","Aedes communis","0","99.54"
"CBAY0177_M_B","NEONU2141-13[BOLD:AAA3748]","Arthropoda","Insecta","Diptera","Culicidae","Culicinae","Aedini","Aedes","Aedes decticus","0","99.54"
"CBAY0177_M_B","MOSN4584-20[BOLD:AAA3748]","Arthropoda","Insecta","Diptera","Culicidae","Culicinae","Aedini","Aedes","Aedes diantaeus","0","99.54"
"CBAY0177_M_B","MOSN11429-23[BOLD:AAA3748]","Arthropoda","Insecta","Diptera","Culicidae","Culicinae","Aedini","Aedes","Aedes hexodontus","0","99.54"
"CBAY0177_M_B","MOSN1993-18[BOLD:AAA3748]","Arthropoda","Insecta","Diptera","Culicidae","Culicinae","Aedini","Aedes","Aedes hexodontus","0","99.54"
"CBAY0177_M_B","MOSN7522-21[BOLD:AAA3748]","Arthropoda","Insecta","Diptera","Culicidae","Culicinae","Aedini","Aedes","Aedes hexodontus","0","99.54"
"CBAY0177_M_B","NEONU2139-13[BOLD:AAA3748]","Arthropoda","Insecta","Diptera","Culicidae","Culicinae","Aedini","Aedes","Aedes intrudens","0","99.54"
"CBAY0177_M_B","MOSN12999-25[BOLD:AAA3748]","Arthropoda","Insecta","Diptera","Culicidae","Culicinae","Aedini","Aedes","Aedes nigripes","0","99.54"
"CBAY0177_M_B","JSDIQ006-10[BOLD:AAA3748]","Arthropoda","Insecta","Diptera","Culicidae","Culicinae","Aedini","Aedes","Aedes pionips","0","99.54"
"CBAY0177_M_B","NBPSI074-11[BOLD:AAA3748]","Arthropoda","Insecta","Diptera","Culicidae","Culicinae","Aedini","Aedes","Aedes pionips","0","99.54"
"CBAY0177_M_B","MOSN10253-23[BOLD:AAA3748]","Arthropoda","Insecta","Diptera","Culicidae","Culicinae","Aedini","Aedes","Aedes punctor","0","99.54"
"CBAY0177_M_B","MOSN7659-21[BOLD:AAA3748]","Arthropoda","Insecta","Diptera","Culicidae","Culicinae","Aedini","Aedes","Aedes punctor","0","99.54"
"CBAY0177_M_B","NEONU2138-13[BOLD:AAA3748]","Arthropoda","Insecta","Diptera","Culicidae","Culicinae","Aedini","Aedes","Aedes punctor","0","99.54"
"CBAY0177_M_B","NBPSI075-11[BOLD:AAA3748]","Arthropoda","Insecta","Diptera","Culicidae","Culicinae","Aedini","Aedes","Aedes sp.","0","99.54"
"CBAY0177_M_B","NEONU2143-13[BOLD:AAA3748]","Arthropoda","Insecta","Diptera","Culicidae","Culicinae","Aedini","Aedes","Aedes ventrovittis","0","99.54"
"CBAY0194_M_B","MCHAD923-19[BOLD:AAA3750]","Arthropoda","Insecta","Diptera","Culicidae","Culicinae","Aedini","Aedes","","0","100.00"
"CBAY0194_M_B","POLCO2782-20[BOLD:AAA3750]","Arthropoda","Insecta","Diptera","Culicidae","Culicinae","Aedini","Aedes","","0","100.00"
"CBAY0194_M_B","GBDCU1113-14[BOLD:AAA3750]","Arthropoda","Insecta","Diptera","Culicidae","Culicinae","Aedini","Aedes","Aedes impiger","0","100.00"
"CBAY0194_M_B","JWDCE188-10[BOLD:AAA3750]","Arthropoda","Insecta","Diptera","Culicidae","Culicinae","Aedini","Aedes","Aedes impiger","0","100.00"
"CBAY0194_M_B","DARC257-11[BOLD:AAA3750]","Arthropoda","Insecta","Diptera","Culicidae","Culicinae","Aedini","Aedes","","0","99.85"
"CBAY0194_M_B","FCHAR6191-19[BOLD:AAA3750]","Arthropoda","Insecta","Diptera","Culicidae","Culicinae","Aedini","Aedes","","0","99.85"
"CBAY0194_M_B","FCHAR9225-19[BOLD:AAA3750]","Arthropoda","Insecta","Diptera","Culicidae","Culicinae","Aedini","Aedes","","0","99.85"
"CBAY0194_M_B","MCHAA976-19[BOLD:AAA3750]","Arthropoda","Insecta","Diptera","Culicidae","Culicinae","Aedini","Aedes","","0","99.85"
"CBAY0194_M_B","MCHAC943-19[BOLD:AAA3750]","Arthropoda","Insecta","Diptera","Culicidae","Culicinae","Aedini","Aedes","","0","99.85"
"CBAY0194_M_B","MCHAD961-19[BOLD:AAA3750]","Arthropoda","Insecta","Diptera","Culicidae","Culicinae","Aedini","Aedes","","0","99.85"
"CBAY0194_M_B","JWDCE119-10[BOLD:AAA3750]","Arthropoda","Insecta","Diptera","Culicidae","Culicinae","Aedini","Aedes","Aedes impiger","0","99.85"
"CBAY0194_M_B","JWDCE334-10[BOLD:AAA3750]","Arthropoda","Insecta","Diptera","Culicidae","Culicinae","Aedini","Aedes","Aedes impiger","0","99.85"
"CBAY0194_M_B","MOSN12513-24[BOLD:AAA3750]","Arthropoda","Insecta","Diptera","Culicidae","Culicinae","Aedini","Aedes","Aedes impiger","0","99.85"
"CBAY0194_M_B","MOSN11451-23[BOLD:AAA3750]","Arthropoda","Insecta","Diptera","Culicidae","Culicinae","Aedini","Aedes","Aedes implicatus","0","99.85"
"CBAY0194_M_B","MOSN12488-24[BOLD:AAA3750]","Arthropoda","Insecta","Diptera","Culicidae","Culicinae","Aedini","Aedes","Aedes implicatus","0","99.85"
"CBAY0194_M_B","MOSN12473-24[BOLD:AAA3750]","Arthropoda","Insecta","Diptera","Culicidae","Culicinae","Aedini","Aedes","Aedes nigripes","0","99.85"
"CBAY0194_M_B","MOSN3743-19[BOLD:AAA3750]","Arthropoda","Insecta","Diptera","Culicidae","Culicinae","Aedini","Aedes","Aedes impiger","0","99.70"
"CBAY0194_M_B","MOSN5826-20[BOLD:AAA3750]","Arthropoda","Insecta","Diptera","Culicidae","Culicinae","Aedini","Aedes","Aedes impiger","0","99.70"
"CBAY0194_M_B","MOSN5834-20[BOLD:AAA3750]","Arthropoda","Insecta","Diptera","Culicidae","Culicinae","Aedini","Aedes","Aedes impiger","0","99.70"
"CBAY0194_M_B","MOSN7532-21[BOLD:AAA3750]","Arthropoda","Insecta","Diptera","Culicidae","Culicinae","Aedini","Aedes","Aedes impiger","0","99.70"
"CBAY0194_M_B","MOSN7556-21[BOLD:AAA3750]","Arthropoda","Insecta","Diptera","Culicidae","Culicinae","Aedini","Aedes","Aedes impiger","0","99.70"
"CBAY0194_M_B","MOSN13588-26","Arthropoda","Insecta","Diptera","Culicidae","Culicinae","Aedini","Aedes","Aedes implicatus","0","99.70"
"CBAY0194_M_B","MOSN13589-26","Arthropoda","Insecta","Diptera","Culicidae","Culicinae","Aedini","Aedes","Aedes implicatus","0","99.70"
"CBAY0194_M_B","MOSN13596-26","Arthropoda","Insecta","Diptera","Culicidae","Culicinae","Aedini","Aedes","Aedes implicatus","0","99.70"
"CBAY0194_M_B","MOSN5767-20[BOLD:AAA3750]","Arthropoda","Insecta","Diptera","Culicidae","Culicinae","Aedini","Aedes","Aedes intrudens","0","99.70"
"CBAY0195_M_B","FCHAR3807-19[BOLD:AAA3748]","Arthropoda","Insecta","Diptera","Culicidae","Culicinae","","","","0","100.00"
"CBAY0195_M_B","MCHAE778-19[BOLD:AAA3748]","Arthropoda","Insecta","Diptera","Culicidae","Culicinae","Aedini","Aedes","","0","100.00"
"CBAY0195_M_B","SIIP4634-24[BOLD:AAA3748]","Arthropoda","Insecta","Diptera","Culicidae","","","","","0","99.85"
"CBAY0195_M_B","AMMC081-07[BOLD:AAA3748]","Arthropoda","Insecta","Diptera","Culicidae","Culicinae","Aedini","Aedes","","0","99.85"
"CBAY0195_M_B","JWDCC475-10[BOLD:AAA3748]","Arthropoda","Insecta","Diptera","Culicidae","Culicinae","Aedini","Aedes","","0","99.85"
"CBAY0195_M_B","JWDCF060-10[BOLD:AAA3748]","Arthropoda","Insecta","Diptera","Culicidae","Culicinae","Aedini","Aedes","","0","99.85"
"CBAY0195_M_B","MCHAB506-19[BOLD:AAA3748]","Arthropoda","Insecta","Diptera","Culicidae","Culicinae","Aedini","Aedes","","0","99.85"
"CBAY0195_M_B","MCHAE1402-19[BOLD:AAA3748]","Arthropoda","Insecta","Diptera","Culicidae","Culicinae","Aedini","Aedes","","0","99.85"
"CBAY0195_M_B","MHMOS067-07[BOLD:AAA3748]","Arthropoda","Insecta","Diptera","Culicidae","Culicinae","Aedini","Aedes","","0","99.85"
"CBAY0195_M_B","SWSWP011-09[BOLD:AAA3748]","Arthropoda","Insecta","Diptera","Culicidae","Culicinae","Aedini","Aedes","","0","99.85"
"CBAY0195_M_B","AMMC027-07[BOLD:AAA3748]","Arthropoda","Insecta","Diptera","Culicidae","Culicinae","Aedini","Aedes","Aedes hexodontus","0","99.85"
"CBAY0195_M_B","MOSN11429-23[BOLD:AAA3748]","Arthropoda","Insecta","Diptera","Culicidae","Culicinae","Aedini","Aedes","Aedes hexodontus","0","99.85"
"CBAY0195_M_B","GBDP51899-19[BOLD:AAA3748]","Arthropoda","Insecta","Diptera","Culicidae","Culicinae","Aedini","Aedes","Aedes punctor","0","99.85"
"CBAY0195_M_B","NEONU2138-13[BOLD:AAA3748]","Arthropoda","Insecta","Diptera","Culicidae","Culicinae","Aedini","Aedes","Aedes punctor","0","99.85"
"CBAY0195_M_B","SIIP13437-24[BOLD:AAA3748]","Arthropoda","Insecta","Diptera","Culicidae","","","","","0","99.70"
"CBAY0195_M_B","GBMNE29317-21[BOLD:AAA3748]","Arthropoda","Insecta","Diptera","Culicidae","Culicinae","Aedini","","","0","99.70"
"CBAY0195_M_B","JWDCE742-10[BOLD:AAA3748]","Arthropoda","Insecta","Diptera","Culicidae","Culicinae","Aedini","Aedes","","0","99.70"
"CBAY0195_M_B","MCHAB727-19[BOLD:AAA3748]","Arthropoda","Insecta","Diptera","Culicidae","Culicinae","Aedini","Aedes","","0","99.70"
"CBAY0195_M_B","SAMOS023-09[BOLD:AAA3748]","Arthropoda","Insecta","Diptera","Culicidae","Culicinae","Aedini","Aedes","","0","99.70"
"CBAY0195_M_B","MOSN13124-25[BOLD:AAA3748]","Arthropoda","Insecta","Diptera","Culicidae","Culicinae","Aedini","Aedes","Aedes cinereus","0","99.70"
"CBAY0195_M_B","MOSN13111-25[BOLD:AAA3748]","Arthropoda","Insecta","Diptera","Culicidae","Culicinae","Aedini","Aedes","Aedes hexodontus","0","99.70"
"CBAY0195_M_B","MOSN13508-26","Arthropoda","Insecta","Diptera","Culicidae","Culicinae","Aedini","Aedes","Aedes hexodontus","0","99.70"
"CBAY0195_M_B","NBPSI059-11[BOLD:AAA3748]","Arthropoda","Insecta","Diptera","Culicidae","Culicinae","Aedini","Aedes","Aedes hexodontus","0","99.70"
"CBAY0195_M_B","MSEMV002-15[BOLD:AAA3748]","Arthropoda","Insecta","Diptera","Culicidae","Culicinae","Aedini","Aedes","Aedes punctor","0","99.70"
"CBAY0195_M_B","MSEMV080-15[BOLD:AAA3748]","Arthropoda","Insecta","Diptera","Culicidae","Culicinae","Aedini","Aedes","Aedes punctor","0","99.70"
"CBAY0198_M_A","CCHAR10690-19[BOLD:AAA3750]","Arthropoda","Insecta","Diptera","Culicidae","Culicinae","Aedini","Aedes","","0","99.85"
"CBAY0198_M_A","FCHAR8659-19[BOLD:AAA3750]","Arthropoda","Insecta","Diptera","Culicidae","Culicinae","Aedini","Aedes","","0","99.70"
"CBAY0198_M_A","FCHAR8833-19[BOLD:AAA3750]","Arthropoda","Insecta","Diptera","Culicidae","Culicinae","Aedini","Aedes","","0","99.70"
"CBAY0198_M_A","GJOA2164-21[BOLD:AAA3750]","Arthropoda","Insecta","Diptera","Culicidae","Culicinae","Aedini","Aedes","","0","99.70"
"CBAY0198_M_A","MCHAA1549-19[BOLD:AAA3750]","Arthropoda","Insecta","Diptera","Culicidae","Culicinae","Aedini","Aedes","","0","99.70"
"CBAY0198_M_A","MCHAA166-19[BOLD:AAA3750]","Arthropoda","Insecta","Diptera","Culicidae","Culicinae","Aedini","Aedes","","0","99.70"
"CBAY0198_M_A","MCHAC2000-19[BOLD:AAA3750]","Arthropoda","Insecta","Diptera","Culicidae","Culicinae","Aedini","Aedes","","0","99.70"
"CBAY0198_M_A","MCHAC924-19[BOLD:AAA3750]","Arthropoda","Insecta","Diptera","Culicidae","Culicinae","Aedini","Aedes","","0","99.70"
"CBAY0198_M_A","NBPSI006-11[BOLD:AAA3750]","Arthropoda","Insecta","Diptera","Culicidae","Culicinae","Aedini","Aedes","Aedes impiger","0","99.70"
"CBAY0198_M_A","BCHAR1188-18[BOLD:AAA3750]","Arthropoda","Insecta","Diptera","Culicidae","Culicinae","Aedini","Aedes","","0","99.69"
"CBAY0198_M_A","BCHAR1418-18[BOLD:AAA3750]","Arthropoda","Insecta","Diptera","Culicidae","Culicinae","Aedini","Aedes","","0","99.69"
"CBAY0198_M_A","BCHAR203-18[BOLD:AAA3750]","Arthropoda","Insecta","Diptera","Culicidae","Culicinae","Aedini","Aedes","","0","99.69"
"CBAY0198_M_A","BCHAR590-18[BOLD:AAA3750]","Arthropoda","Insecta","Diptera","Culicidae","Culicinae","Aedini","Aedes","","0","99.69"
"CBAY0198_M_A","BCHAR630-18[BOLD:AAA3750]","Arthropoda","Insecta","Diptera","Culicidae","Culicinae","Aedini","Aedes","","0","99.69"
"CBAY0198_M_A","BCHAR711-18[BOLD:AAA3750]","Arthropoda","Insecta","Diptera","Culicidae","Culicinae","Aedini","Aedes","","0","99.69"
"CBAY0198_M_A","MCHAA154-19[BOLD:AAA3750]","Arthropoda","Insecta","Diptera","Culicidae","Culicinae","Aedini","Aedes","","0","99.69"
"CBAY0198_M_A","MCHAC1382-19[BOLD:AAA3750]","Arthropoda","Insecta","Diptera","Culicidae","Culicinae","Aedini","Aedes","","0","99.69"
"CBAY0198_M_A","MCHAC1500-19[BOLD:AAA3750]","Arthropoda","Insecta","Diptera","Culicidae","Culicinae","Aedini","Aedes","","0","99.69"
"CBAY0198_M_A","POLCO3443-20[BOLD:AAA3750]","Arthropoda","Insecta","Diptera","Culicidae","Culicinae","Aedini","Aedes","","0","99.69"
"CBAY0198_M_A","POLCO4405-20[BOLD:AAA3750]","Arthropoda","Insecta","Diptera","Culicidae","Culicinae","Aedini","Aedes","","0","99.69"
"CBAY0198_M_A","NBPSI018-11[BOLD:AAA3750]","Arthropoda","Insecta","Diptera","Culicidae","Culicinae","Aedini","Aedes","Aedes impiger","0","99.54"
"CBAY0198_M_A","MOSN12455-24[BOLD:AAA3750]","Arthropoda","Insecta","Diptera","Culicidae","Culicinae","Aedini","Aedes","Aedes nigripes","0","99.54"
"CBAY0198_M_A","MOSN3749-19[BOLD:AAA3750]","Arthropoda","Insecta","Diptera","Culicidae","Culicinae","Aedini","Aedes","Aedes nigripes","0","99.54"
"CBAY0198_M_A","SAPIT130-08[BOLD:AAA3750]","Arthropoda","Insecta","Diptera","Culicidae","Culicinae","Aedini","Aedes","","0","99.39"
"CBAY0198_M_A","NBPSI080-11[BOLD:AAA3750]","Arthropoda","Insecta","Diptera","Culicidae","Culicinae","Aedini","Aedes","Aedes nigripes","0","99.39"
"CBAY0202_BF_B","AEDNA873-12[BOLD:AAA3750]","Arthropoda","Insecta","Diptera","Culicidae","Culicinae","Aedini","Aedes","","0","100.00"
"CBAY0202_BF_B","ABWYT31267-24[BOLD:AAA3750]","Arthropoda","Insecta","Diptera","Culicidae","Culicinae","Aedini","Aedes","","0","99.85"
"CBAY0202_BF_B","FCHAR4726-19[BOLD:AAA3750]","Arthropoda","Insecta","Diptera","Culicidae","Culicinae","Aedini","Aedes","","0","99.85"
"CBAY0202_BF_B","FCHAR7442-19[BOLD:AAA3750]","Arthropoda","Insecta","Diptera","Culicidae","Culicinae","Aedini","Aedes","","0","99.85"
"CBAY0202_BF_B","GBMNE29326-21[BOLD:AAA3750]","Arthropoda","Insecta","Diptera","Culicidae","Culicinae","Aedini","Aedes","","0","99.85"
"CBAY0202_BF_B","MCHAA218-19[BOLD:AAA3750]","Arthropoda","Insecta","Diptera","Culicidae","Culicinae","Aedini","Aedes","","0","99.85"
"CBAY0202_BF_B","MOSN13601-26","Arthropoda","Insecta","Diptera","Culicidae","Culicinae","Aedini","Aedes","Aedes implicatus","0","99.85"
"CBAY0202_BF_B","JWDCE171-10[BOLD:AAA3750]","Arthropoda","Insecta","Diptera","Culicidae","Culicinae","Aedini","Aedes","Aedes nigripes","0","99.85"
"CBAY0202_BF_B","AEDNA900-12[BOLD:AAA3750]","Arthropoda","Insecta","Diptera","Culicidae","Culicinae","Aedini","Aedes","","0","99.70"
"CBAY0202_BF_B","MCHAA062-19[BOLD:AAA3750]","Arthropoda","Insecta","Diptera","Culicidae","Culicinae","Aedini","Aedes","","0","99.70"
"CBAY0202_BF_B","MCHAB016-19[BOLD:AAA3750]","Arthropoda","Insecta","Diptera","Culicidae","Culicinae","Aedini","Aedes","","0","99.70"
"CBAY0202_BF_B","SAPIT130-08[BOLD:AAA3750]","Arthropoda","Insecta","Diptera","Culicidae","Culicinae","Aedini","Aedes","","0","99.70"
"CBAY0202_BF_B","ZERO025-11[BOLD:AAA3750]","Arthropoda","Insecta","Diptera","Culicidae","Culicinae","Aedini","Aedes","Aedes impiger","0","99.70"
"CBAY0202_BF_B","DWSDW042-13[BOLD:AAA3750]","Arthropoda","Insecta","Diptera","Culicidae","Culicinae","Aedini","Aedes","Aedes nigripes","0","99.70"
"CBAY0202_BF_B","GBAAN12622-25[BOLD:AAA3750]","Arthropoda","Insecta","Diptera","Culicidae","Culicinae","Aedini","Aedes","Aedes nigripes","0","99.70"
"CBAY0202_BF_B","IFSV035-15[BOLD:AAA3750]","Arthropoda","Insecta","Diptera","Culicidae","Culicinae","Aedini","Aedes","Aedes nigripes","0","99.70"
"CBAY0202_BF_B","JWDCE725-10[BOLD:AAA3750]","Arthropoda","Insecta","Diptera","Culicidae","Culicinae","Aedini","Aedes","Aedes nigripes","0","99.70"
"CBAY0202_BF_B","JWDCF104-10[BOLD:AAA3750]","Arthropoda","Insecta","Diptera","Culicidae","Culicinae","Aedini","Aedes","Aedes nigripes","0","99.70"
"CBAY0202_BF_B","JWDCF105-10[BOLD:AAA3750]","Arthropoda","Insecta","Diptera","Culicidae","Culicinae","Aedini","Aedes","Aedes nigripes","0","99.70"
"CBAY0202_BF_B","JWDCF657-10[BOLD:AAA3750]","Arthropoda","Insecta","Diptera","Culicidae","Culicinae","Aedini","Aedes","Aedes nigripes","0","99.70"
"CBAY0202_BF_B","JWDCF729-10[BOLD:AAA3750]","Arthropoda","Insecta","Diptera","Culicidae","Culicinae","Aedini","Aedes","Aedes nigripes","0","99.70"
"CBAY0202_BF_B","NBPSI024-11[BOLD:AAA3750]","Arthropoda","Insecta","Diptera","Culicidae","Culicinae","Aedini","Aedes","Aedes nigripes","0","99.70"
"CBAY0202_BF_B","NBPSI082-11[BOLD:AAA3750]","Arthropoda","Insecta","Diptera","Culicidae","Culicinae","Aedini","Aedes","Aedes nigripes","0","99.70"
"CBAY0202_BF_B","SAMOS020-09[BOLD:AAA3750]","Arthropoda","Insecta","Diptera","Culicidae","Culicinae","Aedini","Aedes","Aedes nigripes","0","99.70"
"CBAY0202_BF_B","ZERO032-11[BOLD:AAA3750]","Arthropoda","Insecta","Diptera","Culicidae","Culicinae","Aedini","Aedes","Aedes nigripes","0","99.70"
"CBAY0206_M_C","BCHAR181-18[BOLD:AAA3750]","Arthropoda","Insecta","Diptera","Culicidae","Culicinae","Aedini","Aedes","","0","97.86"
"CBAY0206_M_C","BCHAR739-18[BOLD:AAA3750]","Arthropoda","Insecta","Diptera","Culicidae","Culicinae","Aedini","Aedes","","0","97.86"
"CBAY0206_M_C","MCHAB164-19[BOLD:AAA3750]","Arthropoda","Insecta","Diptera","Culicidae","Culicinae","Aedini","Aedes","","0","97.86"
"CBAY0206_M_C","MCHAD330-19[BOLD:AAA3750]","Arthropoda","Insecta","Diptera","Culicidae","Culicinae","Aedini","Aedes","","0","97.86"
"CBAY0206_M_C","POLCO1420-20[BOLD:AAA3750]","Arthropoda","Insecta","Diptera","Culicidae","Culicinae","Aedini","Aedes","","0","97.86"
"CBAY0206_M_C","MCHAA1503-19[BOLD:AAA3750]","Arthropoda","Insecta","Diptera","Culicidae","Culicinae","Aedini","Aedes","","0","97.85"
"CBAY0206_M_C","CCHAR5122-19[BOLD:AAA3750]","Arthropoda","Insecta","Diptera","Culicidae","Culicinae","Aedini","Aedes","","0","97.72"
"CBAY0206_M_C","FCHAR9271-19[BOLD:AAA3750]","Arthropoda","Insecta","Diptera","Culicidae","Culicinae","Aedini","Aedes","","0","97.72"
"CBAY0206_M_C","MCHAB016-19[BOLD:AAA3750]","Arthropoda","Insecta","Diptera","Culicidae","Culicinae","Aedini","Aedes","","0","97.72"
"CBAY0206_M_C","MCHAC1227-19[BOLD:AAA3750]","Arthropoda","Insecta","Diptera","Culicidae","Culicinae","Aedini","Aedes","","0","97.72"
"CBAY0206_M_C","SAPIT130-08[BOLD:AAA3750]","Arthropoda","Insecta","Diptera","Culicidae","Culicinae","Aedini","Aedes","","0","97.72"
"CBAY0206_M_C","JWDCE725-10[BOLD:AAA3750]","Arthropoda","Insecta","Diptera","Culicidae","Culicinae","Aedini","Aedes","Aedes nigripes","0","97.72"
"CBAY0206_M_C","JWDCF104-10[BOLD:AAA3750]","Arthropoda","Insecta","Diptera","Culicidae","Culicinae","Aedini","Aedes","Aedes nigripes","0","97.72"
"CBAY0206_M_C","FCHAR8966-19[BOLD:AAA3750]","Arthropoda","Insecta","Diptera","Culicidae","Culicinae","Aedini","Aedes","","0","97.71"
"CBAY0206_M_C","KUGA493-21[BOLD:AAA3750]","Arthropoda","Insecta","Diptera","Culicidae","Culicinae","Aedini","Aedes","","0","97.71"
"CBAY0206_M_C","KUGA527-21[BOLD:AAA3750]","Arthropoda","Insecta","Diptera","Culicidae","Culicinae","Aedini","Aedes","","0","97.71"
"CBAY0206_M_C","MCHAA131-19[BOLD:AAA3750]","Arthropoda","Insecta","Diptera","Culicidae","Culicinae","Aedini","Aedes","","0","97.71"
"CBAY0206_M_C","MCHAB1071-19[BOLD:AAA3750]","Arthropoda","Insecta","Diptera","Culicidae","Culicinae","Aedini","Aedes","","0","97.71"
"CBAY0206_M_C","MCHAC1662-19[BOLD:AAA3750]","Arthropoda","Insecta","Diptera","Culicidae","Culicinae","Aedini","Aedes","","0","97.71"
"CBAY0206_M_C","MCHAE1400-19[BOLD:AAA3750]","Arthropoda","Insecta","Diptera","Culicidae","Culicinae","Aedini","Aedes","","0","97.71"
"CBAY0206_M_C","MCHAE1440-19[BOLD:AAA3750]","Arthropoda","Insecta","Diptera","Culicidae","Culicinae","Aedini","Aedes","","0","97.71"
"CBAY0206_M_C","MCHAE615-19[BOLD:AAA3750]","Arthropoda","Insecta","Diptera","Culicidae","Culicinae","Aedini","Aedes","","0","97.71"
"CBAY0206_M_C","MOSN12986-25[BOLD:AAA3750]","Arthropoda","Insecta","Diptera","Culicidae","Culicinae","Aedini","Aedes","Aedes cataphylla","0","97.57"
"CBAY0206_M_C","MOSN13601-26","Arthropoda","Insecta","Diptera","Culicidae","Culicinae","Aedini","Aedes","Aedes implicatus","0","97.57"
"CBAY0206_M_C","MOSN12470-24[BOLD:AAA3750]","Arthropoda","Insecta","Diptera","Culicidae","Culicinae","Aedini","Aedes","Aedes nigripes","0","97.57"
"CBAY0209_M_A","BCHAR1190-18[BOLD:AAA3750]","Arthropoda","Insecta","Diptera","Culicidae","Culicinae","Aedini","Aedes","","0","99.85"
"CBAY0209_M_A","DCHAR1240-19[BOLD:AAA3750]","Arthropoda","Insecta","Diptera","Culicidae","Culicinae","Aedini","Aedes","","0","99.85"
"CBAY0209_M_A","DCHAR3912-19[BOLD:AAA3750]","Arthropoda","Insecta","Diptera","Culicidae","Culicinae","Aedini","Aedes","","0","99.85"
"CBAY0209_M_A","DCHAR843-19[BOLD:AAA3750]","Arthropoda","Insecta","Diptera","Culicidae","Culicinae","Aedini","Aedes","","0","99.85"
"CBAY0209_M_A","MOSN12455-24[BOLD:AAA3750]","Arthropoda","Insecta","Diptera","Culicidae","Culicinae","Aedini","Aedes","Aedes nigripes","0","99.85"
"CBAY0209_M_A","MOSN3749-19[BOLD:AAA3750]","Arthropoda","Insecta","Diptera","Culicidae","Culicinae","Aedini","Aedes","Aedes nigripes","0","99.85"
"CBAY0209_M_A","DCHAR1231-19[BOLD:AAA3750]","Arthropoda","Insecta","Diptera","Culicidae","Culicinae","Aedini","Aedes","","0","99.70"
"CBAY0209_M_A","FCHAR8659-19[BOLD:AAA3750]","Arthropoda","Insecta","Diptera","Culicidae","Culicinae","Aedini","Aedes","","0","99.70"
"CBAY0209_M_A","FCHAR8833-19[BOLD:AAA3750]","Arthropoda","Insecta","Diptera","Culicidae","Culicinae","Aedini","Aedes","","0","99.70"
"CBAY0209_M_A","GJOA2164-21[BOLD:AAA3750]","Arthropoda","Insecta","Diptera","Culicidae","Culicinae","Aedini","Aedes","","0","99.70"
"CBAY0209_M_A","MCHAA1549-19[BOLD:AAA3750]","Arthropoda","Insecta","Diptera","Culicidae","Culicinae","Aedini","Aedes","","0","99.70"
"CBAY0209_M_A","MCHAA166-19[BOLD:AAA3750]","Arthropoda","Insecta","Diptera","Culicidae","Culicinae","Aedini","Aedes","","0","99.70"
"CBAY0209_M_A","MCHAC2000-19[BOLD:AAA3750]","Arthropoda","Insecta","Diptera","Culicidae","Culicinae","Aedini","Aedes","","0","99.70"
"CBAY0209_M_A","MCHAC924-19[BOLD:AAA3750]","Arthropoda","Insecta","Diptera","Culicidae","Culicinae","Aedini","Aedes","","0","99.70"
"CBAY0209_M_A","NBPSI006-11[BOLD:AAA3750]","Arthropoda","Insecta","Diptera","Culicidae","Culicinae","Aedini","Aedes","Aedes impiger","0","99.70"
"CBAY0209_M_A","JWDCF104-10[BOLD:AAA3750]","Arthropoda","Insecta","Diptera","Culicidae","Culicinae","Aedini","Aedes","Aedes nigripes","0","99.70"
"CBAY0209_M_A","MOSN12472-24[BOLD:AAA3750]","Arthropoda","Insecta","Diptera","Culicidae","Culicinae","Aedini","Aedes","Aedes nigripes","0","99.70"
"CBAY0209_M_A","MOSN7563-21[BOLD:AAA3750]","Arthropoda","Insecta","Diptera","Culicidae","Culicinae","Aedini","Aedes","Aedes ventrovittis","0","99.70"
"CBAY0209_M_A","MOSN7564-21[BOLD:AAA3750]","Arthropoda","Insecta","Diptera","Culicidae","Culicinae","Aedini","Aedes","Aedes ventrovittis","0","99.70"
"CBAY0209_M_A","POLCO3443-20[BOLD:AAA3750]","Arthropoda","Insecta","Diptera","Culicidae","Culicinae","Aedini","Aedes","","0","99.69"
"CBAY0209_M_A","SAPIT099-08[BOLD:AAA3750]","Arthropoda","Insecta","Diptera","Culicidae","Culicinae","Aedini","Aedes","","0","99.54"
"CBAY0209_M_A","NBPSI018-11[BOLD:AAA3750]","Arthropoda","Insecta","Diptera","Culicidae","Culicinae","Aedini","Aedes","Aedes impiger","0","99.54"
"CBAY0209_M_A","MOSN9550-22[BOLD:AAA3750]","Arthropoda","Insecta","Diptera","Culicidae","Culicinae","Aedini","Aedes","Aedes nigripes","0","99.54"
"CBAY0209_M_A","NBPSI080-11[BOLD:AAA3750]","Arthropoda","Insecta","Diptera","Culicidae","Culicinae","Aedini","Aedes","Aedes nigripes","0","99.54"
"CBAY0209_M_A","SAMOS022-09[BOLD:AAA3750]","Arthropoda","Insecta","Diptera","Culicidae","Culicinae","Aedini","Aedes","Aedes nigripes","0","99.54"
"CBAY0213_M_C","FCHAR3807-19[BOLD:AAA3748]","Arthropoda","Insecta","Diptera","Culicidae","Culicinae","","","","0","98.47"
"CBAY0213_M_C","MCHAE778-19[BOLD:AAA3748]","Arthropoda","Insecta","Diptera","Culicidae","Culicinae","Aedini","Aedes","","0","98.47"
"CBAY0213_M_C","SIIP4634-24[BOLD:AAA3748]","Arthropoda","Insecta","Diptera","Culicidae","","","","","0","98.33"
"CBAY0213_M_C","JWDCC475-10[BOLD:AAA3748]","Arthropoda","Insecta","Diptera","Culicidae","Culicinae","Aedini","Aedes","","0","98.33"
"CBAY0213_M_C","JWDCF060-10[BOLD:AAA3748]","Arthropoda","Insecta","Diptera","Culicidae","Culicinae","Aedini","Aedes","","0","98.33"
"CBAY0213_M_C","AMMC027-07[BOLD:AAA3748]","Arthropoda","Insecta","Diptera","Culicidae","Culicinae","Aedini","Aedes","Aedes hexodontus","0","98.33"
"CBAY0213_M_C","MOSN11429-23[BOLD:AAA3748]","Arthropoda","Insecta","Diptera","Culicidae","Culicinae","Aedini","Aedes","Aedes hexodontus","0","98.33"
"CBAY0213_M_C","GBDP51899-19[BOLD:AAA3748]","Arthropoda","Insecta","Diptera","Culicidae","Culicinae","Aedini","Aedes","Aedes punctor","0","98.33"
"CBAY0213_M_C","NEONU2138-13[BOLD:AAA3748]","Arthropoda","Insecta","Diptera","Culicidae","Culicinae","Aedini","Aedes","Aedes punctor","0","98.33"
"CBAY0213_M_C","NEONU2143-13[BOLD:AAA3748]","Arthropoda","Insecta","Diptera","Culicidae","Culicinae","Aedini","Aedes","Aedes ventrovittis","0","98.33"
"CBAY0213_M_C","AMMC081-07[BOLD:AAA3748]","Arthropoda","Insecta","Diptera","Culicidae","Culicinae","Aedini","Aedes","","0","98.32"
"CBAY0213_M_C","MCHAB506-19[BOLD:AAA3748]","Arthropoda","Insecta","Diptera","Culicidae","Culicinae","Aedini","Aedes","","0","98.32"
"CBAY0213_M_C","MCHAE1402-19[BOLD:AAA3748]","Arthropoda","Insecta","Diptera","Culicidae","Culicinae","Aedini","Aedes","","0","98.32"
"CBAY0213_M_C","MHMOS067-07[BOLD:AAA3748]","Arthropoda","Insecta","Diptera","Culicidae","Culicinae","Aedini","Aedes","","0","98.32"
"CBAY0213_M_C","SWSWP011-09[BOLD:AAA3748]","Arthropoda","Insecta","Diptera","Culicidae","Culicinae","Aedini","Aedes","","0","98.32"
"CBAY0213_M_C","SIIP13437-24[BOLD:AAA3748]","Arthropoda","Insecta","Diptera","Culicidae","","","","","0","98.17"
"CBAY0213_M_C","SAMOS023-09[BOLD:AAA3748]","Arthropoda","Insecta","Diptera","Culicidae","Culicinae","Aedini","Aedes","","0","98.17"
"CBAY0213_M_C","MOSN13124-25[BOLD:AAA3748]","Arthropoda","Insecta","Diptera","Culicidae","Culicinae","Aedini","Aedes","Aedes cinereus","0","98.17"
"CBAY0213_M_C","MOSN13508-26","Arthropoda","Insecta","Diptera","Culicidae","Culicinae","Aedini","Aedes","Aedes hexodontus","0","98.17"
"CBAY0213_M_C","NBPSI059-11[BOLD:AAA3748]","Arthropoda","Insecta","Diptera","Culicidae","Culicinae","Aedini","Aedes","Aedes hexodontus","0","98.17"
"CBAY0213_M_C","UAMIC871-13[BOLD:AAA3748]","Arthropoda","Insecta","Diptera","Culicidae","Culicinae","Aedini","Aedes","Aedes nigripes","0","98.17"
"CBAY0213_M_C","MOSN7761-21[BOLD:AAA3748]","Arthropoda","Insecta","Diptera","Culicidae","Culicinae","Aedini","Aedes","Aedes punctor","0","98.17"
"CBAY0213_M_C","MSEMV002-15[BOLD:AAA3748]","Arthropoda","Insecta","Diptera","Culicidae","Culicinae","Aedini","Aedes","Aedes punctor","0","98.17"
"CBAY0213_M_C","MSEMV080-15[BOLD:AAA3748]","Arthropoda","Insecta","Diptera","Culicidae","Culicinae","Aedini","Aedes","Aedes punctor","0","98.17"
"CBAY0213_M_C","UAMIC866-13[BOLD:AAA3748]","Arthropoda","Insecta","Diptera","Culicidae","Culicinae","Aedini","Aedes","Aedes punctor","0","98.02"
"CBAY0219_M_C","BBDCN544-10[BOLD:AAA3750]","Arthropoda","Insecta","Diptera","Culicidae","Culicinae","Aedini","Aedes","","0","99.39"
"CBAY0219_M_C","JWDCJ762-11[BOLD:AAA3750]","Arthropoda","Insecta","Diptera","Culicidae","Culicinae","Aedini","Aedes","Aedes impiger","0","99.39"
"CBAY0219_M_C","MOSN3744-19[BOLD:AAA3750]","Arthropoda","Insecta","Diptera","Culicidae","Culicinae","Aedini","Aedes","Aedes impiger","0","99.39"
"CBAY0219_M_C","FCHAR8659-19[BOLD:AAA3750]","Arthropoda","Insecta","Diptera","Culicidae","Culicinae","Aedini","Aedes","","0","99.24"
"CBAY0219_M_C","FCHAR8833-19[BOLD:AAA3750]","Arthropoda","Insecta","Diptera","Culicidae","Culicinae","Aedini","Aedes","","0","99.24"
"CBAY0219_M_C","GJOA2164-21[BOLD:AAA3750]","Arthropoda","Insecta","Diptera","Culicidae","Culicinae","Aedini","Aedes","","0","99.24"
"CBAY0219_M_C","MCHAA154-19[BOLD:AAA3750]","Arthropoda","Insecta","Diptera","Culicidae","Culicinae","Aedini","Aedes","","0","99.24"
"CBAY0219_M_C","MCHAA1549-19[BOLD:AAA3750]","Arthropoda","Insecta","Diptera","Culicidae","Culicinae","Aedini","Aedes","","0","99.24"
"CBAY0219_M_C","MCHAA166-19[BOLD:AAA3750]","Arthropoda","Insecta","Diptera","Culicidae","Culicinae","Aedini","Aedes","","0","99.24"
"CBAY0219_M_C","MCHAB1422-19[BOLD:AAA3750]","Arthropoda","Insecta","Diptera","Culicidae","Culicinae","Aedini","Aedes","","0","99.24"
"CBAY0219_M_C","MCHAC1382-19[BOLD:AAA3750]","Arthropoda","Insecta","Diptera","Culicidae","Culicinae","Aedini","Aedes","","0","99.24"
"CBAY0219_M_C","MCHAC2000-19[BOLD:AAA3750]","Arthropoda","Insecta","Diptera","Culicidae","Culicinae","Aedini","Aedes","","0","99.24"
"CBAY0219_M_C","MCHAC924-19[BOLD:AAA3750]","Arthropoda","Insecta","Diptera","Culicidae","Culicinae","Aedini","Aedes","","0","99.24"
"CBAY0219_M_C","MCHAE615-19[BOLD:AAA3750]","Arthropoda","Insecta","Diptera","Culicidae","Culicinae","Aedini","Aedes","","0","99.24"
"CBAY0219_M_C","POLCO3443-20[BOLD:AAA3750]","Arthropoda","Insecta","Diptera","Culicidae","Culicinae","Aedini","Aedes","","0","99.24"
"CBAY0219_M_C","MOSN11305-23[BOLD:AAA3750]","Arthropoda","Insecta","Diptera","Culicidae","Culicinae","Aedini","Aedes","Aedes impiger","0","99.24"
"CBAY0219_M_C","NBPSI006-11[BOLD:AAA3750]","Arthropoda","Insecta","Diptera","Culicidae","Culicinae","Aedini","Aedes","Aedes impiger","0","99.24"
"CBAY0219_M_C","DWSDW042-13[BOLD:AAA3750]","Arthropoda","Insecta","Diptera","Culicidae","Culicinae","Aedini","Aedes","Aedes nigripes","0","99.24"
"CBAY0219_M_C","JWDCF104-10[BOLD:AAA3750]","Arthropoda","Insecta","Diptera","Culicidae","Culicinae","Aedini","Aedes","Aedes nigripes","0","99.24"
"CBAY0219_M_C","MOSN12986-25[BOLD:AAA3750]","Arthropoda","Insecta","Diptera","Culicidae","Culicinae","Aedini","Aedes","Aedes cataphylla","0","99.09"
"CBAY0219_M_C","MOSN13517-26","Arthropoda","Insecta","Diptera","Culicidae","Culicinae","Aedini","Aedes","Aedes impiger","0","99.09"
"CBAY0219_M_C","NBPSI018-11[BOLD:AAA3750]","Arthropoda","Insecta","Diptera","Culicidae","Culicinae","Aedini","Aedes","Aedes impiger","0","99.09"
"CBAY0219_M_C","MOSN13601-26","Arthropoda","Insecta","Diptera","Culicidae","Culicinae","Aedini","Aedes","Aedes implicatus","0","99.09"
"CBAY0219_M_C","JWDCE171-10[BOLD:AAA3750]","Arthropoda","Insecta","Diptera","Culicidae","Culicinae","Aedini","Aedes","Aedes nigripes","0","99.09"
"CBAY0219_M_C","MOSN12470-24[BOLD:AAA3750]","Arthropoda","Insecta","Diptera","Culicidae","Culicinae","Aedini","Aedes","Aedes nigripes","0","99.09"
"CBAY0225_M_A","JWDCF060-10[BOLD:AAA3748]","Arthropoda","Insecta","Diptera","Culicidae","Culicinae","Aedini","Aedes","","0","99.70"
"CBAY0225_M_A","GBDP51899-19[BOLD:AAA3748]","Arthropoda","Insecta","Diptera","Culicidae","Culicinae","Aedini","Aedes","Aedes punctor","0","99.70"
"CBAY0225_M_A","NEONU2138-13[BOLD:AAA3748]","Arthropoda","Insecta","Diptera","Culicidae","Culicinae","Aedini","Aedes","Aedes punctor","0","99.70"
"CBAY0225_M_A","NEONU2143-13[BOLD:AAA3748]","Arthropoda","Insecta","Diptera","Culicidae","Culicinae","Aedini","Aedes","Aedes ventrovittis","0","99.70"
"CBAY0225_M_A","GBDCU1136-14[BOLD:AAA3748]","Arthropoda","Insecta","Diptera","Culicidae","Culicinae","Aedini","Aedes","Aedes abserratus","0","99.69"
"CBAY0225_M_A","GBDCU1097-14[BOLD:AAA3748]","Arthropoda","Insecta","Diptera","Culicidae","Culicinae","Aedini","Aedes","Aedes hexodontus","0","99.69"
"CBAY0225_M_A","SIIP13437-24[BOLD:AAA3748]","Arthropoda","Insecta","Diptera","Culicidae","","","","","0","99.54"
"CBAY0225_M_A","FCHAR8625-19[BOLD:AAA3748]","Arthropoda","Insecta","Diptera","Culicidae","Culicinae","","","","0","99.54"
"CBAY0225_M_A","GBMNE29317-21[BOLD:AAA3748]","Arthropoda","Insecta","Diptera","Culicidae","Culicinae","Aedini","","","0","99.54"
"CBAY0225_M_A","DIPFI112-12[BOLD:AAA3748]","Arthropoda","Insecta","Diptera","Culicidae","Culicinae","Aedini","Aedes","","0","99.54"
"CBAY0225_M_A","JWDCE742-10[BOLD:AAA3748]","Arthropoda","Insecta","Diptera","Culicidae","Culicinae","Aedini","Aedes","","0","99.54"
"CBAY0225_M_A","SAMOS023-09[BOLD:AAA3748]","Arthropoda","Insecta","Diptera","Culicidae","Culicinae","Aedini","Aedes","","0","99.54"
"CBAY0225_M_A","JWDCC054-10[BOLD:AAA3748]","Arthropoda","Insecta","Diptera","Culicidae","Culicinae","Aedini","Aedes","Aedes abserratus","0","99.54"
"CBAY0225_M_A","MOSN13124-25[BOLD:AAA3748]","Arthropoda","Insecta","Diptera","Culicidae","Culicinae","Aedini","Aedes","Aedes cinereus","0","99.54"
"CBAY0225_M_A","JWDCC445-10[BOLD:AAA3748]","Arthropoda","Insecta","Diptera","Culicidae","Culicinae","Aedini","Aedes","Aedes hexodontus","0","99.54"
"CBAY0225_M_A","JWDCF001-10[BOLD:AAA3748]","Arthropoda","Insecta","Diptera","Culicidae","Culicinae","Aedini","Aedes","Aedes hexodontus","0","99.54"
"CBAY0225_M_A","MOSN13508-26","Arthropoda","Insecta","Diptera","Culicidae","Culicinae","Aedini","Aedes","Aedes hexodontus","0","99.54"
"CBAY0225_M_A","NBPSI059-11[BOLD:AAA3748]","Arthropoda","Insecta","Diptera","Culicidae","Culicinae","Aedini","Aedes","Aedes hexodontus","0","99.54"
"CBAY0225_M_A","UAMIC871-13[BOLD:AAA3748]","Arthropoda","Insecta","Diptera","Culicidae","Culicinae","Aedini","Aedes","Aedes nigripes","0","99.54"
"CBAY0225_M_A","CULBE106-14[BOLD:AAA3748]","Arthropoda","Insecta","Diptera","Culicidae","Culicinae","Aedini","Aedes","Aedes punctor","0","99.54"
"CBAY0225_M_A","MOSN11449-23[BOLD:AAA3748]","Arthropoda","Insecta","Diptera","Culicidae","Culicinae","Aedini","Aedes","Aedes punctor","0","99.54"
"CBAY0225_M_A","MOSN7761-21[BOLD:AAA3748]","Arthropoda","Insecta","Diptera","Culicidae","Culicinae","Aedini","Aedes","Aedes punctor","0","99.54"
"CBAY0225_M_A","MSEMV002-15[BOLD:AAA3748]","Arthropoda","Insecta","Diptera","Culicidae","Culicinae","Aedini","Aedes","Aedes punctor","0","99.54"
"CBAY0225_M_A","MSEMV080-15[BOLD:AAA3748]","Arthropoda","Insecta","Diptera","Culicidae","Culicinae","Aedini","Aedes","Aedes punctor","0","99.54"
"CBAY0225_M_A","UAMIC866-13[BOLD:AAA3748]","Arthropoda","Insecta","Diptera","Culicidae","Culicinae","Aedini","Aedes","Aedes punctor","0","99.39"
"CBAY0230_M_A","BCHAR1188-18[BOLD:AAA3750]","Arthropoda","Insecta","Diptera","Culicidae","Culicinae","Aedini","Aedes","","0","99.85"
"CBAY0230_M_A","BCHAR1418-18[BOLD:AAA3750]","Arthropoda","Insecta","Diptera","Culicidae","Culicinae","Aedini","Aedes","","0","99.85"
"CBAY0230_M_A","BCHAR203-18[BOLD:AAA3750]","Arthropoda","Insecta","Diptera","Culicidae","Culicinae","Aedini","Aedes","","0","99.85"
"CBAY0230_M_A","BCHAR590-18[BOLD:AAA3750]","Arthropoda","Insecta","Diptera","Culicidae","Culicinae","Aedini","Aedes","","0","99.85"
"CBAY0230_M_A","BCHAR630-18[BOLD:AAA3750]","Arthropoda","Insecta","Diptera","Culicidae","Culicinae","Aedini","Aedes","","0","99.85"
"CBAY0230_M_A","BCHAR711-18[BOLD:AAA3750]","Arthropoda","Insecta","Diptera","Culicidae","Culicinae","Aedini","Aedes","","0","99.85"
"CBAY0230_M_A","FCHAR8659-19[BOLD:AAA3750]","Arthropoda","Insecta","Diptera","Culicidae","Culicinae","Aedini","Aedes","","0","99.85"
"CBAY0230_M_A","FCHAR8833-19[BOLD:AAA3750]","Arthropoda","Insecta","Diptera","Culicidae","Culicinae","Aedini","Aedes","","0","99.85"
"CBAY0230_M_A","GJOA2164-21[BOLD:AAA3750]","Arthropoda","Insecta","Diptera","Culicidae","Culicinae","Aedini","Aedes","","0","99.85"
"CBAY0230_M_A","MCHAA154-19[BOLD:AAA3750]","Arthropoda","Insecta","Diptera","Culicidae","Culicinae","Aedini","Aedes","","0","99.85"
"CBAY0230_M_A","MCHAA1549-19[BOLD:AAA3750]","Arthropoda","Insecta","Diptera","Culicidae","Culicinae","Aedini","Aedes","","0","99.85"
"CBAY0230_M_A","MCHAA166-19[BOLD:AAA3750]","Arthropoda","Insecta","Diptera","Culicidae","Culicinae","Aedini","Aedes","","0","99.85"
"CBAY0230_M_A","MCHAC1382-19[BOLD:AAA3750]","Arthropoda","Insecta","Diptera","Culicidae","Culicinae","Aedini","Aedes","","0","99.85"
"CBAY0230_M_A","MCHAC1500-19[BOLD:AAA3750]","Arthropoda","Insecta","Diptera","Culicidae","Culicinae","Aedini","Aedes","","0","99.85"
"CBAY0230_M_A","MCHAC2000-19[BOLD:AAA3750]","Arthropoda","Insecta","Diptera","Culicidae","Culicinae","Aedini","Aedes","","0","99.85"
"CBAY0230_M_A","MCHAC924-19[BOLD:AAA3750]","Arthropoda","Insecta","Diptera","Culicidae","Culicinae","Aedini","Aedes","","0","99.85"
"CBAY0230_M_A","POLCO3443-20[BOLD:AAA3750]","Arthropoda","Insecta","Diptera","Culicidae","Culicinae","Aedini","Aedes","","0","99.85"
"CBAY0230_M_A","POLCO4405-20[BOLD:AAA3750]","Arthropoda","Insecta","Diptera","Culicidae","Culicinae","Aedini","Aedes","","0","99.85"
"CBAY0230_M_A","NBPSI006-11[BOLD:AAA3750]","Arthropoda","Insecta","Diptera","Culicidae","Culicinae","Aedini","Aedes","Aedes impiger","0","99.85"
"CBAY0230_M_A","NBPSI018-11[BOLD:AAA3750]","Arthropoda","Insecta","Diptera","Culicidae","Culicinae","Aedini","Aedes","Aedes impiger","0","99.70"
"CBAY0230_M_A","MOSN12455-24[BOLD:AAA3750]","Arthropoda","Insecta","Diptera","Culicidae","Culicinae","Aedini","Aedes","Aedes nigripes","0","99.70"
"CBAY0230_M_A","MOSN3749-19[BOLD:AAA3750]","Arthropoda","Insecta","Diptera","Culicidae","Culicinae","Aedini","Aedes","Aedes nigripes","0","99.70"
"CBAY0230_M_A","NBPSI080-11[BOLD:AAA3750]","Arthropoda","Insecta","Diptera","Culicidae","Culicinae","Aedini","Aedes","Aedes nigripes","0","99.54"
"CBAY0230_M_A","MOSN7563-21[BOLD:AAA3750]","Arthropoda","Insecta","Diptera","Culicidae","Culicinae","Aedini","Aedes","Aedes ventrovittis","0","99.54"
"CBAY0230_M_A","MOSN7564-21[BOLD:AAA3750]","Arthropoda","Insecta","Diptera","Culicidae","Culicinae","Aedini","Aedes","Aedes ventrovittis","0","99.54"
"CBAY0232_M_B","DCHAR989-19[BOLD:AAA3750]","Arthropoda","Insecta","Diptera","Culicidae","Culicinae","Aedini","Aedes","","0","99.85"
"CBAY0232_M_B","MCHAE615-19[BOLD:AAA3750]","Arthropoda","Insecta","Diptera","Culicidae","Culicinae","Aedini","Aedes","","0","99.85"
"CBAY0232_M_B","JWDCF104-10[BOLD:AAA3750]","Arthropoda","Insecta","Diptera","Culicidae","Culicinae","Aedini","Aedes","Aedes nigripes","0","99.85"
"CBAY0232_M_B","ABWYT31267-24[BOLD:AAA3750]","Arthropoda","Insecta","Diptera","Culicidae","Culicinae","Aedini","Aedes","","0","99.70"
"CBAY0232_M_B","GBMNE29326-21[BOLD:AAA3750]","Arthropoda","Insecta","Diptera","Culicidae","Culicinae","Aedini","Aedes","","0","99.70"
"CBAY0232_M_B","MCHAA218-19[BOLD:AAA3750]","Arthropoda","Insecta","Diptera","Culicidae","Culicinae","Aedini","Aedes","","0","99.70"
"CBAY0232_M_B","MOSN12986-25[BOLD:AAA3750]","Arthropoda","Insecta","Diptera","Culicidae","Culicinae","Aedini","Aedes","Aedes cataphylla","0","99.70"
"CBAY0232_M_B","MOSN13601-26","Arthropoda","Insecta","Diptera","Culicidae","Culicinae","Aedini","Aedes","Aedes implicatus","0","99.70"
"CBAY0232_M_B","JWDCE171-10[BOLD:AAA3750]","Arthropoda","Insecta","Diptera","Culicidae","Culicinae","Aedini","Aedes","Aedes nigripes","0","99.70"
"CBAY0232_M_B","MOSN12470-24[BOLD:AAA3750]","Arthropoda","Insecta","Diptera","Culicidae","Culicinae","Aedini","Aedes","Aedes nigripes","0","99.70"
"CBAY0232_M_B","MCHAB164-19[BOLD:AAA3750]","Arthropoda","Insecta","Diptera","Culicidae","Culicinae","Aedini","Aedes","","0","99.69"
"CBAY0232_M_B","AEDNA900-12[BOLD:AAA3750]","Arthropoda","Insecta","Diptera","Culicidae","Culicinae","Aedini","Aedes","","0","99.54"
"CBAY0232_M_B","MCHAA062-19[BOLD:AAA3750]","Arthropoda","Insecta","Diptera","Culicidae","Culicinae","Aedini","Aedes","","0","99.54"
"CBAY0232_M_B","MCHAB016-19[BOLD:AAA3750]","Arthropoda","Insecta","Diptera","Culicidae","Culicinae","Aedini","Aedes","","0","99.54"
"CBAY0232_M_B","SAPIT130-08[BOLD:AAA3750]","Arthropoda","Insecta","Diptera","Culicidae","Culicinae","Aedini","Aedes","","0","99.54"
"CBAY0232_M_B","NBPSI006-11[BOLD:AAA3750]","Arthropoda","Insecta","Diptera","Culicidae","Culicinae","Aedini","Aedes","Aedes impiger","0","99.54"
"CBAY0232_M_B","ZERO025-11[BOLD:AAA3750]","Arthropoda","Insecta","Diptera","Culicidae","Culicinae","Aedini","Aedes","Aedes impiger","0","99.54"
"CBAY0232_M_B","JWDCF105-10[BOLD:AAA3750]","Arthropoda","Insecta","Diptera","Culicidae","Culicinae","Aedini","Aedes","Aedes nigripes","0","99.54"
"CBAY0232_M_B","JWDCF729-10[BOLD:AAA3750]","Arthropoda","Insecta","Diptera","Culicidae","Culicinae","Aedini","Aedes","Aedes nigripes","0","99.54"
"CBAY0232_M_B","MOSN13501-26","Arthropoda","Insecta","Diptera","Culicidae","Culicinae","Aedini","Aedes","Aedes nigripes","0","99.54"
"CBAY0232_M_B","NBPSI024-11[BOLD:AAA3750]","Arthropoda","Insecta","Diptera","Culicidae","Culicinae","Aedini","Aedes","Aedes nigripes","0","99.54"
"CBAY0232_M_B","NBPSI080-11[BOLD:AAA3750]","Arthropoda","Insecta","Diptera","Culicidae","Culicinae","Aedini","Aedes","Aedes nigripes","0","99.54"
"CBAY0232_M_B","NBPSI082-11[BOLD:AAA3750]","Arthropoda","Insecta","Diptera","Culicidae","Culicinae","Aedini","Aedes","Aedes nigripes","0","99.54"
"CBAY0232_M_B","SAMOS020-09[BOLD:AAA3750]","Arthropoda","Insecta","Diptera","Culicidae","Culicinae","Aedini","Aedes","Aedes nigripes","0","99.54"
"CBAY0232_M_B","ZERO032-11[BOLD:AAA3750]","Arthropoda","Insecta","Diptera","Culicidae","Culicinae","Aedini","Aedes","Aedes nigripes","0","99.54"
"CBAY0246_M_C","MOSN11377-23[BOLD:AAA3751]","Arthropoda","Insecta","Diptera","Culicidae","Culicinae","Aedini","Aedes","Aedes pullatus","0","99.70"
"CBAY0246_M_C","AMCAT098-21[BOLD:AAA3751]","Arthropoda","Insecta","Diptera","Culicidae","Culicinae","Aedini","Aedes","","0","99.54"
"CBAY0246_M_C","FCHAR2138-19[BOLD:AAA3751]","Arthropoda","Insecta","Diptera","Culicidae","Culicinae","Aedini","Aedes","","0","99.54"
"CBAY0246_M_C","OPPEK6101-17[BOLD:AAA3751]","Arthropoda","Insecta","Diptera","Culicidae","Culicinae","Aedini","Aedes","","0","99.54"
"CBAY0246_M_C","BBDCP582-10[BOLD:AAA3751]","Arthropoda","Insecta","Diptera","Culicidae","Culicinae","Aedini","Aedes","Aedes communis","0","99.54"
"CBAY0246_M_C","CNWAC2035-14[BOLD:AAA3751]","Arthropoda","Insecta","Diptera","Culicidae","Culicinae","Aedini","Aedes","Aedes communis","0","99.54"
"CBAY0246_M_C","SAMOS042-09[BOLD:AAA3751]","Arthropoda","Insecta","Diptera","Culicidae","Culicinae","Aedini","Aedes","Aedes communis complex","0","99.54"
"CBAY0246_M_C","SAMOS062-09[BOLD:AAA3751]","Arthropoda","Insecta","Diptera","Culicidae","Culicinae","Aedini","Aedes","Aedes communis complex","0","99.54"
"CBAY0246_M_C","OPPEK1401-17[BOLD:AAA3751]","Arthropoda","Insecta","Diptera","Culicidae","Culicinae","Aedini","Aedes","","0","99.39"
"CBAY0246_M_C","JWDCJ600-11[BOLD:AAA3751]","Arthropoda","Insecta","Diptera","Culicidae","Culicinae","Aedini","Aedes","Aedes communis complex","0","99.39"
"CBAY0246_M_C","ASDIP806-15[BOLD:AAA3751]","Arthropoda","Insecta","Diptera","Culicidae","Culicinae","Aedini","Aedes","Aedes communis","0","99.24"
"CBAY0246_M_C","MOSN389-18[BOLD:AAA3751]","Arthropoda","Insecta","Diptera","Culicidae","Culicinae","Aedini","Aedes","Aedes communis","0","99.09"
"CBAY0246_M_C","SAMOS040-09[BOLD:AAA3751]","Arthropoda","Insecta","Diptera","Culicidae","Culicinae","Aedini","Aedes","Aedes communis complex","0","99.09"
"CBAY0246_M_C","OPPCC1432-17[BOLD:AAA3751]","Arthropoda","Insecta","Diptera","Culicidae","Culicinae","Aedini","Aedes","","0","98.93"
"CBAY0246_M_C","MOSN071-17[BOLD:AAA3751]","Arthropoda","Insecta","Diptera","Culicidae","Culicinae","Aedini","Aedes","Aedes communis","0","98.93"
"CBAY0246_M_C","MOSN10224-23[BOLD:AAA3751]","Arthropoda","Insecta","Diptera","Culicidae","Culicinae","Aedini","Aedes","Aedes communis","0","98.93"
"CBAY0246_M_C","MOSN2034-19[BOLD:AAA3751]","Arthropoda","Insecta","Diptera","Culicidae","Culicinae","Aedini","Aedes","Aedes communis","0","98.93"
"CBAY0246_M_C","MOSN734-18[BOLD:AAA3751]","Arthropoda","Insecta","Diptera","Culicidae","Culicinae","Aedini","Aedes","Aedes communis","0","98.93"
"CBAY0246_M_C","MOSN8393-22[BOLD:AAA3751]","Arthropoda","Insecta","Diptera","Culicidae","Culicinae","Aedini","Aedes","Aedes communis","0","98.93"
"CBAY0246_M_C","MOSN147-18[BOLD:AAA3751]","Arthropoda","Insecta","Diptera","Culicidae","Culicinae","Aedini","Aedes","Aedes intrudens","0","98.93"
"CBAY0246_M_C","OPPHA951-17[BOLD:AAA3751]","Arthropoda","Insecta","Diptera","Culicidae","Culicinae","Aedini","Aedes","","0","98.78"
"CBAY0246_M_C","MOSN391-18[BOLD:AAA3751]","Arthropoda","Insecta","Diptera","Culicidae","Culicinae","Aedini","Aedes","Aedes communis","0","98.78"
"CBAY0246_M_C","MOSN725-18[BOLD:AAA3751]","Arthropoda","Insecta","Diptera","Culicidae","Culicinae","Aedini","Aedes","Aedes communis","0","98.78"
"CBAY0246_M_C","OPPCC299-17[BOLD:AAA3751]","Arthropoda","Insecta","Diptera","Culicidae","Culicinae","Aedini","Aedes","","0","98.63"
"CBAY0246_M_C","MOSN12966-25[BOLD:AAA3751]","Arthropoda","Insecta","Diptera","Culicidae","Culicinae","Aedini","Aedes","Aedes hexodontus","0","98.63"
"CBAY0254_M_B","FCHAR3807-19[BOLD:AAA3748]","Arthropoda","Insecta","Diptera","Culicidae","Culicinae","","","","0","99.85"
"CBAY0254_M_B","MCHAE778-19[BOLD:AAA3748]","Arthropoda","Insecta","Diptera","Culicidae","Culicinae","Aedini","Aedes","","0","99.85"
"CBAY0254_M_B","SIIP4634-24[BOLD:AAA3748]","Arthropoda","Insecta","Diptera","Culicidae","","","","","0","99.70"
"CBAY0254_M_B","AMMC081-07[BOLD:AAA3748]","Arthropoda","Insecta","Diptera","Culicidae","Culicinae","Aedini","Aedes","","0","99.70"
"CBAY0254_M_B","JWDCC475-10[BOLD:AAA3748]","Arthropoda","Insecta","Diptera","Culicidae","Culicinae","Aedini","Aedes","","0","99.70"
"CBAY0254_M_B","JWDCF060-10[BOLD:AAA3748]","Arthropoda","Insecta","Diptera","Culicidae","Culicinae","Aedini","Aedes","","0","99.70"
"CBAY0254_M_B","MCHAB506-19[BOLD:AAA3748]","Arthropoda","Insecta","Diptera","Culicidae","Culicinae","Aedini","Aedes","","0","99.70"
"CBAY0254_M_B","MHMOS067-07[BOLD:AAA3748]","Arthropoda","Insecta","Diptera","Culicidae","Culicinae","Aedini","Aedes","","0","99.70"
"CBAY0254_M_B","AMMC027-07[BOLD:AAA3748]","Arthropoda","Insecta","Diptera","Culicidae","Culicinae","Aedini","Aedes","Aedes hexodontus","0","99.70"
"CBAY0254_M_B","MOSN11429-23[BOLD:AAA3748]","Arthropoda","Insecta","Diptera","Culicidae","Culicinae","Aedini","Aedes","Aedes hexodontus","0","99.70"
"CBAY0254_M_B","NEONT227-10[BOLD:AAA3748]","Arthropoda","Insecta","Diptera","Culicidae","Culicinae","Aedini","Aedes","Aedes hexodontus","0","99.70"
"CBAY0254_M_B","NEONW194-11[BOLD:AAA3748]","Arthropoda","Insecta","Diptera","Culicidae","Culicinae","Aedini","Aedes","Aedes hexodontus","0","99.70"
"CBAY0254_M_B","GBDP51899-19[BOLD:AAA3748]","Arthropoda","Insecta","Diptera","Culicidae","Culicinae","Aedini","Aedes","Aedes punctor","0","99.70"
"CBAY0254_M_B","MOSN1731-18[BOLD:AAA3748]","Arthropoda","Insecta","Diptera","Culicidae","Culicinae","Aedini","Aedes","Aedes punctor","0","99.70"
"CBAY0254_M_B","NEONU2138-13[BOLD:AAA3748]","Arthropoda","Insecta","Diptera","Culicidae","Culicinae","Aedini","Aedes","Aedes punctor","0","99.70"
"CBAY0254_M_B","SWSWP011-09[BOLD:AAA3748]","Arthropoda","Insecta","Diptera","Culicidae","Culicinae","Aedini","Aedes","","0","99.69"
"CBAY0254_M_B","SIIP13437-24[BOLD:AAA3748]","Arthropoda","Insecta","Diptera","Culicidae","","","","","0","99.54"
"CBAY0254_M_B","SAMOS023-09[BOLD:AAA3748]","Arthropoda","Insecta","Diptera","Culicidae","Culicinae","Aedini","Aedes","","0","99.54"
"CBAY0254_M_B","MOSN13508-26","Arthropoda","Insecta","Diptera","Culicidae","Culicinae","Aedini","Aedes","Aedes hexodontus","0","99.54"
"CBAY0254_M_B","NBPSI059-11[BOLD:AAA3748]","Arthropoda","Insecta","Diptera","Culicidae","Culicinae","Aedini","Aedes","Aedes hexodontus","0","99.54"
"CBAY0254_M_B","NEONT203-10[BOLD:AAA3748]","Arthropoda","Insecta","Diptera","Culicidae","Culicinae","Aedini","Aedes","Aedes hexodontus","0","99.54"
"CBAY0254_M_B","NEONW203-11[BOLD:AAA3748]","Arthropoda","Insecta","Diptera","Culicidae","Culicinae","Aedini","Aedes","Aedes hexodontus","0","99.54"
"CBAY0254_M_B","MOSN13452-26","Arthropoda","Insecta","Diptera","Culicidae","Culicinae","Aedini","Aedes","Aedes punctor","0","99.54"
"CBAY0254_M_B","MSEMV002-15[BOLD:AAA3748]","Arthropoda","Insecta","Diptera","Culicidae","Culicinae","Aedini","Aedes","Aedes punctor","0","99.54"
"CBAY0254_M_B","MSEMV080-15[BOLD:AAA3748]","Arthropoda","Insecta","Diptera","Culicidae","Culicinae","Aedini","Aedes","Aedes punctor","0","99.54"
"CBAY0259_M_A","FCHAR3807-19[BOLD:AAA3748]","Arthropoda","Insecta","Diptera","Culicidae","Culicinae","","","","0","99.85"
"CBAY0259_M_A","MCHAE778-19[BOLD:AAA3748]","Arthropoda","Insecta","Diptera","Culicidae","Culicinae","Aedini","Aedes","","0","99.85"
"CBAY0259_M_A","MOSN13124-25[BOLD:AAA3748]","Arthropoda","Insecta","Diptera","Culicidae","Culicinae","Aedini","Aedes","Aedes cinereus","0","99.85"
"CBAY0259_M_A","GBDCU1106-14[BOLD:AAA3748]","Arthropoda","Insecta","Diptera","Culicidae","Culicinae","Aedini","Aedes","Aedes punctor","0","99.85"
"CBAY0259_M_A","SIIP4634-24[BOLD:AAA3748]","Arthropoda","Insecta","Diptera","Culicidae","","","","","0","99.70"
"CBAY0259_M_A","AMMC081-07[BOLD:AAA3748]","Arthropoda","Insecta","Diptera","Culicidae","Culicinae","Aedini","Aedes","","0","99.70"
"CBAY0259_M_A","JWDCC475-10[BOLD:AAA3748]","Arthropoda","Insecta","Diptera","Culicidae","Culicinae","Aedini","Aedes","","0","99.70"
"CBAY0259_M_A","JWDCF060-10[BOLD:AAA3748]","Arthropoda","Insecta","Diptera","Culicidae","Culicinae","Aedini","Aedes","","0","99.70"
"CBAY0259_M_A","MCHAB506-19[BOLD:AAA3748]","Arthropoda","Insecta","Diptera","Culicidae","Culicinae","Aedini","Aedes","","0","99.70"
"CBAY0259_M_A","MHMOS067-07[BOLD:AAA3748]","Arthropoda","Insecta","Diptera","Culicidae","Culicinae","Aedini","Aedes","","0","99.70"
"CBAY0259_M_A","AMMC027-07[BOLD:AAA3748]","Arthropoda","Insecta","Diptera","Culicidae","Culicinae","Aedini","Aedes","Aedes hexodontus","0","99.70"
"CBAY0259_M_A","MOSN11429-23[BOLD:AAA3748]","Arthropoda","Insecta","Diptera","Culicidae","Culicinae","Aedini","Aedes","Aedes hexodontus","0","99.70"
"CBAY0259_M_A","MOSN7522-21[BOLD:AAA3748]","Arthropoda","Insecta","Diptera","Culicidae","Culicinae","Aedini","Aedes","Aedes hexodontus","0","99.70"
"CBAY0259_M_A","GBDP51899-19[BOLD:AAA3748]","Arthropoda","Insecta","Diptera","Culicidae","Culicinae","Aedini","Aedes","Aedes punctor","0","99.70"
"CBAY0259_M_A","NEONU2138-13[BOLD:AAA3748]","Arthropoda","Insecta","Diptera","Culicidae","Culicinae","Aedini","Aedes","Aedes punctor","0","99.70"
"CBAY0259_M_A","MCHAE1402-19[BOLD:AAA3748]","Arthropoda","Insecta","Diptera","Culicidae","Culicinae","Aedini","Aedes","","0","99.69"
"CBAY0259_M_A","SWSWP011-09[BOLD:AAA3748]","Arthropoda","Insecta","Diptera","Culicidae","Culicinae","Aedini","Aedes","","0","99.69"
"CBAY0259_M_A","SIIP13437-24[BOLD:AAA3748]","Arthropoda","Insecta","Diptera","Culicidae","","","","","0","99.54"
"CBAY0259_M_A","SAMOS023-09[BOLD:AAA3748]","Arthropoda","Insecta","Diptera","Culicidae","Culicinae","Aedini","Aedes","","0","99.54"
"CBAY0259_M_A","MOSN13111-25[BOLD:AAA3748]","Arthropoda","Insecta","Diptera","Culicidae","Culicinae","Aedini","Aedes","Aedes hexodontus","0","99.54"
"CBAY0259_M_A","MOSN13508-26","Arthropoda","Insecta","Diptera","Culicidae","Culicinae","Aedini","Aedes","Aedes hexodontus","0","99.54"
"CBAY0259_M_A","NBPSI059-11[BOLD:AAA3748]","Arthropoda","Insecta","Diptera","Culicidae","Culicinae","Aedini","Aedes","Aedes hexodontus","0","99.54"
"CBAY0259_M_A","MOSN9667-22[BOLD:AAA3748]","Arthropoda","Insecta","Diptera","Culicidae","Culicinae","Aedini","Aedes","Aedes punctor","0","99.54"
"CBAY0259_M_A","MSEMV002-15[BOLD:AAA3748]","Arthropoda","Insecta","Diptera","Culicidae","Culicinae","Aedini","Aedes","Aedes punctor","0","99.54"
"CBAY0259_M_A","MSEMV080-15[BOLD:AAA3748]","Arthropoda","Insecta","Diptera","Culicidae","Culicinae","Aedini","Aedes","Aedes punctor","0","99.54"
"CBAY0263_M_D","GBDCU1108-14[BOLD:AAA3748]","Arthropoda","Insecta","Diptera","Culicidae","Culicinae","Aedini","Aedes","Aedes hexodontus","0","96.48"
"CBAY0263_M_D","AEDNA848-12[BOLD:AAA3748]","Arthropoda","Insecta","Diptera","Culicidae","Culicinae","Aedini","Aedes","","0","96.35"
"CBAY0263_M_D","JWDCF060-10[BOLD:AAA3748]","Arthropoda","Insecta","Diptera","Culicidae","Culicinae","Aedini","Aedes","","0","96.35"
"CBAY0263_M_D","JWDCH008-10[BOLD:AAA3748]","Arthropoda","Insecta","Diptera","Culicidae","Culicinae","Aedini","Aedes","","0","96.35"
"CBAY0263_M_D","JWDCJ1002-11[BOLD:AAA3748]","Arthropoda","Insecta","Diptera","Culicidae","Culicinae","Aedini","Aedes","","0","96.35"
"CBAY0263_M_D","TRDNE020-15[BOLD:AAA3748]","Arthropoda","Insecta","Diptera","Culicidae","Culicinae","Aedini","Aedes","","0","96.35"
"CBAY0263_M_D","AKLEP1173-25[BOLD:AAA3748]","Arthropoda","Insecta","Diptera","Culicidae","Culicinae","Aedini","Aedes","Aedes abserratus","0","96.35"
"CBAY0263_M_D","JWDCC132-10[BOLD:AAA3748]","Arthropoda","Insecta","Diptera","Culicidae","Culicinae","Aedini","Aedes","Aedes hexodontus","0","96.35"
"CBAY0263_M_D","NBPSI017-11[BOLD:AAA3748]","Arthropoda","Insecta","Diptera","Culicidae","Culicinae","Aedini","Aedes","Aedes hexodontus","0","96.35"
"CBAY0263_M_D","NBPSI059-11[BOLD:AAA3748]","Arthropoda","Insecta","Diptera","Culicidae","Culicinae","Aedini","Aedes","Aedes hexodontus","0","96.35"
"CBAY0263_M_D","NEONT227-10[BOLD:AAA3748]","Arthropoda","Insecta","Diptera","Culicidae","Culicinae","Aedini","Aedes","Aedes hexodontus","0","96.35"
"CBAY0263_M_D","NEONW194-11[BOLD:AAA3748]","Arthropoda","Insecta","Diptera","Culicidae","Culicinae","Aedini","Aedes","Aedes hexodontus","0","96.35"
"CBAY0263_M_D","CROCU013-20[BOLD:AAA3748]","Arthropoda","Insecta","Diptera","Culicidae","Culicinae","Aedini","Aedes","Aedes punctor","0","96.35"
"CBAY0263_M_D","CULBE105-14[BOLD:AAA3748]","Arthropoda","Insecta","Diptera","Culicidae","Culicinae","Aedini","Aedes","Aedes punctor","0","96.35"
"CBAY0263_M_D","GBDP51899-19[BOLD:AAA3748]","Arthropoda","Insecta","Diptera","Culicidae","Culicinae","Aedini","Aedes","Aedes punctor","0","96.35"
"CBAY0263_M_D","MOSN1731-18[BOLD:AAA3748]","Arthropoda","Insecta","Diptera","Culicidae","Culicinae","Aedini","Aedes","Aedes punctor","0","96.35"
"CBAY0263_M_D","MSEMV002-15[BOLD:AAA3748]","Arthropoda","Insecta","Diptera","Culicidae","Culicinae","Aedini","Aedes","Aedes punctor","0","96.35"
"CBAY0263_M_D","NEONU2138-13[BOLD:AAA3748]","Arthropoda","Insecta","Diptera","Culicidae","Culicinae","Aedini","Aedes","Aedes punctor","0","96.35"
"CBAY0263_M_D","NEONU2143-13[BOLD:AAA3748]","Arthropoda","Insecta","Diptera","Culicidae","Culicinae","Aedini","Aedes","Aedes ventrovittis","0","96.35"
"CBAY0263_M_D","NEONU2147-13[BOLD:AAA3748]","Arthropoda","Insecta","Diptera","Culicidae","Culicinae","Aedini","Aedes","Aedes ventrovittis","0","96.35"
"CBAY0263_M_D","JWDCH738-10[BOLD:AAA3748]","Arthropoda","Insecta","Diptera","Culicidae","Culicinae","Aedini","Aedes","","0","96.34"
"CBAY0263_M_D","JWDCJ1520-11[BOLD:AAA3748]","Arthropoda","Insecta","Diptera","Culicidae","Culicinae","Aedini","Aedes","","0","96.34"
"CBAY0263_M_D","UAMIC873-13[BOLD:AAA3748]","Arthropoda","Insecta","Diptera","Culicidae","Culicinae","Aedini","Aedes","Aedes fitchii","0","96.19"
"CBAY0263_M_D","NBPSI016-11[BOLD:AAA3748]","Arthropoda","Insecta","Diptera","Culicidae","Culicinae","Aedini","Aedes","Aedes hexodontus","0","96.19"
"CBAY0263_M_D","UAMIC866-13[BOLD:AAA3748]","Arthropoda","Insecta","Diptera","Culicidae","Culicinae","Aedini","Aedes","Aedes punctor","0","96.04"
"CBAY0265_M_B","BCHAR181-18[BOLD:AAA3750]","Arthropoda","Insecta","Diptera","Culicidae","Culicinae","Aedini","Aedes","","0","99.85"
"CBAY0265_M_B","DCHAR1345-19[BOLD:AAA3750]","Arthropoda","Insecta","Diptera","Culicidae","Culicinae","Aedini","Aedes","","0","99.85"
"CBAY0265_M_B","MCHAB164-19[BOLD:AAA3750]","Arthropoda","Insecta","Diptera","Culicidae","Culicinae","Aedini","Aedes","","0","99.85"
"CBAY0265_M_B","MCHAD330-19[BOLD:AAA3750]","Arthropoda","Insecta","Diptera","Culicidae","Culicinae","Aedini","Aedes","","0","99.85"
"CBAY0265_M_B","POLCO1420-20[BOLD:AAA3750]","Arthropoda","Insecta","Diptera","Culicidae","Culicinae","Aedini","Aedes","","0","99.85"
"CBAY0265_M_B","CCHAR5122-19[BOLD:AAA3750]","Arthropoda","Insecta","Diptera","Culicidae","Culicinae","Aedini","Aedes","","0","99.70"
"CBAY0265_M_B","FCHAR8966-19[BOLD:AAA3750]","Arthropoda","Insecta","Diptera","Culicidae","Culicinae","Aedini","Aedes","","0","99.70"
"CBAY0265_M_B","FCHAR9271-19[BOLD:AAA3750]","Arthropoda","Insecta","Diptera","Culicidae","Culicinae","Aedini","Aedes","","0","99.70"
"CBAY0265_M_B","KUGA527-21[BOLD:AAA3750]","Arthropoda","Insecta","Diptera","Culicidae","Culicinae","Aedini","Aedes","","0","99.70"
"CBAY0265_M_B","MCHAB016-19[BOLD:AAA3750]","Arthropoda","Insecta","Diptera","Culicidae","Culicinae","Aedini","Aedes","","0","99.70"
"CBAY0265_M_B","MCHAC1227-19[BOLD:AAA3750]","Arthropoda","Insecta","Diptera","Culicidae","Culicinae","Aedini","Aedes","","0","99.70"
"CBAY0265_M_B","SAPIT130-08[BOLD:AAA3750]","Arthropoda","Insecta","Diptera","Culicidae","Culicinae","Aedini","Aedes","","0","99.70"
"CBAY0265_M_B","JWDCE725-10[BOLD:AAA3750]","Arthropoda","Insecta","Diptera","Culicidae","Culicinae","Aedini","Aedes","Aedes nigripes","0","99.70"
"CBAY0265_M_B","JWDCF104-10[BOLD:AAA3750]","Arthropoda","Insecta","Diptera","Culicidae","Culicinae","Aedini","Aedes","Aedes nigripes","0","99.70"
"CBAY0265_M_B","ACHAR1813-18[BOLD:AAA3750]","Arthropoda","Insecta","Diptera","Culicidae","Culicinae","Aedini","Aedes","","0","99.69"
"CBAY0265_M_B","BCHAR1417-18[BOLD:AAA3750]","Arthropoda","Insecta","Diptera","Culicidae","Culicinae","Aedini","Aedes","","0","99.69"
"CBAY0265_M_B","CBAYA3077-22[BOLD:AAA3750]","Arthropoda","Insecta","Diptera","Culicidae","Culicinae","Aedini","Aedes","","0","99.69"
"CBAY0265_M_B","MCHAA131-19[BOLD:AAA3750]","Arthropoda","Insecta","Diptera","Culicidae","Culicinae","Aedini","Aedes","","0","99.69"
"CBAY0265_M_B","MCHAC1662-19[BOLD:AAA3750]","Arthropoda","Insecta","Diptera","Culicidae","Culicinae","Aedini","Aedes","","0","99.69"
"CBAY0265_M_B","MCHAE1400-19[BOLD:AAA3750]","Arthropoda","Insecta","Diptera","Culicidae","Culicinae","Aedini","Aedes","","0","99.69"
"CBAY0265_M_B","MCHAE615-19[BOLD:AAA3750]","Arthropoda","Insecta","Diptera","Culicidae","Culicinae","Aedini","Aedes","","0","99.69"
"CBAY0265_M_B","MOSN12986-25[BOLD:AAA3750]","Arthropoda","Insecta","Diptera","Culicidae","Culicinae","Aedini","Aedes","Aedes cataphylla","0","99.54"
"CBAY0265_M_B","MOSN13601-26","Arthropoda","Insecta","Diptera","Culicidae","Culicinae","Aedini","Aedes","Aedes implicatus","0","99.54"
"CBAY0265_M_B","JWDCE171-10[BOLD:AAA3750]","Arthropoda","Insecta","Diptera","Culicidae","Culicinae","Aedini","Aedes","Aedes nigripes","0","99.54"
"CBAY0265_M_B","MOSN12470-24[BOLD:AAA3750]","Arthropoda","Insecta","Diptera","Culicidae","Culicinae","Aedini","Aedes","Aedes nigripes","0","99.54"
"CBAY0269_M_B","DCHAR989-19[BOLD:AAA3750]","Arthropoda","Insecta","Diptera","Culicidae","Culicinae","Aedini","Aedes","","0","100.00"
"CBAY0269_M_B","MCHAE615-19[BOLD:AAA3750]","Arthropoda","Insecta","Diptera","Culicidae","Culicinae","Aedini","Aedes","","0","100.00"
"CBAY0269_M_B","JWDCF104-10[BOLD:AAA3750]","Arthropoda","Insecta","Diptera","Culicidae","Culicinae","Aedini","Aedes","Aedes nigripes","0","100.00"
"CBAY0269_M_B","ABWYT31267-24[BOLD:AAA3750]","Arthropoda","Insecta","Diptera","Culicidae","Culicinae","Aedini","Aedes","","0","99.85"
"CBAY0269_M_B","GBMNE29326-21[BOLD:AAA3750]","Arthropoda","Insecta","Diptera","Culicidae","Culicinae","Aedini","Aedes","","0","99.85"
"CBAY0269_M_B","MCHAA218-19[BOLD:AAA3750]","Arthropoda","Insecta","Diptera","Culicidae","Culicinae","Aedini","Aedes","","0","99.85"
"CBAY0269_M_B","MCHAB164-19[BOLD:AAA3750]","Arthropoda","Insecta","Diptera","Culicidae","Culicinae","Aedini","Aedes","","0","99.85"
"CBAY0269_M_B","MOSN12986-25[BOLD:AAA3750]","Arthropoda","Insecta","Diptera","Culicidae","Culicinae","Aedini","Aedes","Aedes cataphylla","0","99.85"
"CBAY0269_M_B","MOSN13601-26","Arthropoda","Insecta","Diptera","Culicidae","Culicinae","Aedini","Aedes","Aedes implicatus","0","99.85"
"CBAY0269_M_B","JWDCE171-10[BOLD:AAA3750]","Arthropoda","Insecta","Diptera","Culicidae","Culicinae","Aedini","Aedes","Aedes nigripes","0","99.85"
"CBAY0269_M_B","MOSN12470-24[BOLD:AAA3750]","Arthropoda","Insecta","Diptera","Culicidae","Culicinae","Aedini","Aedes","Aedes nigripes","0","99.85"
"CBAY0269_M_B","AEDNA900-12[BOLD:AAA3750]","Arthropoda","Insecta","Diptera","Culicidae","Culicinae","Aedini","Aedes","","0","99.70"
"CBAY0269_M_B","MCHAA062-19[BOLD:AAA3750]","Arthropoda","Insecta","Diptera","Culicidae","Culicinae","Aedini","Aedes","","0","99.70"
"CBAY0269_M_B","MCHAB016-19[BOLD:AAA3750]","Arthropoda","Insecta","Diptera","Culicidae","Culicinae","Aedini","Aedes","","0","99.70"
"CBAY0269_M_B","SAPIT130-08[BOLD:AAA3750]","Arthropoda","Insecta","Diptera","Culicidae","Culicinae","Aedini","Aedes","","0","99.70"
"CBAY0269_M_B","ZERO025-11[BOLD:AAA3750]","Arthropoda","Insecta","Diptera","Culicidae","Culicinae","Aedini","Aedes","Aedes impiger","0","99.70"
"CBAY0269_M_B","IFSV035-15[BOLD:AAA3750]","Arthropoda","Insecta","Diptera","Culicidae","Culicinae","Aedini","Aedes","Aedes nigripes","0","99.70"
"CBAY0269_M_B","JWDCE725-10[BOLD:AAA3750]","Arthropoda","Insecta","Diptera","Culicidae","Culicinae","Aedini","Aedes","Aedes nigripes","0","99.70"
"CBAY0269_M_B","JWDCF105-10[BOLD:AAA3750]","Arthropoda","Insecta","Diptera","Culicidae","Culicinae","Aedini","Aedes","Aedes nigripes","0","99.70"
"CBAY0269_M_B","JWDCF729-10[BOLD:AAA3750]","Arthropoda","Insecta","Diptera","Culicidae","Culicinae","Aedini","Aedes","Aedes nigripes","0","99.70"
"CBAY0269_M_B","MOSN13501-26","Arthropoda","Insecta","Diptera","Culicidae","Culicinae","Aedini","Aedes","Aedes nigripes","0","99.70"
"CBAY0269_M_B","NBPSI024-11[BOLD:AAA3750]","Arthropoda","Insecta","Diptera","Culicidae","Culicinae","Aedini","Aedes","Aedes nigripes","0","99.70"
"CBAY0269_M_B","NBPSI082-11[BOLD:AAA3750]","Arthropoda","Insecta","Diptera","Culicidae","Culicinae","Aedini","Aedes","Aedes nigripes","0","99.70"
"CBAY0269_M_B","SAMOS020-09[BOLD:AAA3750]","Arthropoda","Insecta","Diptera","Culicidae","Culicinae","Aedini","Aedes","Aedes nigripes","0","99.70"
"CBAY0269_M_B","ZERO032-11[BOLD:AAA3750]","Arthropoda","Insecta","Diptera","Culicidae","Culicinae","Aedini","Aedes","Aedes nigripes","0","99.70"
"CBAY0275_M_B","JWDCF060-10[BOLD:AAA3748]","Arthropoda","Insecta","Diptera","Culicidae","Culicinae","Aedini","Aedes","","0","100.00"
"CBAY0275_M_B","GBDCU1097-14[BOLD:AAA3748]","Arthropoda","Insecta","Diptera","Culicidae","Culicinae","Aedini","Aedes","Aedes hexodontus","0","100.00"
"CBAY0275_M_B","GBDP51899-19[BOLD:AAA3748]","Arthropoda","Insecta","Diptera","Culicidae","Culicinae","Aedini","Aedes","Aedes punctor","0","100.00"
"CBAY0275_M_B","NEONU2138-13[BOLD:AAA3748]","Arthropoda","Insecta","Diptera","Culicidae","Culicinae","Aedini","Aedes","Aedes punctor","0","100.00"
"CBAY0275_M_B","SIIP13437-24[BOLD:AAA3748]","Arthropoda","Insecta","Diptera","Culicidae","","","","","0","99.85"
"CBAY0275_M_B","FCHAR8616-19[BOLD:AAA3748]","Arthropoda","Insecta","Diptera","Culicidae","Culicinae","","","","0","99.85"
"CBAY0275_M_B","FCHAR8625-19[BOLD:AAA3748]","Arthropoda","Insecta","Diptera","Culicidae","Culicinae","","","","0","99.85"
"CBAY0275_M_B","GBMNE29317-21[BOLD:AAA3748]","Arthropoda","Insecta","Diptera","Culicidae","Culicinae","Aedini","","","0","99.85"
"CBAY0275_M_B","AEDNA869-12[BOLD:AAA3748]","Arthropoda","Insecta","Diptera","Culicidae","Culicinae","Aedini","Aedes","","0","99.85"
"CBAY0275_M_B","AMMC093-07[BOLD:AAA3748]","Arthropoda","Insecta","Diptera","Culicidae","Culicinae","Aedini","Aedes","","0","99.85"
"CBAY0275_M_B","DIPFI112-12[BOLD:AAA3748]","Arthropoda","Insecta","Diptera","Culicidae","Culicinae","Aedini","Aedes","","0","99.85"
"CBAY0275_M_B","JWDCE742-10[BOLD:AAA3748]","Arthropoda","Insecta","Diptera","Culicidae","Culicinae","Aedini","Aedes","","0","99.85"
"CBAY0275_M_B","SAMOS023-09[BOLD:AAA3748]","Arthropoda","Insecta","Diptera","Culicidae","Culicinae","Aedini","Aedes","","0","99.85"
"CBAY0275_M_B","AKLEP1173-25[BOLD:AAA3748]","Arthropoda","Insecta","Diptera","Culicidae","Culicinae","Aedini","Aedes","Aedes abserratus","0","99.85"
"CBAY0275_M_B","MOSN13124-25[BOLD:AAA3748]","Arthropoda","Insecta","Diptera","Culicidae","Culicinae","Aedini","Aedes","Aedes cinereus","0","99.85"
"CBAY0275_M_B","AMMC020-07[BOLD:AAA3748]","Arthropoda","Insecta","Diptera","Culicidae","Culicinae","Aedini","Aedes","Aedes hexodontus","0","99.85"
"CBAY0275_M_B","MHMOS074-07[BOLD:AAA3748]","Arthropoda","Insecta","Diptera","Culicidae","Culicinae","Aedini","Aedes","Aedes hexodontus","0","99.85"
"CBAY0275_M_B","MOSN13508-26","Arthropoda","Insecta","Diptera","Culicidae","Culicinae","Aedini","Aedes","Aedes hexodontus","0","99.85"
"CBAY0275_M_B","NBPSI059-11[BOLD:AAA3748]","Arthropoda","Insecta","Diptera","Culicidae","Culicinae","Aedini","Aedes","Aedes hexodontus","0","99.85"
"CBAY0275_M_B","CULBE102-14[BOLD:AAA3748]","Arthropoda","Insecta","Diptera","Culicidae","Culicinae","Aedini","Aedes","Aedes punctor","0","99.85"
"CBAY0275_M_B","CULBE106-14[BOLD:AAA3748]","Arthropoda","Insecta","Diptera","Culicidae","Culicinae","Aedini","Aedes","Aedes punctor","0","99.85"
"CBAY0275_M_B","MSEMV002-15[BOLD:AAA3748]","Arthropoda","Insecta","Diptera","Culicidae","Culicinae","Aedini","Aedes","Aedes punctor","0","99.85"
"CBAY0275_M_B","MSEMV080-15[BOLD:AAA3748]","Arthropoda","Insecta","Diptera","Culicidae","Culicinae","Aedini","Aedes","Aedes punctor","0","99.85"
"CBAY0275_M_B","NEONU2143-13[BOLD:AAA3748]","Arthropoda","Insecta","Diptera","Culicidae","Culicinae","Aedini","Aedes","Aedes ventrovittis","0","99.70"
"CBAY0275_M_B","NEONU2147-13[BOLD:AAA3748]","Arthropoda","Insecta","Diptera","Culicidae","Culicinae","Aedini","Aedes","Aedes ventrovittis","0","99.70"
"CBAY0289_M_C","MOSN13124-25[BOLD:AAA3748]","Arthropoda","Insecta","Diptera","Culicidae","Culicinae","Aedini","Aedes","Aedes cinereus","0","96.50"
"CBAY0289_M_C","GBDCU1136-14[BOLD:AAA3748]","Arthropoda","Insecta","Diptera","Culicidae","Culicinae","Aedini","Aedes","Aedes abserratus","0","96.48"
"CBAY0289_M_C","GBDCU1106-14[BOLD:AAA3748]","Arthropoda","Insecta","Diptera","Culicidae","Culicinae","Aedini","Aedes","Aedes punctor","0","96.48"
"CBAY0289_M_C","JWDCC137-10[BOLD:AAA3748]","Arthropoda","Insecta","Diptera","Culicidae","Culicinae","Aedini","Aedes","","0","96.35"
"CBAY0289_M_C","JWDCF060-10[BOLD:AAA3748]","Arthropoda","Insecta","Diptera","Culicidae","Culicinae","Aedini","Aedes","","0","96.35"
"CBAY0289_M_C","MOSN12981-25[BOLD:AAA3748]","Arthropoda","Insecta","Diptera","Culicidae","Culicinae","Aedini","Aedes","","0","96.35"
"CBAY0289_M_C","SAMOS059-09[BOLD:AAA3748]","Arthropoda","Insecta","Diptera","Culicidae","Culicinae","Aedini","Aedes","","0","96.35"
"CBAY0289_M_C","JWDCC054-10[BOLD:AAA3748]","Arthropoda","Insecta","Diptera","Culicidae","Culicinae","Aedini","Aedes","Aedes abserratus","0","96.35"
"CBAY0289_M_C","JWDCG308-10[BOLD:AAA3748]","Arthropoda","Insecta","Diptera","Culicidae","Culicinae","Aedini","Aedes","Aedes abserratus","0","96.35"
"CBAY0289_M_C","JWDCG511-10[BOLD:AAA3748]","Arthropoda","Insecta","Diptera","Culicidae","Culicinae","Aedini","Aedes","Aedes abserratus","0","96.35"
"CBAY0289_M_C","JWDCC433-10[BOLD:AAA3748]","Arthropoda","Insecta","Diptera","Culicidae","Culicinae","Aedini","Aedes","Aedes hexodontus","0","96.35"
"CBAY0289_M_C","JWDCC445-10[BOLD:AAA3748]","Arthropoda","Insecta","Diptera","Culicidae","Culicinae","Aedini","Aedes","Aedes hexodontus","0","96.35"
"CBAY0289_M_C","JWDCD096-10[BOLD:AAA3748]","Arthropoda","Insecta","Diptera","Culicidae","Culicinae","Aedini","Aedes","Aedes hexodontus","0","96.35"
"CBAY0289_M_C","MOSN11311-23[BOLD:AAA3748]","Arthropoda","Insecta","Diptera","Culicidae","Culicinae","Aedini","Aedes","Aedes hexodontus","0","96.35"
"CBAY0289_M_C","MOSN13498-26","Arthropoda","Insecta","Diptera","Culicidae","Culicinae","Aedini","Aedes","Aedes hexodontus","0","96.35"
"CBAY0289_M_C","MOSN7522-21[BOLD:AAA3748]","Arthropoda","Insecta","Diptera","Culicidae","Culicinae","Aedini","Aedes","Aedes hexodontus","0","96.35"
"CBAY0289_M_C","GBDP51899-19[BOLD:AAA3748]","Arthropoda","Insecta","Diptera","Culicidae","Culicinae","Aedini","Aedes","Aedes punctor","0","96.35"
"CBAY0289_M_C","MOSN11449-23[BOLD:AAA3748]","Arthropoda","Insecta","Diptera","Culicidae","Culicinae","Aedini","Aedes","Aedes punctor","0","96.35"
"CBAY0289_M_C","MOSN13586-26","Arthropoda","Insecta","Diptera","Culicidae","Culicinae","Aedini","Aedes","Aedes punctor","0","96.35"
"CBAY0289_M_C","MOSN727-18[BOLD:AAA3748]","Arthropoda","Insecta","Diptera","Culicidae","Culicinae","Aedini","Aedes","Aedes punctor","0","96.35"
"CBAY0289_M_C","NEONU2133-13[BOLD:AAA3748]","Arthropoda","Insecta","Diptera","Culicidae","Culicinae","Aedini","Aedes","Aedes punctor","0","96.35"
"CBAY0289_M_C","NEONU2138-13[BOLD:AAA3748]","Arthropoda","Insecta","Diptera","Culicidae","Culicinae","Aedini","Aedes","Aedes punctor","0","96.35"
"CBAY0289_M_C","TDAOE3673-23[BOLD:AAA3748]","Arthropoda","Insecta","Diptera","Culicidae","Culicinae","","","","0","96.19"
"CBAY0289_M_C","UAMIC868-13[BOLD:AAA3748]","Arthropoda","Insecta","Diptera","Culicidae","Culicinae","Aedini","Aedes","Aedes abserratus","0","96.19"
"CBAY0289_M_C","NEONU2143-13[BOLD:AAA3748]","Arthropoda","Insecta","Diptera","Culicidae","Culicinae","Aedini","Aedes","Aedes ventrovittis","0","96.19"
"CBAY0300_M_A","MOSN12966-25[BOLD:AAA3751]","Arthropoda","Insecta","Diptera","Culicidae","Culicinae","Aedini","Aedes","Aedes hexodontus","0","99.24"
"CBAY0300_M_A","MOSN11377-23[BOLD:AAA3751]","Arthropoda","Insecta","Diptera","Culicidae","Culicinae","Aedini","Aedes","Aedes pullatus","0","99.09"
"CBAY0300_M_A","SAMOS062-09[BOLD:AAA3751]","Arthropoda","Insecta","Diptera","Culicidae","Culicinae","Aedini","Aedes","Aedes communis complex","0","98.94"
"CBAY0300_M_A","AMCAT098-21[BOLD:AAA3751]","Arthropoda","Insecta","Diptera","Culicidae","Culicinae","Aedini","Aedes","","0","98.93"
"CBAY0300_M_A","FCHAR2138-19[BOLD:AAA3751]","Arthropoda","Insecta","Diptera","Culicidae","Culicinae","Aedini","Aedes","","0","98.93"
"CBAY0300_M_A","OPPCC299-17[BOLD:AAA3751]","Arthropoda","Insecta","Diptera","Culicidae","Culicinae","Aedini","Aedes","","0","98.93"
"CBAY0300_M_A","OPPEK6101-17[BOLD:AAA3751]","Arthropoda","Insecta","Diptera","Culicidae","Culicinae","Aedini","Aedes","","0","98.93"
"CBAY0300_M_A","BBDCP582-10[BOLD:AAA3751]","Arthropoda","Insecta","Diptera","Culicidae","Culicinae","Aedini","Aedes","Aedes communis","0","98.93"
"CBAY0300_M_A","SAMOS042-09[BOLD:AAA3751]","Arthropoda","Insecta","Diptera","Culicidae","Culicinae","Aedini","Aedes","Aedes communis complex","0","98.93"
"CBAY0300_M_A","CNWAC2035-14[BOLD:AAA3751]","Arthropoda","Insecta","Diptera","Culicidae","Culicinae","Aedini","Aedes","Aedes communis","0","98.92"
"CBAY0300_M_A","OPPEK1401-17[BOLD:AAA3751]","Arthropoda","Insecta","Diptera","Culicidae","Culicinae","Aedini","Aedes","","0","98.78"
"CBAY0300_M_A","JWDCJ600-11[BOLD:AAA3751]","Arthropoda","Insecta","Diptera","Culicidae","Culicinae","Aedini","Aedes","Aedes communis complex","0","98.78"
"CBAY0300_M_A","MHMOS029-07[BOLD:AAA3751]","Arthropoda","Insecta","Diptera","Culicidae","Culicinae","Aedini","Aedes","Aedes communis complex","0","98.78"
"CBAY0300_M_A","SAMOS040-09[BOLD:AAA3751]","Arthropoda","Insecta","Diptera","Culicidae","Culicinae","Aedini","Aedes","Aedes communis complex","0","98.78"
"CBAY0300_M_A","ASDIP645-15[BOLD:AAA3751]","Arthropoda","Insecta","Diptera","Culicidae","Culicinae","Aedini","Aedes","Aedes communis","0","98.63"
"CBAY0300_M_A","ASDIP806-15[BOLD:AAA3751]","Arthropoda","Insecta","Diptera","Culicidae","Culicinae","Aedini","Aedes","Aedes communis","0","98.63"
"CBAY0300_M_A","MOSN2034-19[BOLD:AAA3751]","Arthropoda","Insecta","Diptera","Culicidae","Culicinae","Aedini","Aedes","Aedes communis","0","98.63"
"CBAY0300_M_A","OPPUC099-17[BOLD:AAA3751]","Arthropoda","Insecta","Diptera","Culicidae","Culicinae","Aedini","Aedes","","0","98.48"
"CBAY0300_M_A","MOSN389-18[BOLD:AAA3751]","Arthropoda","Insecta","Diptera","Culicidae","Culicinae","Aedini","Aedes","Aedes communis","0","98.48"
"CBAY0300_M_A","MOSN7807-22[BOLD:AAA3751]","Arthropoda","Insecta","Diptera","Culicidae","Culicinae","Aedini","Aedes","Aedes communis","0","98.48"
"CBAY0300_M_A","ASDIP803-15[BOLD:AAA3751]","Arthropoda","Insecta","Diptera","Culicidae","Culicinae","Aedini","Aedes","Aedes communis complex","0","98.48"
"CBAY0300_M_A","OPPCC1432-17[BOLD:AAA3751]","Arthropoda","Insecta","Diptera","Culicidae","Culicinae","Aedini","Aedes","","0","98.33"
"CBAY0300_M_A","OPPQA329-17[BOLD:AAA3751]","Arthropoda","Insecta","Diptera","Culicidae","Culicinae","Aedini","Aedes","","0","98.33"
"CBAY0300_M_A","MOSN734-18[BOLD:AAA3751]","Arthropoda","Insecta","Diptera","Culicidae","Culicinae","Aedini","Aedes","Aedes communis","0","98.33"
"CBAY0300_M_A","MOSN8393-22[BOLD:AAA3751]","Arthropoda","Insecta","Diptera","Culicidae","Culicinae","Aedini","Aedes","Aedes communis","0","98.33"
"CBAY0304_M_A","AKLEP1307-26","Arthropoda","Insecta","Diptera","Culicidae","","","","","0","99.85"
"CBAY0304_M_A","AEDNA864-12[BOLD:AAA3748]","Arthropoda","Insecta","Diptera","Culicidae","Culicinae","Aedini","Aedes","","0","99.85"
"CBAY0304_M_A","AEDNA902-12[BOLD:AAA3748]","Arthropoda","Insecta","Diptera","Culicidae","Culicinae","Aedini","Aedes","","0","99.85"
"CBAY0304_M_A","KUGA498-21[BOLD:AAA3748]","Arthropoda","Insecta","Diptera","Culicidae","Culicinae","Aedini","Aedes","","0","99.85"
"CBAY0304_M_A","MCHAD1270-19[BOLD:AAA3748]","Arthropoda","Insecta","Diptera","Culicidae","Culicinae","Aedini","Aedes","","0","99.85"
"CBAY0304_M_A","MCHAD150-19[BOLD:AAA3748]","Arthropoda","Insecta","Diptera","Culicidae","Culicinae","Aedini","Aedes","","0","99.85"
"CBAY0304_M_A","AKLEP1108-25[BOLD:AAA3748]","Arthropoda","Insecta","Diptera","Culicidae","Culicinae","Aedini","Aedes","Aedes abserratus","0","99.85"
"CBAY0304_M_A","AMMC077-07[BOLD:AAA3748]","Arthropoda","Insecta","Diptera","Culicidae","Culicinae","Aedini","Aedes","Aedes abserratus","0","99.85"
"CBAY0304_M_A","GBDP51845-19[BOLD:AAA3748]","Arthropoda","Insecta","Diptera","Culicidae","Culicinae","Aedini","Aedes","Aedes abserratus","0","99.85"
"CBAY0304_M_A","MHMOS085-07[BOLD:AAA3748]","Arthropoda","Insecta","Diptera","Culicidae","Culicinae","Aedini","Aedes","Aedes abserratus","0","99.85"
"CBAY0304_M_A","MOSN10225-23[BOLD:AAA3748]","Arthropoda","Insecta","Diptera","Culicidae","Culicinae","Aedini","Aedes","Aedes communis","0","99.85"
"CBAY0304_M_A","NEONU2141-13[BOLD:AAA3748]","Arthropoda","Insecta","Diptera","Culicidae","Culicinae","Aedini","Aedes","Aedes decticus","0","99.85"
"CBAY0304_M_A","MOSN4584-20[BOLD:AAA3748]","Arthropoda","Insecta","Diptera","Culicidae","Culicinae","Aedini","Aedes","Aedes diantaeus","0","99.85"
"CBAY0304_M_A","MOSN1993-18[BOLD:AAA3748]","Arthropoda","Insecta","Diptera","Culicidae","Culicinae","Aedini","Aedes","Aedes hexodontus","0","99.85"
"CBAY0304_M_A","NEONU2139-13[BOLD:AAA3748]","Arthropoda","Insecta","Diptera","Culicidae","Culicinae","Aedini","Aedes","Aedes intrudens","0","99.85"
"CBAY0304_M_A","MOSN12999-25[BOLD:AAA3748]","Arthropoda","Insecta","Diptera","Culicidae","Culicinae","Aedini","Aedes","Aedes nigripes","0","99.85"
"CBAY0304_M_A","JSDIQ006-10[BOLD:AAA3748]","Arthropoda","Insecta","Diptera","Culicidae","Culicinae","Aedini","Aedes","Aedes pionips","0","99.85"
"CBAY0304_M_A","NBPSI074-11[BOLD:AAA3748]","Arthropoda","Insecta","Diptera","Culicidae","Culicinae","Aedini","Aedes","Aedes pionips","0","99.85"
"CBAY0304_M_A","GBMND38915-21[BOLD:AAA3748]","Arthropoda","Insecta","Diptera","Culicidae","Culicinae","Aedini","Aedes","Aedes punctor","0","99.85"
"CBAY0304_M_A","MOSN10253-23[BOLD:AAA3748]","Arthropoda","Insecta","Diptera","Culicidae","Culicinae","Aedini","Aedes","Aedes punctor","0","99.85"
"CBAY0304_M_A","MOSN7659-21[BOLD:AAA3748]","Arthropoda","Insecta","Diptera","Culicidae","Culicinae","Aedini","Aedes","Aedes punctor","0","99.85"
"CBAY0304_M_A","NBPSI075-11[BOLD:AAA3748]","Arthropoda","Insecta","Diptera","Culicidae","Culicinae","Aedini","Aedes","Aedes sp.","0","99.85"
"CBAY0304_M_A","AEDNA871-12[BOLD:AAA3748]","Arthropoda","Insecta","Diptera","Culicidae","Culicinae","Aedini","Aedes","","0","99.70"
"CBAY0304_M_A","UAMIC868-13[BOLD:AAA3748]","Arthropoda","Insecta","Diptera","Culicidae","Culicinae","Aedini","Aedes","Aedes abserratus","0","99.70"
"CBAY0304_M_A","NEONU2137-13[BOLD:AAA3748]","Arthropoda","Insecta","Diptera","Culicidae","Culicinae","Aedini","Aedes","Aedes ventrovittis","0","99.70"
"CBAY0304_M_B","FCHAR8659-19[BOLD:AAA3750]","Arthropoda","Insecta","Diptera","Culicidae","Culicinae","Aedini","Aedes","","0","99.70"
"CBAY0304_M_B","FCHAR8833-19[BOLD:AAA3750]","Arthropoda","Insecta","Diptera","Culicidae","Culicinae","Aedini","Aedes","","0","99.70"
"CBAY0304_M_B","GJOA2164-21[BOLD:AAA3750]","Arthropoda","Insecta","Diptera","Culicidae","Culicinae","Aedini","Aedes","","0","99.70"
"CBAY0304_M_B","MCHAA1549-19[BOLD:AAA3750]","Arthropoda","Insecta","Diptera","Culicidae","Culicinae","Aedini","Aedes","","0","99.70"
"CBAY0304_M_B","MCHAA166-19[BOLD:AAA3750]","Arthropoda","Insecta","Diptera","Culicidae","Culicinae","Aedini","Aedes","","0","99.70"
"CBAY0304_M_B","MCHAC2000-19[BOLD:AAA3750]","Arthropoda","Insecta","Diptera","Culicidae","Culicinae","Aedini","Aedes","","0","99.70"
"CBAY0304_M_B","MCHAC924-19[BOLD:AAA3750]","Arthropoda","Insecta","Diptera","Culicidae","Culicinae","Aedini","Aedes","","0","99.70"
"CBAY0304_M_B","NBPSI006-11[BOLD:AAA3750]","Arthropoda","Insecta","Diptera","Culicidae","Culicinae","Aedini","Aedes","Aedes impiger","0","99.70"
"CBAY0304_M_B","DWSDW042-13[BOLD:AAA3750]","Arthropoda","Insecta","Diptera","Culicidae","Culicinae","Aedini","Aedes","Aedes nigripes","0","99.70"
"CBAY0304_M_B","JWDCF104-10[BOLD:AAA3750]","Arthropoda","Insecta","Diptera","Culicidae","Culicinae","Aedini","Aedes","Aedes nigripes","0","99.70"
"CBAY0304_M_B","BCHAR590-18[BOLD:AAA3750]","Arthropoda","Insecta","Diptera","Culicidae","Culicinae","Aedini","Aedes","","0","99.69"
"CBAY0304_M_B","BCHAR630-18[BOLD:AAA3750]","Arthropoda","Insecta","Diptera","Culicidae","Culicinae","Aedini","Aedes","","0","99.69"
"CBAY0304_M_B","MCHAA154-19[BOLD:AAA3750]","Arthropoda","Insecta","Diptera","Culicidae","Culicinae","Aedini","Aedes","","0","99.69"
"CBAY0304_M_B","MCHAC1382-19[BOLD:AAA3750]","Arthropoda","Insecta","Diptera","Culicidae","Culicinae","Aedini","Aedes","","0","99.69"
"CBAY0304_M_B","MCHAE052-19[BOLD:AAA3750]","Arthropoda","Insecta","Diptera","Culicidae","Culicinae","Aedini","Aedes","","0","99.69"
"CBAY0304_M_B","MCHAE615-19[BOLD:AAA3750]","Arthropoda","Insecta","Diptera","Culicidae","Culicinae","Aedini","Aedes","","0","99.69"
"CBAY0304_M_B","POLCO3443-20[BOLD:AAA3750]","Arthropoda","Insecta","Diptera","Culicidae","Culicinae","Aedini","Aedes","","0","99.69"
"CBAY0304_M_B","POLCO4405-20[BOLD:AAA3750]","Arthropoda","Insecta","Diptera","Culicidae","Culicinae","Aedini","Aedes","","0","99.69"
"CBAY0304_M_B","ABWYT31267-24[BOLD:AAA3750]","Arthropoda","Insecta","Diptera","Culicidae","Culicinae","Aedini","Aedes","","0","99.54"
"CBAY0304_M_B","MOSN12986-25[BOLD:AAA3750]","Arthropoda","Insecta","Diptera","Culicidae","Culicinae","Aedini","Aedes","Aedes cataphylla","0","99.54"
"CBAY0304_M_B","NBPSI018-11[BOLD:AAA3750]","Arthropoda","Insecta","Diptera","Culicidae","Culicinae","Aedini","Aedes","Aedes impiger","0","99.54"
"CBAY0304_M_B","MOSN13601-26","Arthropoda","Insecta","Diptera","Culicidae","Culicinae","Aedini","Aedes","Aedes implicatus","0","99.54"
"CBAY0304_M_B","JWDCE171-10[BOLD:AAA3750]","Arthropoda","Insecta","Diptera","Culicidae","Culicinae","Aedini","Aedes","Aedes nigripes","0","99.54"
"CBAY0304_M_B","MOSN12470-24[BOLD:AAA3750]","Arthropoda","Insecta","Diptera","Culicidae","Culicinae","Aedini","Aedes","Aedes nigripes","0","99.54"
"CBAY0304_M_B","NBPSI080-11[BOLD:AAA3750]","Arthropoda","Insecta","Diptera","Culicidae","Culicinae","Aedini","Aedes","Aedes nigripes","0","99.39"
"KGLTK0003_M_A","JWDCF139-10[BOLD:AAA3748]","Arthropoda","Insecta","Diptera","Culicidae","Culicinae","Aedini","Aedes","","0","100.00"
"KGLTK0003_M_A","FCHAR3658-19[BOLD:AAA3748]","Arthropoda","Insecta","Diptera","Culicidae","Culicinae","","","","0","99.85"
"KGLTK0003_M_A","JWDCA317-10[BOLD:AAA3748]","Arthropoda","Insecta","Diptera","Culicidae","Culicinae","Aedini","Aedes","","0","99.85"
"KGLTK0003_M_A","MOSN13039-25[BOLD:AAA3748]","Arthropoda","Insecta","Diptera","Culicidae","Culicinae","Aedini","Aedes","Aedes punctor","0","99.85"
"KGLTK0003_M_A","MOSN13574-26","Arthropoda","Insecta","Diptera","Culicidae","Culicinae","Aedini","Aedes","Aedes hexodontus","0","99.70"
"KGLTK0003_M_A","JWDCF060-10[BOLD:AAA3748]","Arthropoda","Insecta","Diptera","Culicidae","Culicinae","Aedini","Aedes","","0","99.39"
"KGLTK0003_M_A","JWDCH008-10[BOLD:AAA3748]","Arthropoda","Insecta","Diptera","Culicidae","Culicinae","Aedini","Aedes","","0","99.39"
"KGLTK0003_M_A","GBDCU1097-14[BOLD:AAA3748]","Arthropoda","Insecta","Diptera","Culicidae","Culicinae","Aedini","Aedes","Aedes hexodontus","0","99.39"
"KGLTK0003_M_A","JWDCD096-10[BOLD:AAA3748]","Arthropoda","Insecta","Diptera","Culicidae","Culicinae","Aedini","Aedes","Aedes hexodontus","0","99.39"
"KGLTK0003_M_A","GBDP51899-19[BOLD:AAA3748]","Arthropoda","Insecta","Diptera","Culicidae","Culicinae","Aedini","Aedes","Aedes punctor","0","99.39"
"KGLTK0003_M_A","NEONU2138-13[BOLD:AAA3748]","Arthropoda","Insecta","Diptera","Culicidae","Culicinae","Aedini","Aedes","Aedes punctor","0","99.39"
"KGLTK0003_M_A","SIIP13437-24[BOLD:AAA3748]","Arthropoda","Insecta","Diptera","Culicidae","","","","","0","99.24"
"KGLTK0003_M_A","FCHAR8625-19[BOLD:AAA3748]","Arthropoda","Insecta","Diptera","Culicidae","Culicinae","","","","0","99.24"
"KGLTK0003_M_A","GBMNE29317-21[BOLD:AAA3748]","Arthropoda","Insecta","Diptera","Culicidae","Culicinae","Aedini","","","0","99.24"
"KGLTK0003_M_A","DIPFI112-12[BOLD:AAA3748]","Arthropoda","Insecta","Diptera","Culicidae","Culicinae","Aedini","Aedes","","0","99.24"
"KGLTK0003_M_A","JWDCE742-10[BOLD:AAA3748]","Arthropoda","Insecta","Diptera","Culicidae","Culicinae","Aedini","Aedes","","0","99.24"
"KGLTK0003_M_A","SAMOS023-09[BOLD:AAA3748]","Arthropoda","Insecta","Diptera","Culicidae","Culicinae","Aedini","Aedes","","0","99.24"
"KGLTK0003_M_A","MOSN13124-25[BOLD:AAA3748]","Arthropoda","Insecta","Diptera","Culicidae","Culicinae","Aedini","Aedes","Aedes cinereus","0","99.24"
"KGLTK0003_M_A","MOSN13508-26","Arthropoda","Insecta","Diptera","Culicidae","Culicinae","Aedini","Aedes","Aedes hexodontus","0","99.24"
"KGLTK0003_M_A","NBPSI059-11[BOLD:AAA3748]","Arthropoda","Insecta","Diptera","Culicidae","Culicinae","Aedini","Aedes","Aedes hexodontus","0","99.24"
"KGLTK0003_M_A","SAMOS036-09[BOLD:AAA3748]","Arthropoda","Insecta","Diptera","Culicidae","Culicinae","Aedini","Aedes","Aedes hexodontus","0","99.24"
"KGLTK0003_M_A","CULBE102-14[BOLD:AAA3748]","Arthropoda","Insecta","Diptera","Culicidae","Culicinae","Aedini","Aedes","Aedes punctor","0","99.24"
"KGLTK0003_M_A","CULBE106-14[BOLD:AAA3748]","Arthropoda","Insecta","Diptera","Culicidae","Culicinae","Aedini","Aedes","Aedes punctor","0","99.24"
"KGLTK0003_M_A","MSEMV002-15[BOLD:AAA3748]","Arthropoda","Insecta","Diptera","Culicidae","Culicinae","Aedini","Aedes","Aedes punctor","0","99.24"
"KGLTK0003_M_A","MSEMV080-15[BOLD:AAA3748]","Arthropoda","Insecta","Diptera","Culicidae","Culicinae","Aedini","Aedes","Aedes punctor","0","99.24"
"KGLTK0003_M_C","SIIP13437-24[BOLD:AAA3748]","Arthropoda","Insecta","Diptera","Culicidae","","","","","0","99.85"
"KGLTK0003_M_C","FCHAR8616-19[BOLD:AAA3748]","Arthropoda","Insecta","Diptera","Culicidae","Culicinae","","","","0","99.85"
"KGLTK0003_M_C","FCHAR8625-19[BOLD:AAA3748]","Arthropoda","Insecta","Diptera","Culicidae","Culicinae","","","","0","99.85"
"KGLTK0003_M_C","GBMNE29317-21[BOLD:AAA3748]","Arthropoda","Insecta","Diptera","Culicidae","Culicinae","Aedini","","","0","99.85"
"KGLTK0003_M_C","AEDNA869-12[BOLD:AAA3748]","Arthropoda","Insecta","Diptera","Culicidae","Culicinae","Aedini","Aedes","","0","99.85"
"KGLTK0003_M_C","DIPFI112-12[BOLD:AAA3748]","Arthropoda","Insecta","Diptera","Culicidae","Culicinae","Aedini","Aedes","","0","99.85"
"KGLTK0003_M_C","MCHAE1435-19[BOLD:AAA3748]","Arthropoda","Insecta","Diptera","Culicidae","Culicinae","Aedini","Aedes","","0","99.85"
"KGLTK0003_M_C","AMMC020-07[BOLD:AAA3748]","Arthropoda","Insecta","Diptera","Culicidae","Culicinae","Aedini","Aedes","Aedes hexodontus","0","99.85"
"KGLTK0003_M_C","MHMOS074-07[BOLD:AAA3748]","Arthropoda","Insecta","Diptera","Culicidae","Culicinae","Aedini","Aedes","Aedes hexodontus","0","99.85"
"KGLTK0003_M_C","CULBE102-14[BOLD:AAA3748]","Arthropoda","Insecta","Diptera","Culicidae","Culicinae","Aedini","Aedes","Aedes punctor","0","99.85"
"KGLTK0003_M_C","SIIP10650-24[BOLD:AAA3748]","Arthropoda","Insecta","Diptera","Culicidae","","","","","0","99.70"
"KGLTK0003_M_C","SIIP2929-24[BOLD:AAA3748]","Arthropoda","Insecta","Diptera","Culicidae","","","","","0","99.70"
"KGLTK0003_M_C","SIIP4634-24[BOLD:AAA3748]","Arthropoda","Insecta","Diptera","Culicidae","","","","","0","99.70"
"KGLTK0003_M_C","TRDNE021-15[BOLD:AAA3748]","Arthropoda","Insecta","Diptera","Culicidae","Culicinae","Aedini","Aedes","","0","99.70"
"KGLTK0003_M_C","TRDNE029-15[BOLD:AAA3748]","Arthropoda","Insecta","Diptera","Culicidae","Culicinae","Aedini","Aedes","","0","99.70"
"KGLTK0003_M_C","MOSN12467-24[BOLD:AAA3748]","Arthropoda","Insecta","Diptera","Culicidae","Culicinae","Aedini","Aedes","Aedes hexodontus","0","99.70"
"KGLTK0003_M_C","MOSN13523-26","Arthropoda","Insecta","Diptera","Culicidae","Culicinae","Aedini","Aedes","Aedes hexodontus","0","99.70"
"KGLTK0003_M_C","MOSN7522-21[BOLD:AAA3748]","Arthropoda","Insecta","Diptera","Culicidae","Culicinae","Aedini","Aedes","Aedes hexodontus","0","99.70"
"KGLTK0003_M_C","MOSN7537-21[BOLD:AAA3748]","Arthropoda","Insecta","Diptera","Culicidae","Culicinae","Aedini","Aedes","Aedes hexodontus","0","99.70"
"KGLTK0003_M_C","MOSN9521-22[BOLD:AAA3748]","Arthropoda","Insecta","Diptera","Culicidae","Culicinae","Aedini","Aedes","Aedes hexodontus","0","99.70"
"KGLTK0003_M_C","MOSN9666-22[BOLD:AAA3748]","Arthropoda","Insecta","Diptera","Culicidae","Culicinae","Aedini","Aedes","Aedes hexodontus","0","99.70"
"KGLTK0003_M_C","SAMOS057-09[BOLD:AAA3748]","Arthropoda","Insecta","Diptera","Culicidae","Culicinae","Aedini","Aedes","Aedes hexodontus","0","99.70"
"KGLTK0003_M_C","MOSN12477-24[BOLD:AAA3748]","Arthropoda","Insecta","Diptera","Culicidae","Culicinae","Aedini","Aedes","Aedes punctor","0","99.70"
"KGLTK0003_M_C","MOSN13014-25[BOLD:AAA3748]","Arthropoda","Insecta","Diptera","Culicidae","Culicinae","Aedini","Aedes","Aedes punctor","0","99.70"
"KGLTK0003_M_C","NEONU2138-13[BOLD:AAA3748]","Arthropoda","Insecta","Diptera","Culicidae","Culicinae","Aedini","Aedes","Aedes punctor","0","99.70"
"KGLTK0003_M_F","DIPFI122-12[BOLD:AAA3748]","Arthropoda","Insecta","Diptera","Culicidae","Culicinae","Aedini","Aedes","","0","100.00"
"KGLTK0003_M_F","GBDCU1138-14[BOLD:AAA3748]","Arthropoda","Insecta","Diptera","Culicidae","Culicinae","Aedini","Aedes","Aedes abserratus","0","100.00"
"KGLTK0003_M_F","AMMC022-07[BOLD:AAA3748]","Arthropoda","Insecta","Diptera","Culicidae","Culicinae","Aedini","Aedes","Aedes hexodontus","0","100.00"
"KGLTK0003_M_F","MOSN11309-23[BOLD:AAA3748]","Arthropoda","Insecta","Diptera","Culicidae","Culicinae","Aedini","Aedes","Aedes hexodontus","0","100.00"
"KGLTK0003_M_F","MOSN12980-25[BOLD:AAA3748]","Arthropoda","Insecta","Diptera","Culicidae","Culicinae","Aedini","Aedes","Aedes punctor","0","100.00"
"KGLTK0003_M_F","AEDNA886-12[BOLD:AAA3748]","Arthropoda","Insecta","Diptera","Culicidae","Culicinae","Aedini","Aedes","","0","99.85"
"KGLTK0003_M_F","AEDNA890-12[BOLD:AAA3748]","Arthropoda","Insecta","Diptera","Culicidae","Culicinae","Aedini","Aedes","","0","99.85"
"KGLTK0003_M_F","GBDCU1153-14[BOLD:AAA3748]","Arthropoda","Insecta","Diptera","Culicidae","Culicinae","Aedini","Aedes","Aedes abserratus","0","99.85"
"KGLTK0003_M_F","BBDED097-10[BOLD:AAA3748]","Arthropoda","Insecta","Diptera","Culicidae","Culicinae","Aedini","Aedes","Aedes hexodontus","0","99.85"
"KGLTK0003_M_F","MOSN13573-26","Arthropoda","Insecta","Diptera","Culicidae","Culicinae","Aedini","Aedes","Aedes hexodontus","0","99.85"
"KGLTK0003_M_F","MOSN3735-19[BOLD:AAA3748]","Arthropoda","Insecta","Diptera","Culicidae","Culicinae","Aedini","Aedes","Aedes hexodontus","0","99.85"
"KGLTK0003_M_F","MOSN5736-20[BOLD:AAA3748]","Arthropoda","Insecta","Diptera","Culicidae","Culicinae","Aedini","Aedes","Aedes hexodontus","0","99.85"
"KGLTK0003_M_F","TTDFW816-08[BOLD:AAA3748]","Arthropoda","Insecta","Diptera","Culicidae","Culicinae","Aedini","Aedes","Aedes hexodontus","0","99.85"
"KGLTK0003_M_F","MOSN11522-23[BOLD:AAA3748]","Arthropoda","Insecta","Diptera","Culicidae","Culicinae","Aedini","Aedes","Aedes punctor","0","99.85"
"KGLTK0003_M_F","MOSN2465-19[BOLD:AAA3748]","Arthropoda","Insecta","Diptera","Culicidae","Culicinae","Aedini","Aedes","Aedes punctor","0","99.85"
"KGLTK0003_M_F","AEDNA872-12[BOLD:AAA3748]","Arthropoda","Insecta","Diptera","Culicidae","Culicinae","Aedini","Aedes","","0","99.70"
"KGLTK0003_M_F","DIPFI120-12[BOLD:AAA3748]","Arthropoda","Insecta","Diptera","Culicidae","Culicinae","Aedini","Aedes","","0","99.70"
"KGLTK0003_M_F","JWDCJ417-11[BOLD:AAA3748]","Arthropoda","Insecta","Diptera","Culicidae","Culicinae","Aedini","Aedes","Aedes hexodontus","0","99.70"
"KGLTK0003_M_F","AMMC085-07[BOLD:AAA3748]","Arthropoda","Insecta","Diptera","Culicidae","Culicinae","Aedini","Aedes","Aedes hexodontus","0","99.69"
"KGLTK0003_M_F","SIIP2380-24[BOLD:AAA3748]","Arthropoda","Insecta","Diptera","Culicidae","","","","","0","99.54"
"KGLTK0003_M_F","JWDCH890-10[BOLD:AAA3748]","Arthropoda","Insecta","Diptera","Culicidae","Culicinae","Aedini","Aedes","Aedes hexodontus","0","99.54"
"KGLTK0003_M_F","GBMNE29328-21[BOLD:AAA3748]","Arthropoda","Insecta","Diptera","Culicidae","Culicinae","Aedini","","","0","99.39"
"KGLTK0003_M_F","TRDNE029-15[BOLD:AAA3748]","Arthropoda","Insecta","Diptera","Culicidae","Culicinae","Aedini","Aedes","","0","99.39"
"KGLTK0003_M_F","DIFIA270-12[BOLD:AAA3748]","Arthropoda","Insecta","Diptera","Culicidae","Culicinae","Aedini","Aedes","Aedes hexodontus","0","99.39"
"KGLTK0003_M_F","JWDCC135-10[BOLD:AAA3748]","Arthropoda","Insecta","Diptera","Culicidae","Culicinae","Aedini","Aedes","Aedes hexodontus","0","99.39"
"KGLTK0008_M_A","BBDCP560-10[BOLD:AAD3254]","Arthropoda","Insecta","Diptera","Culicidae","Culicinae","Culisetini","Culiseta","","0","100.00"
"KGLTK0008_M_A","BBYBM010-20[BOLD:AAD3254]","Arthropoda","Insecta","Diptera","Culicidae","Culicinae","Culisetini","Culiseta","","0","100.00"
"KGLTK0008_M_A","BBYBM011-20[BOLD:AAD3254]","Arthropoda","Insecta","Diptera","Culicidae","Culicinae","Culisetini","Culiseta","","0","100.00"
"KGLTK0008_M_A","GMOQN726-19[BOLD:AAD3254]","Arthropoda","Insecta","Diptera","Culicidae","Culicinae","Culisetini","Culiseta","","0","100.00"
"KGLTK0008_M_A","SSWBC014-21[BOLD:AAD3254]","Arthropoda","Insecta","Diptera","Culicidae","Culicinae","Culisetini","Culiseta","","0","100.00"
"KGLTK0008_M_A","YBIVV5565-23[BOLD:AAD3254]","Arthropoda","Insecta","Diptera","Culicidae","Culicinae","Culisetini","Culiseta","","0","100.00"
"KGLTK0008_M_A","AKLEP1059-25[BOLD:AAD3254]","Arthropoda","Insecta","Diptera","Culicidae","Culicinae","Culisetini","Culiseta","Culiseta alaskaensis","0","100.00"
"KGLTK0008_M_A","TTDFW493-08[BOLD:AAD3254]","Arthropoda","Insecta","Diptera","Culicidae","Culicinae","Culisetini","Culiseta","Culiseta incidens","0","100.00"
"KGLTK0008_M_A","GMOQN725-19[BOLD:AAD3254]","Arthropoda","Insecta","Diptera","Culicidae","Culicinae","Culisetini","Culiseta","","0","99.85"
"KGLTK0008_M_A","MOSN11405-23[BOLD:AAD3254]","Arthropoda","Insecta","Diptera","Culicidae","Culicinae","Culisetini","Culiseta","Culiseta alaskaensis","0","99.85"
"KGLTK0008_M_A","MOSN11418-23[BOLD:AAD3254]","Arthropoda","Insecta","Diptera","Culicidae","Culicinae","Culisetini","Culiseta","Culiseta alaskaensis","0","99.85"
"KGLTK0008_M_A","MOSN1857-18[BOLD:AAD3254]","Arthropoda","Insecta","Diptera","Culicidae","Culicinae","Culisetini","Culiseta","Culiseta alaskaensis","0","99.85"
"KGLTK0008_M_A","BBDCP561-10[BOLD:AAD3254]","Arthropoda","Insecta","Diptera","Culicidae","Culicinae","Culisetini","Culiseta","","0","99.70"
"KGLTK0008_M_A","AKLEP176-22[BOLD:AAD3254]","Arthropoda","Insecta","Diptera","Culicidae","Culicinae","Culisetini","Culiseta","Culiseta alaskaensis","0","99.70"
"KGLTK0008_M_A","UAMIC908-13[BOLD:AAD3254]","Arthropoda","Insecta","Diptera","Culicidae","Culicinae","Culisetini","Culiseta","Culiseta impatiens","0","99.70"
"KGLTK0008_M_A","SSWBC010-21[BOLD:AAD3254]","Arthropoda","Insecta","Diptera","Culicidae","Culicinae","Culisetini","Culiseta","","0","99.69"
"KGLTK0008_M_A","MOSN11302-23[BOLD:AAD3254]","Arthropoda","Insecta","Diptera","Culicidae","Culicinae","Culisetini","Culiseta","Culiseta alaskaensis","0","99.54"
"KGLTK0008_M_A","MOSN11327-23[BOLD:AAD3254]","Arthropoda","Insecta","Diptera","Culicidae","Culicinae","Culisetini","Culiseta","Culiseta alaskaensis","0","99.54"
"KGLTK0008_M_A","MOSN11332-23[BOLD:AAD3254]","Arthropoda","Insecta","Diptera","Culicidae","Culicinae","Culisetini","Culiseta","Culiseta alaskaensis","0","99.54"
"KGLTK0008_M_A","MOSN11373-23[BOLD:AAD3254]","Arthropoda","Insecta","Diptera","Culicidae","Culicinae","Culisetini","Culiseta","Culiseta alaskaensis","0","99.54"
"KGLTK0008_M_A","MOSN1849-18[BOLD:AAD3254]","Arthropoda","Insecta","Diptera","Culicidae","Culicinae","Culisetini","Culiseta","Culiseta alaskaensis","0","99.54"
"KGLTK0008_M_A","MOSN1852-18[BOLD:AAD3254]","Arthropoda","Insecta","Diptera","Culicidae","Culicinae","Culisetini","Culiseta","Culiseta alaskaensis","0","99.54"
"KGLTK0008_M_A","MOSN7579-21[BOLD:AAD3254]","Arthropoda","Insecta","Diptera","Culicidae","Culicinae","Culisetini","Culiseta","Culiseta alaskaensis","0","99.54"
"KGLTK0008_M_A","MOSN9577-22[BOLD:AAD3254]","Arthropoda","Insecta","Diptera","Culicidae","Culicinae","Culisetini","Culiseta","Culiseta alaskaensis","0","99.54"
"KGLTK0008_M_A","MOSN9613-22[BOLD:AAD3254]","Arthropoda","Insecta","Diptera","Culicidae","Culicinae","Culisetini","Culiseta","Culiseta alaskaensis","0","99.54"
"KGLTK0008_M_B","BBDCP560-10[BOLD:AAD3254]","Arthropoda","Insecta","Diptera","Culicidae","Culicinae","Culisetini","Culiseta","","0","99.85"
"KGLTK0008_M_B","BBYBM010-20[BOLD:AAD3254]","Arthropoda","Insecta","Diptera","Culicidae","Culicinae","Culisetini","Culiseta","","0","99.85"
"KGLTK0008_M_B","BBYBM011-20[BOLD:AAD3254]","Arthropoda","Insecta","Diptera","Culicidae","Culicinae","Culisetini","Culiseta","","0","99.85"
"KGLTK0008_M_B","GMOQN726-19[BOLD:AAD3254]","Arthropoda","Insecta","Diptera","Culicidae","Culicinae","Culisetini","Culiseta","","0","99.85"
"KGLTK0008_M_B","SSWBC014-21[BOLD:AAD3254]","Arthropoda","Insecta","Diptera","Culicidae","Culicinae","Culisetini","Culiseta","","0","99.85"
"KGLTK0008_M_B","YBIVV5565-23[BOLD:AAD3254]","Arthropoda","Insecta","Diptera","Culicidae","Culicinae","Culisetini","Culiseta","","0","99.85"
"KGLTK0008_M_B","AKLEP1059-25[BOLD:AAD3254]","Arthropoda","Insecta","Diptera","Culicidae","Culicinae","Culisetini","Culiseta","Culiseta alaskaensis","0","99.85"
"KGLTK0008_M_B","TTDFW493-08[BOLD:AAD3254]","Arthropoda","Insecta","Diptera","Culicidae","Culicinae","Culisetini","Culiseta","Culiseta incidens","0","99.85"
"KGLTK0008_M_B","MOSN11405-23[BOLD:AAD3254]","Arthropoda","Insecta","Diptera","Culicidae","Culicinae","Culisetini","Culiseta","Culiseta alaskaensis","0","99.70"
"KGLTK0008_M_B","MOSN11418-23[BOLD:AAD3254]","Arthropoda","Insecta","Diptera","Culicidae","Culicinae","Culisetini","Culiseta","Culiseta alaskaensis","0","99.70"
"KGLTK0008_M_B","MOSN1849-18[BOLD:AAD3254]","Arthropoda","Insecta","Diptera","Culicidae","Culicinae","Culisetini","Culiseta","Culiseta alaskaensis","0","99.70"
"KGLTK0008_M_B","MOSN1857-18[BOLD:AAD3254]","Arthropoda","Insecta","Diptera","Culicidae","Culicinae","Culisetini","Culiseta","Culiseta alaskaensis","0","99.70"
"KGLTK0008_M_B","GMOQN725-19[BOLD:AAD3254]","Arthropoda","Insecta","Diptera","Culicidae","Culicinae","Culisetini","Culiseta","","0","99.69"
"KGLTK0008_M_B","BBDCP561-10[BOLD:AAD3254]","Arthropoda","Insecta","Diptera","Culicidae","Culicinae","Culisetini","Culiseta","","0","99.54"
"KGLTK0008_M_B","SSWBC010-21[BOLD:AAD3254]","Arthropoda","Insecta","Diptera","Culicidae","Culicinae","Culisetini","Culiseta","","0","99.54"
"KGLTK0008_M_B","AKLEP176-22[BOLD:AAD3254]","Arthropoda","Insecta","Diptera","Culicidae","Culicinae","Culisetini","Culiseta","Culiseta alaskaensis","0","99.54"
"KGLTK0008_M_B","UAMIC908-13[BOLD:AAD3254]","Arthropoda","Insecta","Diptera","Culicidae","Culicinae","Culisetini","Culiseta","Culiseta impatiens","0","99.54"
"KGLTK0008_M_B","MOSN11302-23[BOLD:AAD3254]","Arthropoda","Insecta","Diptera","Culicidae","Culicinae","Culisetini","Culiseta","Culiseta alaskaensis","0","99.39"
"KGLTK0008_M_B","MOSN11327-23[BOLD:AAD3254]","Arthropoda","Insecta","Diptera","Culicidae","Culicinae","Culisetini","Culiseta","Culiseta alaskaensis","0","99.39"
"KGLTK0008_M_B","MOSN11332-23[BOLD:AAD3254]","Arthropoda","Insecta","Diptera","Culicidae","Culicinae","Culisetini","Culiseta","Culiseta alaskaensis","0","99.39"
"KGLTK0008_M_B","MOSN11373-23[BOLD:AAD3254]","Arthropoda","Insecta","Diptera","Culicidae","Culicinae","Culisetini","Culiseta","Culiseta alaskaensis","0","99.39"
"KGLTK0008_M_B","MOSN1852-18[BOLD:AAD3254]","Arthropoda","Insecta","Diptera","Culicidae","Culicinae","Culisetini","Culiseta","Culiseta alaskaensis","0","99.39"
"KGLTK0008_M_B","MOSN7579-21[BOLD:AAD3254]","Arthropoda","Insecta","Diptera","Culicidae","Culicinae","Culisetini","Culiseta","Culiseta alaskaensis","0","99.39"
"KGLTK0008_M_B","MOSN9577-22[BOLD:AAD3254]","Arthropoda","Insecta","Diptera","Culicidae","Culicinae","Culisetini","Culiseta","Culiseta alaskaensis","0","99.39"
"KGLTK0008_M_B","MOSN9613-22[BOLD:AAD3254]","Arthropoda","Insecta","Diptera","Culicidae","Culicinae","Culisetini","Culiseta","Culiseta alaskaensis","0","99.39"
"KGLTK0008_M_C","FCHAR7147-19[BOLD:AAB1098]","Arthropoda","Insecta","Diptera","Culicidae","Culicinae","Aedini","Aedes","","0","100.00"
"KGLTK0008_M_C","AKLEP1205-25[BOLD:AAB1098]","Arthropoda","Insecta","Diptera","Culicidae","Culicinae","Aedini","Aedes","Aedes excrucians","0","100.00"
"KGLTK0008_M_C","MHMOS079-07[BOLD:AAB1098]","Arthropoda","Insecta","Diptera","Culicidae","Culicinae","Aedini","Aedes","Aedes excrucians","0","100.00"
"KGLTK0008_M_C","MMADL030-09[BOLD:AAB1098]","Arthropoda","Insecta","Diptera","Culicidae","Culicinae","Aedini","Aedes","Aedes excrucians","0","100.00"
"KGLTK0008_M_C","MOSN5866-20[BOLD:AAB1098]","Arthropoda","Insecta","Diptera","Culicidae","Culicinae","Aedini","Aedes","Aedes excrucians","0","100.00"
"KGLTK0008_M_C","AMMC072-07[BOLD:AAB1098]","Arthropoda","Insecta","Diptera","Culicidae","Culicinae","Aedini","Aedes","Aedes excrucians","0","99.85"
"KGLTK0008_M_C","JWDCG478-10[BOLD:AAB1098]","Arthropoda","Insecta","Diptera","Culicidae","Culicinae","Aedini","Aedes","Aedes excrucians","0","99.85"
"KGLTK0008_M_C","MHMOS023-07[BOLD:AAB1098]","Arthropoda","Insecta","Diptera","Culicidae","Culicinae","Aedini","Aedes","Aedes excrucians","0","99.85"
"KGLTK0008_M_C","MMADL031-09[BOLD:AAB1098]","Arthropoda","Insecta","Diptera","Culicidae","Culicinae","Aedini","Aedes","Aedes excrucians","0","99.85"
"KGLTK0008_M_C","MOSN7623-21[BOLD:AAB1098]","Arthropoda","Insecta","Diptera","Culicidae","Culicinae","Aedini","Aedes","Aedes excrucians","0","99.85"
"KGLTK0008_M_C","MOSN7641-21[BOLD:AAB1098]","Arthropoda","Insecta","Diptera","Culicidae","Culicinae","Aedini","Aedes","Aedes excrucians","0","99.85"
"KGLTK0008_M_C","MOSN7644-21[BOLD:AAB1098]","Arthropoda","Insecta","Diptera","Culicidae","Culicinae","Aedini","Aedes","Aedes excrucians","0","99.70"
"KGLTK0008_M_C","CULPL088-26","Arthropoda","Insecta","Diptera","Culicidae","","","","","0","99.54"
"KGLTK0008_M_C","GBMNE29287-21[BOLD:AAB1098]","Arthropoda","Insecta","Diptera","Culicidae","Culicinae","Aedini","Aedes","","0","99.54"
"KGLTK0008_M_C","CROCU128-21[BOLD:AAB1098]","Arthropoda","Insecta","Diptera","Culicidae","Culicinae","Aedini","Aedes","Aedes cantans","0","99.54"
"KGLTK0008_M_C","GBEPT708-14[BOLD:AAB1098]","Arthropoda","Insecta","Diptera","Culicidae","Culicinae","Aedini","Aedes","Aedes excrucians","0","99.54"
"KGLTK0008_M_C","CULPL090-26","Arthropoda","Insecta","Diptera","Culicidae","","","","","0","99.39"
"KGLTK0008_M_C","CULPL131-26","Arthropoda","Insecta","Diptera","Culicidae","","","","","0","99.39"
"KGLTK0008_M_C","CULPL136-26","Arthropoda","Insecta","Diptera","Culicidae","","","","","0","99.39"
"KGLTK0008_M_C","DTNHM5338-23[BOLD:AAB1098]","Arthropoda","Insecta","Diptera","Culicidae","Culicinae","Aedini","Aedes","Aedes annulipes","0","99.39"
"KGLTK0008_M_C","CULBE013-14[BOLD:AAB1098]","Arthropoda","Insecta","Diptera","Culicidae","Culicinae","Aedini","Aedes","Aedes cantans","0","99.39"
"KGLTK0008_M_C","GBEPT707-14[BOLD:AAB1098]","Arthropoda","Insecta","Diptera","Culicidae","Culicinae","Aedini","Aedes","Aedes excrucians","0","99.39"
"KGLTK0008_M_C","JWDCJ1365-11[BOLD:AAB1098]","Arthropoda","Insecta","Diptera","Culicidae","Culicinae","Aedini","Aedes","Aedes excrucians","0","99.39"
"KGLTK0008_M_C","MOSN11459-23[BOLD:AAB1098]","Arthropoda","Insecta","Diptera","Culicidae","Culicinae","Aedini","Aedes","Aedes excrucians","0","99.39"
"KGLTK0008_M_C","MOSN3569-19[BOLD:AAB1098]","Arthropoda","Insecta","Diptera","Culicidae","Culicinae","Aedini","Aedes","Aedes fitchii","0","99.39"
"KGLTK0008_M_E","JWDCF444-10[BOLD:AAA3748]","Arthropoda","Insecta","Diptera","Culicidae","Culicinae","Aedini","Aedes","Aedes hexodontus","0","99.85"
"KGLTK0008_M_E","GBDCU1095-14[BOLD:AAA3748]","Arthropoda","Insecta","Diptera","Culicidae","Culicinae","Aedini","Aedes","Aedes punctor","0","99.85"
"KGLTK0008_M_E","MOSN12477-24[BOLD:AAA3748]","Arthropoda","Insecta","Diptera","Culicidae","Culicinae","Aedini","Aedes","Aedes punctor","0","99.85"
"KGLTK0008_M_E","SIIP13437-24[BOLD:AAA3748]","Arthropoda","Insecta","Diptera","Culicidae","","","","","0","99.70"
"KGLTK0008_M_E","SIIP4831-24[BOLD:AAA3748]","Arthropoda","Insecta","Diptera","Culicidae","","","","","0","99.70"
"KGLTK0008_M_E","FCHAR8616-19[BOLD:AAA3748]","Arthropoda","Insecta","Diptera","Culicidae","Culicinae","","","","0","99.70"
"KGLTK0008_M_E","FCHAR8625-19[BOLD:AAA3748]","Arthropoda","Insecta","Diptera","Culicidae","Culicinae","","","","0","99.70"
"KGLTK0008_M_E","GBMNE29317-21[BOLD:AAA3748]","Arthropoda","Insecta","Diptera","Culicidae","Culicinae","Aedini","","","0","99.70"
"KGLTK0008_M_E","AEDNA869-12[BOLD:AAA3748]","Arthropoda","Insecta","Diptera","Culicidae","Culicinae","Aedini","Aedes","","0","99.70"
"KGLTK0008_M_E","DIPFI112-12[BOLD:AAA3748]","Arthropoda","Insecta","Diptera","Culicidae","Culicinae","Aedini","Aedes","","0","99.70"
"KGLTK0008_M_E","MCHAE1435-19[BOLD:AAA3748]","Arthropoda","Insecta","Diptera","Culicidae","Culicinae","Aedini","Aedes","","0","99.70"
"KGLTK0008_M_E","AMMC020-07[BOLD:AAA3748]","Arthropoda","Insecta","Diptera","Culicidae","Culicinae","Aedini","Aedes","Aedes hexodontus","0","99.70"
"KGLTK0008_M_E","MHMOS074-07[BOLD:AAA3748]","Arthropoda","Insecta","Diptera","Culicidae","Culicinae","Aedini","Aedes","Aedes hexodontus","0","99.70"
"KGLTK0008_M_E","MOSN1885-18[BOLD:AAA3748]","Arthropoda","Insecta","Diptera","Culicidae","Culicinae","Aedini","Aedes","Aedes hexodontus","0","99.70"
"KGLTK0008_M_E","MOSN1947-18[BOLD:AAA3748]","Arthropoda","Insecta","Diptera","Culicidae","Culicinae","Aedini","Aedes","Aedes hexodontus","0","99.70"
"KGLTK0008_M_E","MOSN5808-20[BOLD:AAA3748]","Arthropoda","Insecta","Diptera","Culicidae","Culicinae","Aedini","Aedes","Aedes hexodontus","0","99.70"
"KGLTK0008_M_E","MOSN5815-20[BOLD:AAA3748]","Arthropoda","Insecta","Diptera","Culicidae","Culicinae","Aedini","Aedes","Aedes hexodontus","0","99.70"
"KGLTK0008_M_E","CULBE102-14[BOLD:AAA3748]","Arthropoda","Insecta","Diptera","Culicidae","Culicinae","Aedini","Aedes","Aedes punctor","0","99.70"
"KGLTK0008_M_E","MOSN13014-25[BOLD:AAA3748]","Arthropoda","Insecta","Diptera","Culicidae","Culicinae","Aedini","Aedes","Aedes punctor","0","99.70"
"KGLTK0008_M_E","SIIP10650-24[BOLD:AAA3748]","Arthropoda","Insecta","Diptera","Culicidae","","","","","0","99.54"
"KGLTK0008_M_E","SIIP2929-24[BOLD:AAA3748]","Arthropoda","Insecta","Diptera","Culicidae","","","","","0","99.54"
"KGLTK0008_M_E","SIIP4634-24[BOLD:AAA3748]","Arthropoda","Insecta","Diptera","Culicidae","","","","","0","99.54"
"KGLTK0008_M_E","TRDNE021-15[BOLD:AAA3748]","Arthropoda","Insecta","Diptera","Culicidae","Culicinae","Aedini","Aedes","","0","99.54"
"KGLTK0008_M_E","TRDNE029-15[BOLD:AAA3748]","Arthropoda","Insecta","Diptera","Culicidae","Culicinae","Aedini","Aedes","","0","99.54"
"KGLTK0008_M_E","SAMOS057-09[BOLD:AAA3748]","Arthropoda","Insecta","Diptera","Culicidae","Culicinae","Aedini","Aedes","Aedes hexodontus","0","99.54"
"KGLTK0008_M_H","KUGLA3536-22[BOLD:AAD3254]","Arthropoda","Insecta","Diptera","Culicidae","Culicinae","Culisetini","Culiseta","","0","100.00"
"KGLTK0008_M_H","SSWBC013-21[BOLD:AAD3254]","Arthropoda","Insecta","Diptera","Culicidae","Culicinae","Culisetini","Culiseta","","0","100.00"
"KGLTK0008_M_H","MOSN11373-23[BOLD:AAD3254]","Arthropoda","Insecta","Diptera","Culicidae","Culicinae","Culisetini","Culiseta","Culiseta alaskaensis","0","100.00"
"KGLTK0008_M_H","AKLEP1312-26","Arthropoda","Insecta","Diptera","Culicidae","","","","","0","99.85"
"KGLTK0008_M_H","BBDCP561-10[BOLD:AAD3254]","Arthropoda","Insecta","Diptera","Culicidae","Culicinae","Culisetini","Culiseta","","0","99.85"
"KGLTK0008_M_H","SSWBC010-21[BOLD:AAD3254]","Arthropoda","Insecta","Diptera","Culicidae","Culicinae","Culisetini","Culiseta","","0","99.85"
"KGLTK0008_M_H","SSWBC011-21[BOLD:AAD3254]","Arthropoda","Insecta","Diptera","Culicidae","Culicinae","Culisetini","Culiseta","","0","99.85"
"KGLTK0008_M_H","AKLEP176-22[BOLD:AAD3254]","Arthropoda","Insecta","Diptera","Culicidae","Culicinae","Culisetini","Culiseta","Culiseta alaskaensis","0","99.85"
"KGLTK0008_M_H","MOSN11362-23[BOLD:AAD3254]","Arthropoda","Insecta","Diptera","Culicidae","Culicinae","Culisetini","Culiseta","Culiseta alaskaensis","0","99.85"
"KGLTK0008_M_H","MOSN1856-18[BOLD:AAD3254]","Arthropoda","Insecta","Diptera","Culicidae","Culicinae","Culisetini","Culiseta","Culiseta alaskaensis","0","99.85"
"KGLTK0008_M_H","UAMIC908-13[BOLD:AAD3254]","Arthropoda","Insecta","Diptera","Culicidae","Culicinae","Culisetini","Culiseta","Culiseta impatiens","0","99.85"
"KGLTK0008_M_H","MHMOS031-07[BOLD:AAD3254]","Arthropoda","Insecta","Diptera","Culicidae","Culicinae","Culisetini","Culiseta","","0","99.70"
"KGLTK0008_M_H","MOSN11302-23[BOLD:AAD3254]","Arthropoda","Insecta","Diptera","Culicidae","Culicinae","Culisetini","Culiseta","Culiseta alaskaensis","0","99.70"
"KGLTK0008_M_H","MOSN11327-23[BOLD:AAD3254]","Arthropoda","Insecta","Diptera","Culicidae","Culicinae","Culisetini","Culiseta","Culiseta alaskaensis","0","99.70"
"KGLTK0008_M_H","MOSN11332-23[BOLD:AAD3254]","Arthropoda","Insecta","Diptera","Culicidae","Culicinae","Culisetini","Culiseta","Culiseta alaskaensis","0","99.70"
"KGLTK0008_M_H","MOSN11405-23[BOLD:AAD3254]","Arthropoda","Insecta","Diptera","Culicidae","Culicinae","Culisetini","Culiseta","Culiseta alaskaensis","0","99.70"
"KGLTK0008_M_H","MOSN1849-18[BOLD:AAD3254]","Arthropoda","Insecta","Diptera","Culicidae","Culicinae","Culisetini","Culiseta","Culiseta alaskaensis","0","99.70"
"KGLTK0008_M_H","MOSN1852-18[BOLD:AAD3254]","Arthropoda","Insecta","Diptera","Culicidae","Culicinae","Culisetini","Culiseta","Culiseta alaskaensis","0","99.70"
"KGLTK0008_M_H","MOSN1887-18[BOLD:AAD3254]","Arthropoda","Insecta","Diptera","Culicidae","Culicinae","Culisetini","Culiseta","Culiseta alaskaensis","0","99.70"
"KGLTK0008_M_H","MOSN7579-21[BOLD:AAD3254]","Arthropoda","Insecta","Diptera","Culicidae","Culicinae","Culisetini","Culiseta","Culiseta alaskaensis","0","99.70"
"KGLTK0008_M_H","MOSN9577-22[BOLD:AAD3254]","Arthropoda","Insecta","Diptera","Culicidae","Culicinae","Culisetini","Culiseta","Culiseta alaskaensis","0","99.70"
"KGLTK0008_M_H","MOSN9613-22[BOLD:AAD3254]","Arthropoda","Insecta","Diptera","Culicidae","Culicinae","Culisetini","Culiseta","Culiseta alaskaensis","0","99.70"
"KGLTK0008_M_H","MOSN3781-19[BOLD:AAD3254]","Arthropoda","Insecta","Diptera","Culicidae","Culicinae","Culisetini","Culiseta","Culiseta alaskaensis","0","99.54"
"KGLTK0008_M_H","MOSN9555-22[BOLD:AAD3254]","Arthropoda","Insecta","Diptera","Culicidae","Culicinae","Culisetini","Culiseta","Culiseta alaskaensis","0","99.54"
"KGLTK0008_M_H","TTDFW493-08[BOLD:AAD3254]","Arthropoda","Insecta","Diptera","Culicidae","Culicinae","Culisetini","Culiseta","Culiseta incidens","0","99.54"
"KGLTK0008_M_J","BBDCP561-10[BOLD:AAD3254]","Arthropoda","Insecta","Diptera","Culicidae","Culicinae","Culisetini","Culiseta","","0","100.00"
"KGLTK0008_M_J","SSWBC010-21[BOLD:AAD3254]","Arthropoda","Insecta","Diptera","Culicidae","Culicinae","Culisetini","Culiseta","","0","100.00"
"KGLTK0008_M_J","SSWBC011-21[BOLD:AAD3254]","Arthropoda","Insecta","Diptera","Culicidae","Culicinae","Culisetini","Culiseta","","0","100.00"
"KGLTK0008_M_J","AKLEP176-22[BOLD:AAD3254]","Arthropoda","Insecta","Diptera","Culicidae","Culicinae","Culisetini","Culiseta","Culiseta alaskaensis","0","100.00"
"KGLTK0008_M_J","UAMIC908-13[BOLD:AAD3254]","Arthropoda","Insecta","Diptera","Culicidae","Culicinae","Culisetini","Culiseta","Culiseta impatiens","0","100.00"
"KGLTK0008_M_J","MHMOS031-07[BOLD:AAD3254]","Arthropoda","Insecta","Diptera","Culicidae","Culicinae","Culisetini","Culiseta","","0","99.85"
"KGLTK0008_M_J","MOSN11302-23[BOLD:AAD3254]","Arthropoda","Insecta","Diptera","Culicidae","Culicinae","Culisetini","Culiseta","Culiseta alaskaensis","0","99.85"
"KGLTK0008_M_J","MOSN11327-23[BOLD:AAD3254]","Arthropoda","Insecta","Diptera","Culicidae","Culicinae","Culisetini","Culiseta","Culiseta alaskaensis","0","99.85"
"KGLTK0008_M_J","MOSN11332-23[BOLD:AAD3254]","Arthropoda","Insecta","Diptera","Culicidae","Culicinae","Culisetini","Culiseta","Culiseta alaskaensis","0","99.85"
"KGLTK0008_M_J","MOSN11373-23[BOLD:AAD3254]","Arthropoda","Insecta","Diptera","Culicidae","Culicinae","Culisetini","Culiseta","Culiseta alaskaensis","0","99.85"
"KGLTK0008_M_J","MOSN11405-23[BOLD:AAD3254]","Arthropoda","Insecta","Diptera","Culicidae","Culicinae","Culisetini","Culiseta","Culiseta alaskaensis","0","99.85"
"KGLTK0008_M_J","MOSN1849-18[BOLD:AAD3254]","Arthropoda","Insecta","Diptera","Culicidae","Culicinae","Culisetini","Culiseta","Culiseta alaskaensis","0","99.85"
"KGLTK0008_M_J","MOSN1852-18[BOLD:AAD3254]","Arthropoda","Insecta","Diptera","Culicidae","Culicinae","Culisetini","Culiseta","Culiseta alaskaensis","0","99.85"
"KGLTK0008_M_J","MOSN1887-18[BOLD:AAD3254]","Arthropoda","Insecta","Diptera","Culicidae","Culicinae","Culisetini","Culiseta","Culiseta alaskaensis","0","99.85"
"KGLTK0008_M_J","MOSN7579-21[BOLD:AAD3254]","Arthropoda","Insecta","Diptera","Culicidae","Culicinae","Culisetini","Culiseta","Culiseta alaskaensis","0","99.85"
"KGLTK0008_M_J","MOSN9577-22[BOLD:AAD3254]","Arthropoda","Insecta","Diptera","Culicidae","Culicinae","Culisetini","Culiseta","Culiseta alaskaensis","0","99.85"
"KGLTK0008_M_J","MOSN9613-22[BOLD:AAD3254]","Arthropoda","Insecta","Diptera","Culicidae","Culicinae","Culisetini","Culiseta","Culiseta alaskaensis","0","99.85"
"KGLTK0008_M_J","MOSN11349-23[BOLD:AAD3254]","Arthropoda","Insecta","Diptera","Culicidae","Culicinae","Culisetini","Culiseta","Culiseta alaskaensis","0","99.70"
"KGLTK0008_M_J","MOSN11362-23[BOLD:AAD3254]","Arthropoda","Insecta","Diptera","Culicidae","Culicinae","Culisetini","Culiseta","Culiseta alaskaensis","0","99.70"
"KGLTK0008_M_J","MOSN1856-18[BOLD:AAD3254]","Arthropoda","Insecta","Diptera","Culicidae","Culicinae","Culisetini","Culiseta","Culiseta alaskaensis","0","99.70"
"KGLTK0008_M_J","MOSN3766-19[BOLD:AAD3254]","Arthropoda","Insecta","Diptera","Culicidae","Culicinae","Culisetini","Culiseta","Culiseta alaskaensis","0","99.70"
"KGLTK0008_M_J","MOSN3767-19[BOLD:AAD3254]","Arthropoda","Insecta","Diptera","Culicidae","Culicinae","Culisetini","Culiseta","Culiseta alaskaensis","0","99.70"
"KGLTK0008_M_J","MOSN3781-19[BOLD:AAD3254]","Arthropoda","Insecta","Diptera","Culicidae","Culicinae","Culisetini","Culiseta","Culiseta alaskaensis","0","99.70"
"KGLTK0008_M_J","MOSN9555-22[BOLD:AAD3254]","Arthropoda","Insecta","Diptera","Culicidae","Culicinae","Culisetini","Culiseta","Culiseta alaskaensis","0","99.70"
"KGLTK0008_M_J","TTDFW493-08[BOLD:AAD3254]","Arthropoda","Insecta","Diptera","Culicidae","Culicinae","Culisetini","Culiseta","Culiseta incidens","0","99.70"
"KGLTK0008_M_L","MOSN10715-23[BOLD:AAC9132]","Arthropoda","Insecta","Diptera","Culicidae","Culicinae","Culisetini","Culiseta","Culiseta inornata","0","100.00"
"KGLTK0008_M_L","CIOSB47412-23[BOLD:AAC9132]","Arthropoda","Insecta","Diptera","Culicidae","Culicinae","Culisetini","Culiseta","Culiseta inornata","0","99.85"
"KGLTK0008_M_L","CIOSL40640-24[BOLD:AAC9132]","Arthropoda","Insecta","Diptera","Culicidae","Culicinae","Culisetini","Culiseta","Culiseta inornata","0","99.70"
"KGLTK0008_M_L","MOSN12075-24[BOLD:AAC9132]","Arthropoda","Insecta","Diptera","Culicidae","Culicinae","Culisetini","Culiseta","Culiseta inornata","0","99.70"
"KGLTK0008_M_L","MOSN6786-21[BOLD:AAC9132]","Arthropoda","Insecta","Diptera","Culicidae","Culicinae","Culisetini","Culiseta","Culiseta inornata","0","99.70"
"KGLTK0008_M_L","CIOSH35747-24[BOLD:AAC9132]","Arthropoda","Insecta","Diptera","Culicidae","Culicinae","Culisetini","Culiseta","Culiseta inornata","0","99.69"
"KGLTK0008_M_L","CISSA32424-23[BOLD:AAC9132]","Arthropoda","Insecta","Diptera","Culicidae","Culicinae","Culisetini","Culiseta","Culiseta inornata","0","99.69"
"KGLTK0008_M_L","CIOSB47421-23[BOLD:AAC9132]","Arthropoda","Insecta","Diptera","Culicidae","Culicinae","Culisetini","Culiseta","Culiseta inornata","0","99.54"
"KGLTK0008_M_L","CIOSJ42669-24[BOLD:AAC9132]","Arthropoda","Insecta","Diptera","Culicidae","Culicinae","Culisetini","Culiseta","Culiseta inornata","0","99.54"
"KGLTK0008_M_L","CIOSL48418-24[BOLD:AAC9132]","Arthropoda","Insecta","Diptera","Culicidae","Culicinae","Culisetini","Culiseta","Culiseta inornata","0","99.54"
"KGLTK0008_M_L","MOSN1419-18[BOLD:AAC9132]","Arthropoda","Insecta","Diptera","Culicidae","Culicinae","Culisetini","Culiseta","Culiseta inornata","0","99.54"
"KGLTK0008_M_L","MOSN4706-20[BOLD:AAC9132]","Arthropoda","Insecta","Diptera","Culicidae","Culicinae","Culisetini","Culiseta","Culiseta inornata","0","99.54"
"KGLTK0008_M_L","MOSN5536-20[BOLD:AAC9132]","Arthropoda","Insecta","Diptera","Culicidae","Culicinae","Culisetini","Culiseta","Culiseta inornata","0","99.54"
"KGLTK0008_M_L","MOSN5209-20[BOLD:AAC9132]","Arthropoda","Insecta","Diptera","Culicidae","Culicinae","Culisetini","Culiseta","Culiseta inornata","0","99.39"
"KGLTK0008_M_L","MOSN7292-21[BOLD:AAC9132]","Arthropoda","Insecta","Diptera","Culicidae","Culicinae","Culisetini","Culiseta","Culiseta inornata","0","99.39"
"KGLTK0008_M_L","MOSN7390-21[BOLD:AAC9132]","Arthropoda","Insecta","Diptera","Culicidae","Culicinae","Culisetini","Culiseta","Culiseta inornata","0","99.39"
"KGLTK0008_M_L","MOSN7425-21[BOLD:AAC9132]","Arthropoda","Insecta","Diptera","Culicidae","Culicinae","Culisetini","Culiseta","Culiseta inornata","0","99.39"
"KGLTK0008_M_L","MOSN7507-21[BOLD:AAC9132]","Arthropoda","Insecta","Diptera","Culicidae","Culicinae","Culisetini","Culiseta","Culiseta inornata","0","99.39"
"KGLTK0008_M_L","MOSN7779-21[BOLD:AAC9132]","Arthropoda","Insecta","Diptera","Culicidae","Culicinae","Culisetini","Culiseta","Culiseta inornata","0","99.39"
"KGLTK0008_M_L","MOSN8464-22[BOLD:AAC9132]","Arthropoda","Insecta","Diptera","Culicidae","Culicinae","Culisetini","Culiseta","Culiseta inornata","0","99.39"
"KGLTK0008_M_L","MOSN8550-22[BOLD:AAC9132]","Arthropoda","Insecta","Diptera","Culicidae","Culicinae","Culisetini","Culiseta","Culiseta inornata","0","99.39"
"KGLTK0008_M_L","MOSN8674-22[BOLD:AAC9132]","Arthropoda","Insecta","Diptera","Culicidae","Culicinae","Culisetini","Culiseta","Culiseta inornata","0","99.39"
"KGLTK0008_M_L","MOSN8971-22[BOLD:AAC9132]","Arthropoda","Insecta","Diptera","Culicidae","Culicinae","Culisetini","Culiseta","Culiseta inornata","0","99.39"
"KGLTK0008_M_L","MOSN9475-22[BOLD:AAC9132]","Arthropoda","Insecta","Diptera","Culicidae","Culicinae","Culisetini","Culiseta","Culiseta inornata","0","99.39"
"KGLTK0008_M_L","NBINS804-16[BOLD:AAC9132]","Arthropoda","Insecta","Diptera","Culicidae","Culicinae","Culisetini","Culiseta","Culiseta inornata","0","99.39"
"KGLTK0014_M_A","AMMC013-07[BOLD:AAA3748]","Arthropoda","Insecta","Diptera","Culicidae","Culicinae","Aedini","Aedes","Aedes abserratus","0","99.85"
"KGLTK0014_M_A","AKLEP1307-26","Arthropoda","Insecta","Diptera","Culicidae","","","","","0","99.70"
"KGLTK0014_M_A","AEDNA864-12[BOLD:AAA3748]","Arthropoda","Insecta","Diptera","Culicidae","Culicinae","Aedini","Aedes","","0","99.70"
"KGLTK0014_M_A","AEDNA902-12[BOLD:AAA3748]","Arthropoda","Insecta","Diptera","Culicidae","Culicinae","Aedini","Aedes","","0","99.70"
"KGLTK0014_M_A","KUGA498-21[BOLD:AAA3748]","Arthropoda","Insecta","Diptera","Culicidae","Culicinae","Aedini","Aedes","","0","99.70"
"KGLTK0014_M_A","MCHAD1270-19[BOLD:AAA3748]","Arthropoda","Insecta","Diptera","Culicidae","Culicinae","Aedini","Aedes","","0","99.70"
"KGLTK0014_M_A","MCHAD150-19[BOLD:AAA3748]","Arthropoda","Insecta","Diptera","Culicidae","Culicinae","Aedini","Aedes","","0","99.70"
"KGLTK0014_M_A","AKLEP1108-25[BOLD:AAA3748]","Arthropoda","Insecta","Diptera","Culicidae","Culicinae","Aedini","Aedes","Aedes abserratus","0","99.70"
"KGLTK0014_M_A","AMMC077-07[BOLD:AAA3748]","Arthropoda","Insecta","Diptera","Culicidae","Culicinae","Aedini","Aedes","Aedes abserratus","0","99.70"
"KGLTK0014_M_A","GBDP51845-19[BOLD:AAA3748]","Arthropoda","Insecta","Diptera","Culicidae","Culicinae","Aedini","Aedes","Aedes abserratus","0","99.70"
"KGLTK0014_M_A","MHMOS085-07[BOLD:AAA3748]","Arthropoda","Insecta","Diptera","Culicidae","Culicinae","Aedini","Aedes","Aedes abserratus","0","99.70"
"KGLTK0014_M_A","MOSN10225-23[BOLD:AAA3748]","Arthropoda","Insecta","Diptera","Culicidae","Culicinae","Aedini","Aedes","Aedes communis","0","99.70"
"KGLTK0014_M_A","NEONU2141-13[BOLD:AAA3748]","Arthropoda","Insecta","Diptera","Culicidae","Culicinae","Aedini","Aedes","Aedes decticus","0","99.70"
"KGLTK0014_M_A","MOSN4584-20[BOLD:AAA3748]","Arthropoda","Insecta","Diptera","Culicidae","Culicinae","Aedini","Aedes","Aedes diantaeus","0","99.70"
"KGLTK0014_M_A","MOSN1993-18[BOLD:AAA3748]","Arthropoda","Insecta","Diptera","Culicidae","Culicinae","Aedini","Aedes","Aedes hexodontus","0","99.70"
"KGLTK0014_M_A","NEONU2139-13[BOLD:AAA3748]","Arthropoda","Insecta","Diptera","Culicidae","Culicinae","Aedini","Aedes","Aedes intrudens","0","99.70"
"KGLTK0014_M_A","MOSN12999-25[BOLD:AAA3748]","Arthropoda","Insecta","Diptera","Culicidae","Culicinae","Aedini","Aedes","Aedes nigripes","0","99.70"
"KGLTK0014_M_A","JSDIQ006-10[BOLD:AAA3748]","Arthropoda","Insecta","Diptera","Culicidae","Culicinae","Aedini","Aedes","Aedes pionips","0","99.70"
"KGLTK0014_M_A","NBPSI074-11[BOLD:AAA3748]","Arthropoda","Insecta","Diptera","Culicidae","Culicinae","Aedini","Aedes","Aedes pionips","0","99.70"
"KGLTK0014_M_A","GBMND38915-21[BOLD:AAA3748]","Arthropoda","Insecta","Diptera","Culicidae","Culicinae","Aedini","Aedes","Aedes punctor","0","99.70"
"KGLTK0014_M_A","MOSN10253-23[BOLD:AAA3748]","Arthropoda","Insecta","Diptera","Culicidae","Culicinae","Aedini","Aedes","Aedes punctor","0","99.70"
"KGLTK0014_M_A","MOSN9667-22[BOLD:AAA3748]","Arthropoda","Insecta","Diptera","Culicidae","Culicinae","Aedini","Aedes","Aedes punctor","0","99.70"
"KGLTK0014_M_A","NBPSI075-11[BOLD:AAA3748]","Arthropoda","Insecta","Diptera","Culicidae","Culicinae","Aedini","Aedes","Aedes sp.","0","99.70"
"KGLTK0014_M_A","AEDNA871-12[BOLD:AAA3748]","Arthropoda","Insecta","Diptera","Culicidae","Culicinae","Aedini","Aedes","","0","99.54"
"KGLTK0014_M_A","UAMIC868-13[BOLD:AAA3748]","Arthropoda","Insecta","Diptera","Culicidae","Culicinae","Aedini","Aedes","Aedes abserratus","0","99.54"
"KGLTK0014_M_B","AMMC081-07[BOLD:AAA3748]","Arthropoda","Insecta","Diptera","Culicidae","Culicinae","Aedini","Aedes","","0","99.70"
"KGLTK0014_M_B","JWDCC475-10[BOLD:AAA3748]","Arthropoda","Insecta","Diptera","Culicidae","Culicinae","Aedini","Aedes","","0","99.70"
"KGLTK0014_M_B","MCHAB506-19[BOLD:AAA3748]","Arthropoda","Insecta","Diptera","Culicidae","Culicinae","Aedini","Aedes","","0","99.70"
"KGLTK0014_M_B","MHMOS067-07[BOLD:AAA3748]","Arthropoda","Insecta","Diptera","Culicidae","Culicinae","Aedini","Aedes","","0","99.70"
"KGLTK0014_M_B","MOSN11429-23[BOLD:AAA3748]","Arthropoda","Insecta","Diptera","Culicidae","Culicinae","Aedini","Aedes","Aedes hexodontus","0","99.70"
"KGLTK0014_M_B","BCHAR758-18[BOLD:AAA3748]","Arthropoda","Insecta","Diptera","Culicidae","Culicinae","","","","0","99.69"
"KGLTK0014_M_B","DCHAR1022-19[BOLD:AAA3748]","Arthropoda","Insecta","Diptera","Culicidae","Culicinae","","","","0","99.69"
"KGLTK0014_M_B","DCHAR1028-19[BOLD:AAA3748]","Arthropoda","Insecta","Diptera","Culicidae","Culicinae","","","","0","99.69"
"KGLTK0014_M_B","FCHAR8785-19[BOLD:AAA3748]","Arthropoda","Insecta","Diptera","Culicidae","Culicinae","","","","0","99.69"
"KGLTK0014_M_B","MCHAB271-19[BOLD:AAA3748]","Arthropoda","Insecta","Diptera","Culicidae","Culicinae","Aedini","Aedes","","0","99.69"
"KGLTK0014_M_B","MCHAE1402-19[BOLD:AAA3748]","Arthropoda","Insecta","Diptera","Culicidae","Culicinae","Aedini","Aedes","","0","99.69"
"KGLTK0014_M_B","SWSWP011-09[BOLD:AAA3748]","Arthropoda","Insecta","Diptera","Culicidae","Culicinae","Aedini","Aedes","","0","99.69"
"KGLTK0014_M_B","FCHAR9351-20[BOLD:AAA3748]","Arthropoda","Insecta","Diptera","Culicidae","Culicinae","","","","0","99.54"
"KGLTK0014_M_B","MCHAB628-19[BOLD:AAA3748]","Arthropoda","Insecta","Diptera","Culicidae","Culicinae","Aedini","Aedes","","0","99.54"
"KGLTK0014_M_B","MCHAB727-19[BOLD:AAA3748]","Arthropoda","Insecta","Diptera","Culicidae","Culicinae","Aedini","Aedes","","0","99.54"
"KGLTK0014_M_B","MCHAD132-19[BOLD:AAA3748]","Arthropoda","Insecta","Diptera","Culicidae","Culicinae","Aedini","Aedes","","0","99.54"
"KGLTK0014_M_B","MCHAD133-19[BOLD:AAA3748]","Arthropoda","Insecta","Diptera","Culicidae","Culicinae","Aedini","Aedes","","0","99.54"
"KGLTK0014_M_B","MCHAE1439-19[BOLD:AAA3748]","Arthropoda","Insecta","Diptera","Culicidae","Culicinae","Aedini","Aedes","","0","99.54"
"KGLTK0014_M_B","MOSN13111-25[BOLD:AAA3748]","Arthropoda","Insecta","Diptera","Culicidae","Culicinae","Aedini","Aedes","Aedes hexodontus","0","99.54"
"KGLTK0014_M_B","SIIP4634-24[BOLD:AAA3748]","Arthropoda","Insecta","Diptera","Culicidae","","","","","0","99.39"
"KGLTK0014_M_B","JWDCF060-10[BOLD:AAA3748]","Arthropoda","Insecta","Diptera","Culicidae","Culicinae","Aedini","Aedes","","0","99.39"
"KGLTK0014_M_B","AMMC027-07[BOLD:AAA3748]","Arthropoda","Insecta","Diptera","Culicidae","Culicinae","Aedini","Aedes","Aedes hexodontus","0","99.39"
"KGLTK0014_M_B","JWDCC433-10[BOLD:AAA3748]","Arthropoda","Insecta","Diptera","Culicidae","Culicinae","Aedini","Aedes","Aedes hexodontus","0","99.39"
"KGLTK0014_M_B","GBDP51899-19[BOLD:AAA3748]","Arthropoda","Insecta","Diptera","Culicidae","Culicinae","Aedini","Aedes","Aedes punctor","0","99.39"
"KGLTK0014_M_B","NEONU2138-13[BOLD:AAA3748]","Arthropoda","Insecta","Diptera","Culicidae","Culicinae","Aedini","Aedes","Aedes punctor","0","99.39"
"KGLTK0014_M_C","SIIP11204-24[BOLD:AAA3748]","Arthropoda","Insecta","Diptera","Culicidae","","","","","0","99.85"
"KGLTK0014_M_C","SIIP13437-24[BOLD:AAA3748]","Arthropoda","Insecta","Diptera","Culicidae","","","","","0","99.85"
"KGLTK0014_M_C","FCHAR8616-19[BOLD:AAA3748]","Arthropoda","Insecta","Diptera","Culicidae","Culicinae","","","","0","99.85"
"KGLTK0014_M_C","FCHAR8625-19[BOLD:AAA3748]","Arthropoda","Insecta","Diptera","Culicidae","Culicinae","","","","0","99.85"
"KGLTK0014_M_C","GBMNE29317-21[BOLD:AAA3748]","Arthropoda","Insecta","Diptera","Culicidae","Culicinae","Aedini","","","0","99.85"
"KGLTK0014_M_C","AEDNA869-12[BOLD:AAA3748]","Arthropoda","Insecta","Diptera","Culicidae","Culicinae","Aedini","Aedes","","0","99.85"
"KGLTK0014_M_C","DIPFI112-12[BOLD:AAA3748]","Arthropoda","Insecta","Diptera","Culicidae","Culicinae","Aedini","Aedes","","0","99.85"
"KGLTK0014_M_C","MCHAE1435-19[BOLD:AAA3748]","Arthropoda","Insecta","Diptera","Culicidae","Culicinae","Aedini","Aedes","","0","99.85"
"KGLTK0014_M_C","AMMC020-07[BOLD:AAA3748]","Arthropoda","Insecta","Diptera","Culicidae","Culicinae","Aedini","Aedes","Aedes hexodontus","0","99.85"
"KGLTK0014_M_C","MHMOS074-07[BOLD:AAA3748]","Arthropoda","Insecta","Diptera","Culicidae","Culicinae","Aedini","Aedes","Aedes hexodontus","0","99.85"
"KGLTK0014_M_C","CULBE102-14[BOLD:AAA3748]","Arthropoda","Insecta","Diptera","Culicidae","Culicinae","Aedini","Aedes","Aedes punctor","0","99.85"
"KGLTK0014_M_C","CULBE107-14[BOLD:AAA3748]","Arthropoda","Insecta","Diptera","Culicidae","Culicinae","Aedini","Aedes","Aedes punctor","0","99.85"
"KGLTK0014_M_C","MSEMV080-15[BOLD:AAA3748]","Arthropoda","Insecta","Diptera","Culicidae","Culicinae","Aedini","Aedes","Aedes punctor","0","99.85"
"KGLTK0014_M_C","SIIP10650-24[BOLD:AAA3748]","Arthropoda","Insecta","Diptera","Culicidae","","","","","0","99.70"
"KGLTK0014_M_C","SIIP2929-24[BOLD:AAA3748]","Arthropoda","Insecta","Diptera","Culicidae","","","","","0","99.70"
"KGLTK0014_M_C","SIIP4634-24[BOLD:AAA3748]","Arthropoda","Insecta","Diptera","Culicidae","","","","","0","99.70"
"KGLTK0014_M_C","TRDNE021-15[BOLD:AAA3748]","Arthropoda","Insecta","Diptera","Culicidae","Culicinae","Aedini","Aedes","","0","99.70"
"KGLTK0014_M_C","TRDNE029-15[BOLD:AAA3748]","Arthropoda","Insecta","Diptera","Culicidae","Culicinae","Aedini","Aedes","","0","99.70"
"KGLTK0014_M_C","MOSN13523-26","Arthropoda","Insecta","Diptera","Culicidae","Culicinae","Aedini","Aedes","Aedes hexodontus","0","99.70"
"KGLTK0014_M_C","MOSN7522-21[BOLD:AAA3748]","Arthropoda","Insecta","Diptera","Culicidae","Culicinae","Aedini","Aedes","Aedes hexodontus","0","99.70"
"KGLTK0014_M_C","MOSN7537-21[BOLD:AAA3748]","Arthropoda","Insecta","Diptera","Culicidae","Culicinae","Aedini","Aedes","Aedes hexodontus","0","99.70"
"KGLTK0014_M_C","MOSN9521-22[BOLD:AAA3748]","Arthropoda","Insecta","Diptera","Culicidae","Culicinae","Aedini","Aedes","Aedes hexodontus","0","99.70"
"KGLTK0014_M_C","MOSN9666-22[BOLD:AAA3748]","Arthropoda","Insecta","Diptera","Culicidae","Culicinae","Aedini","Aedes","Aedes hexodontus","0","99.70"
"KGLTK0014_M_C","SAMOS057-09[BOLD:AAA3748]","Arthropoda","Insecta","Diptera","Culicidae","Culicinae","Aedini","Aedes","Aedes hexodontus","0","99.70"
"KGLTK0014_M_C","NEONU2138-13[BOLD:AAA3748]","Arthropoda","Insecta","Diptera","Culicidae","Culicinae","Aedini","Aedes","Aedes punctor","0","99.70"
"KGLTK0015_M_A","AKLEP1290-26","Arthropoda","Insecta","Diptera","Culicidae","","","","","0","99.85"
"KGLTK0015_M_A","AEDNA888-12[BOLD:AAB1098]","Arthropoda","Insecta","Diptera","Culicidae","Culicinae","Aedini","Aedes","","0","99.85"
"KGLTK0015_M_A","AMCAF063-19[BOLD:AAB1098]","Arthropoda","Insecta","Diptera","Culicidae","Culicinae","Aedini","Aedes","","0","99.85"
"KGLTK0015_M_A","AMCAF077-19[BOLD:AAB1098]","Arthropoda","Insecta","Diptera","Culicidae","Culicinae","Aedini","Aedes","","0","99.85"
"KGLTK0015_M_A","GMOLF012-19[BOLD:AAB1098]","Arthropoda","Insecta","Diptera","Culicidae","Culicinae","Aedini","Aedes","","0","99.85"
"KGLTK0015_M_A","GMOQJ034-19[BOLD:AAB1098]","Arthropoda","Insecta","Diptera","Culicidae","Culicinae","Aedini","Aedes","","0","99.85"
"KGLTK0015_M_A","AKLEP190-22[BOLD:AAB1098]","Arthropoda","Insecta","Diptera","Culicidae","Culicinae","Aedini","Aedes","Aedes excrucians","0","99.85"
"KGLTK0015_M_A","MHMOS040-07[BOLD:AAB1098]","Arthropoda","Insecta","Diptera","Culicidae","Culicinae","Aedini","Aedes","Aedes excrucians","0","99.85"
"KGLTK0015_M_A","ABOTH10587-23[BOLD:AAB1098]","Arthropoda","Insecta","Diptera","Culicidae","Culicinae","Aedini","Aedes","","0","99.70"
"KGLTK0015_M_A","POHL203-23[BOLD:AAB1098]","Arthropoda","Insecta","Diptera","Culicidae","Culicinae","Aedini","Aedes","","0","99.70"
"KGLTK0015_M_A","JWDCF381-10[BOLD:AAB1098]","Arthropoda","Insecta","Diptera","Culicidae","Culicinae","Aedini","Aedes","Aedes excrucians","0","99.70"
"KGLTK0015_M_A","JWDCF886-10[BOLD:AAB1098]","Arthropoda","Insecta","Diptera","Culicidae","Culicinae","Aedini","Aedes","Aedes excrucians","0","99.70"
"KGLTK0015_M_A","JWDCL175-11[BOLD:AAB1098]","Arthropoda","Insecta","Diptera","Culicidae","Culicinae","Aedini","Aedes","Aedes excrucians","0","99.70"
"KGLTK0015_M_A","MOSN11318-23[BOLD:AAB1098]","Arthropoda","Insecta","Diptera","Culicidae","Culicinae","Aedini","Aedes","Aedes excrucians","0","99.70"
"KGLTK0015_M_A","MOSN11467-23[BOLD:AAB1098]","Arthropoda","Insecta","Diptera","Culicidae","Culicinae","Aedini","Aedes","Aedes excrucians","0","99.70"
"KGLTK0015_M_A","MOSN12498-24[BOLD:AAB1098]","Arthropoda","Insecta","Diptera","Culicidae","Culicinae","Aedini","Aedes","Aedes excrucians","0","99.70"
"KGLTK0015_M_A","MOSN1975-18[BOLD:AAB1098]","Arthropoda","Insecta","Diptera","Culicidae","Culicinae","Aedini","Aedes","Aedes excrucians","0","99.70"
"KGLTK0015_M_A","MOSN7643-21[BOLD:AAB1098]","Arthropoda","Insecta","Diptera","Culicidae","Culicinae","Aedini","Aedes","Aedes excrucians","0","99.70"
"KGLTK0015_M_A","MOSN7669-21[BOLD:AAB1098]","Arthropoda","Insecta","Diptera","Culicidae","Culicinae","Aedini","Aedes","Aedes excrucians","0","99.70"
"KGLTK0015_M_A","BBDCP552-10[BOLD:AAB1098]","Arthropoda","Insecta","Diptera","Culicidae","Culicinae","Aedini","Aedes","","0","99.54"
"KGLTK0015_M_A","OPPCC1352-17[BOLD:AAB1098]","Arthropoda","Insecta","Diptera","Culicidae","Culicinae","Aedini","Aedes","","0","99.54"
"KGLTK0015_M_A","AKLEP177-22[BOLD:AAB1098]","Arthropoda","Insecta","Diptera","Culicidae","Culicinae","Aedini","Aedes","Aedes excrucians","0","99.54"
"KGLTK0015_M_A","JWDCF848-10[BOLD:AAB1098]","Arthropoda","Insecta","Diptera","Culicidae","Culicinae","Aedini","Aedes","Aedes excrucians","0","99.54"
"KGLTK0015_M_A","MOSN2002-18[BOLD:AAB1098]","Arthropoda","Insecta","Diptera","Culicidae","Culicinae","Aedini","Aedes","Aedes excrucians","0","99.54"
"KGLTK0015_M_A","MOSN9017-22[BOLD:AAB1098]","Arthropoda","Insecta","Diptera","Culicidae","Culicinae","Aedini","Aedes","Aedes fitchii","0","99.54"
"KGLTK0015_M_C","AKLEP1307-26","Arthropoda","Insecta","Diptera","Culicidae","","","","","0","99.85"
"KGLTK0015_M_C","ABINP5358-21[BOLD:AAA3748]","Arthropoda","Insecta","Diptera","Culicidae","Culicinae","Aedini","Aedes","","0","99.85"
"KGLTK0015_M_C","AEDNA864-12[BOLD:AAA3748]","Arthropoda","Insecta","Diptera","Culicidae","Culicinae","Aedini","Aedes","","0","99.85"
"KGLTK0015_M_C","AEDNA902-12[BOLD:AAA3748]","Arthropoda","Insecta","Diptera","Culicidae","Culicinae","Aedini","Aedes","","0","99.85"
"KGLTK0015_M_C","KUGA498-21[BOLD:AAA3748]","Arthropoda","Insecta","Diptera","Culicidae","Culicinae","Aedini","Aedes","","0","99.85"
"KGLTK0015_M_C","MCHAD1270-19[BOLD:AAA3748]","Arthropoda","Insecta","Diptera","Culicidae","Culicinae","Aedini","Aedes","","0","99.85"
"KGLTK0015_M_C","MCHAD150-19[BOLD:AAA3748]","Arthropoda","Insecta","Diptera","Culicidae","Culicinae","Aedini","Aedes","","0","99.85"
"KGLTK0015_M_C","AKLEP1108-25[BOLD:AAA3748]","Arthropoda","Insecta","Diptera","Culicidae","Culicinae","Aedini","Aedes","Aedes abserratus","0","99.85"
"KGLTK0015_M_C","AMMC077-07[BOLD:AAA3748]","Arthropoda","Insecta","Diptera","Culicidae","Culicinae","Aedini","Aedes","Aedes abserratus","0","99.85"
"KGLTK0015_M_C","GBDP51845-19[BOLD:AAA3748]","Arthropoda","Insecta","Diptera","Culicidae","Culicinae","Aedini","Aedes","Aedes abserratus","0","99.85"
"KGLTK0015_M_C","MHMOS085-07[BOLD:AAA3748]","Arthropoda","Insecta","Diptera","Culicidae","Culicinae","Aedini","Aedes","Aedes abserratus","0","99.85"
"KGLTK0015_M_C","MOSN10225-23[BOLD:AAA3748]","Arthropoda","Insecta","Diptera","Culicidae","Culicinae","Aedini","Aedes","Aedes communis","0","99.85"
"KGLTK0015_M_C","NEONU2141-13[BOLD:AAA3748]","Arthropoda","Insecta","Diptera","Culicidae","Culicinae","Aedini","Aedes","Aedes decticus","0","99.85"
"KGLTK0015_M_C","MOSN4584-20[BOLD:AAA3748]","Arthropoda","Insecta","Diptera","Culicidae","Culicinae","Aedini","Aedes","Aedes diantaeus","0","99.85"
"KGLTK0015_M_C","MOSN1993-18[BOLD:AAA3748]","Arthropoda","Insecta","Diptera","Culicidae","Culicinae","Aedini","Aedes","Aedes hexodontus","0","99.85"
"KGLTK0015_M_C","NEONU2139-13[BOLD:AAA3748]","Arthropoda","Insecta","Diptera","Culicidae","Culicinae","Aedini","Aedes","Aedes intrudens","0","99.85"
"KGLTK0015_M_C","MOSN12999-25[BOLD:AAA3748]","Arthropoda","Insecta","Diptera","Culicidae","Culicinae","Aedini","Aedes","Aedes nigripes","0","99.85"
"KGLTK0015_M_C","JSDIQ006-10[BOLD:AAA3748]","Arthropoda","Insecta","Diptera","Culicidae","Culicinae","Aedini","Aedes","Aedes pionips","0","99.85"
"KGLTK0015_M_C","NBPSI074-11[BOLD:AAA3748]","Arthropoda","Insecta","Diptera","Culicidae","Culicinae","Aedini","Aedes","Aedes pionips","0","99.85"
"KGLTK0015_M_C","GBMND38915-21[BOLD:AAA3748]","Arthropoda","Insecta","Diptera","Culicidae","Culicinae","Aedini","Aedes","Aedes punctor","0","99.85"
"KGLTK0015_M_C","MOSN10253-23[BOLD:AAA3748]","Arthropoda","Insecta","Diptera","Culicidae","Culicinae","Aedini","Aedes","Aedes punctor","0","99.85"
"KGLTK0015_M_C","NBPSI075-11[BOLD:AAA3748]","Arthropoda","Insecta","Diptera","Culicidae","Culicinae","Aedini","Aedes","Aedes sp.","0","99.85"
"KGLTK0015_M_C","AEDNA871-12[BOLD:AAA3748]","Arthropoda","Insecta","Diptera","Culicidae","Culicinae","Aedini","Aedes","","0","99.70"
"KGLTK0015_M_C","UAMIC868-13[BOLD:AAA3748]","Arthropoda","Insecta","Diptera","Culicidae","Culicinae","Aedini","Aedes","Aedes abserratus","0","99.70"
"KGLTK0015_M_C","UAMIC871-13[BOLD:AAA3748]","Arthropoda","Insecta","Diptera","Culicidae","Culicinae","Aedini","Aedes","Aedes nigripes","0","99.70"
"KGLTK0015_M_J","CCHAR10690-19[BOLD:AAA3750]","Arthropoda","Insecta","Diptera","Culicidae","Culicinae","Aedini","Aedes","","0","99.85"
"KGLTK0015_M_J","FCHAR8659-19[BOLD:AAA3750]","Arthropoda","Insecta","Diptera","Culicidae","Culicinae","Aedini","Aedes","","0","99.70"
"KGLTK0015_M_J","FCHAR8833-19[BOLD:AAA3750]","Arthropoda","Insecta","Diptera","Culicidae","Culicinae","Aedini","Aedes","","0","99.70"
"KGLTK0015_M_J","GJOA2164-21[BOLD:AAA3750]","Arthropoda","Insecta","Diptera","Culicidae","Culicinae","Aedini","Aedes","","0","99.70"
"KGLTK0015_M_J","MCHAA1549-19[BOLD:AAA3750]","Arthropoda","Insecta","Diptera","Culicidae","Culicinae","Aedini","Aedes","","0","99.70"
"KGLTK0015_M_J","MCHAA166-19[BOLD:AAA3750]","Arthropoda","Insecta","Diptera","Culicidae","Culicinae","Aedini","Aedes","","0","99.70"
"KGLTK0015_M_J","MCHAC2000-19[BOLD:AAA3750]","Arthropoda","Insecta","Diptera","Culicidae","Culicinae","Aedini","Aedes","","0","99.70"
"KGLTK0015_M_J","MCHAC924-19[BOLD:AAA3750]","Arthropoda","Insecta","Diptera","Culicidae","Culicinae","Aedini","Aedes","","0","99.70"
"KGLTK0015_M_J","NBPSI006-11[BOLD:AAA3750]","Arthropoda","Insecta","Diptera","Culicidae","Culicinae","Aedini","Aedes","Aedes impiger","0","99.70"
"KGLTK0015_M_J","BCHAR1188-18[BOLD:AAA3750]","Arthropoda","Insecta","Diptera","Culicidae","Culicinae","Aedini","Aedes","","0","99.69"
"KGLTK0015_M_J","BCHAR1418-18[BOLD:AAA3750]","Arthropoda","Insecta","Diptera","Culicidae","Culicinae","Aedini","Aedes","","0","99.69"
"KGLTK0015_M_J","BCHAR203-18[BOLD:AAA3750]","Arthropoda","Insecta","Diptera","Culicidae","Culicinae","Aedini","Aedes","","0","99.69"
"KGLTK0015_M_J","BCHAR590-18[BOLD:AAA3750]","Arthropoda","Insecta","Diptera","Culicidae","Culicinae","Aedini","Aedes","","0","99.69"
"KGLTK0015_M_J","BCHAR630-18[BOLD:AAA3750]","Arthropoda","Insecta","Diptera","Culicidae","Culicinae","Aedini","Aedes","","0","99.69"
"KGLTK0015_M_J","BCHAR711-18[BOLD:AAA3750]","Arthropoda","Insecta","Diptera","Culicidae","Culicinae","Aedini","Aedes","","0","99.69"
"KGLTK0015_M_J","CCHAR3374-19[BOLD:AAA3750]","Arthropoda","Insecta","Diptera","Culicidae","Culicinae","Aedini","Aedes","","0","99.69"
"KGLTK0015_M_J","DCHAR1014-19[BOLD:AAA3750]","Arthropoda","Insecta","Diptera","Culicidae","Culicinae","Aedini","Aedes","","0","99.69"
"KGLTK0015_M_J","MCHAA154-19[BOLD:AAA3750]","Arthropoda","Insecta","Diptera","Culicidae","Culicinae","Aedini","Aedes","","0","99.69"
"KGLTK0015_M_J","MCHAC1382-19[BOLD:AAA3750]","Arthropoda","Insecta","Diptera","Culicidae","Culicinae","Aedini","Aedes","","0","99.69"
"KGLTK0015_M_J","MCHAC1500-19[BOLD:AAA3750]","Arthropoda","Insecta","Diptera","Culicidae","Culicinae","Aedini","Aedes","","0","99.69"
"KGLTK0015_M_J","POLCO3443-20[BOLD:AAA3750]","Arthropoda","Insecta","Diptera","Culicidae","Culicinae","Aedini","Aedes","","0","99.69"
"KGLTK0015_M_J","POLCO4405-20[BOLD:AAA3750]","Arthropoda","Insecta","Diptera","Culicidae","Culicinae","Aedini","Aedes","","0","99.69"
"KGLTK0015_M_J","KUGA565-21[BOLD:AAA3750]","Arthropoda","Insecta","Diptera","Culicidae","Culicinae","Aedini","Aedes","","0","99.54"
"KGLTK0015_M_J","MCHAD962-19[BOLD:AAA3750]","Arthropoda","Insecta","Diptera","Culicidae","Culicinae","Aedini","Aedes","","0","99.54"
"KGLTK0015_M_J","NBPSI018-11[BOLD:AAA3750]","Arthropoda","Insecta","Diptera","Culicidae","Culicinae","Aedini","Aedes","Aedes impiger","0","99.54"
"KGLTK0018_M_A","DTULO2926-24[BOLD:AAB1098]","Arthropoda","Insecta","Diptera","Culicidae","Culicinae","Aedini","Aedes","","0","99.69"
"KGLTK0018_M_A","GBMNE29308-21[BOLD:AAB1098]","Arthropoda","Insecta","Diptera","Culicidae","Culicinae","Aedini","Aedes","","0","99.54"
"KGLTK0018_M_A","SIIP6235-24[BOLD:AAB1098]","Arthropoda","Insecta","Diptera","Culicidae","Culicinae","Aedini","Aedes","","0","99.54"
"KGLTK0018_M_A","DIPFI117-12[BOLD:AAB1098]","Arthropoda","Insecta","Diptera","Culicidae","Culicinae","Aedini","Aedes","Aedes annulipes","0","99.54"
"KGLTK0018_M_A","DTULO2928-24[BOLD:AAB1098]","Arthropoda","Insecta","Diptera","Culicidae","Culicinae","Aedini","Aedes","","0","99.39"
"KGLTK0018_M_A","GBMNE29309-21[BOLD:AAB1098]","Arthropoda","Insecta","Diptera","Culicidae","Culicinae","Aedini","Aedes","","0","99.39"
"KGLTK0018_M_A","KNEP3235-24[BOLD:AAB1098]","Arthropoda","Insecta","Diptera","Culicidae","Culicinae","Aedini","Aedes","","0","99.39"
"KGLTK0018_M_A","SIIP10648-24[BOLD:AAB1098]","Arthropoda","Insecta","Diptera","Culicidae","Culicinae","Aedini","Aedes","","0","99.39"
"KGLTK0018_M_A","SIIP4830-24[BOLD:AAB1098]","Arthropoda","Insecta","Diptera","Culicidae","Culicinae","Aedini","Aedes","","0","99.39"
"KGLTK0018_M_A","SIIP5207-24[BOLD:AAB1098]","Arthropoda","Insecta","Diptera","Culicidae","Culicinae","Aedini","Aedes","","0","99.39"
"KGLTK0018_M_A","SIIP5797-24[BOLD:AAB1098]","Arthropoda","Insecta","Diptera","Culicidae","Culicinae","Aedini","Aedes","","0","99.39"
"KGLTK0018_M_A","SIIP8824-24[BOLD:AAB1098]","Arthropoda","Insecta","Diptera","Culicidae","Culicinae","Aedini","Aedes","","0","99.39"
"KGLTK0018_M_A","MOSN11475-23[BOLD:AAB1098]","Arthropoda","Insecta","Diptera","Culicidae","Culicinae","Aedini","Aedes","Aedes excrucians","0","99.39"
"KGLTK0018_M_A","MOSN1973-18[BOLD:AAB1098]","Arthropoda","Insecta","Diptera","Culicidae","Culicinae","Aedini","Aedes","Aedes excrucians","0","99.39"
"KGLTK0018_M_A","MOSN3883-19[BOLD:AAB1098]","Arthropoda","Insecta","Diptera","Culicidae","Culicinae","Aedini","Aedes","Aedes excrucians","0","99.39"
"KGLTK0018_M_A","SIIP6747-24[BOLD:AAB1098]","Arthropoda","Insecta","Diptera","Culicidae","Culicinae","Aedini","Aedes","","0","99.24"
"KGLTK0018_M_A","MOSN9671-22[BOLD:AAB1098]","Arthropoda","Insecta","Diptera","Culicidae","Culicinae","Aedini","Aedes","Aedes excrucians","0","99.24"
"KGLTK0018_M_A","CULPL076-26","Arthropoda","Insecta","Diptera","Culicidae","","","","","0","99.09"
"KGLTK0018_M_A","CULPL088-26","Arthropoda","Insecta","Diptera","Culicidae","","","","","0","99.09"
"KGLTK0018_M_A","GBMNE29287-21[BOLD:AAB1098]","Arthropoda","Insecta","Diptera","Culicidae","Culicinae","Aedini","Aedes","","0","99.09"
"KGLTK0018_M_A","SIIP11203-24[BOLD:AAB1098]","Arthropoda","Insecta","Diptera","Culicidae","Culicinae","Aedini","Aedes","","0","99.09"
"KGLTK0018_M_A","CULBE002-14[BOLD:AAB1098]","Arthropoda","Insecta","Diptera","Culicidae","Culicinae","Aedini","Aedes","Aedes annulipes","0","99.09"
"KGLTK0018_M_A","CROCU128-21[BOLD:AAB1098]","Arthropoda","Insecta","Diptera","Culicidae","Culicinae","Aedini","Aedes","Aedes cantans","0","99.09"
"KGLTK0018_M_A","MSEMV885-15[BOLD:AAB1098]","Arthropoda","Insecta","Diptera","Culicidae","Culicinae","Aedini","Aedes","Aedes cantans","0","99.09"
"KGLTK0018_M_A","GBEPT708-14[BOLD:AAB1098]","Arthropoda","Insecta","Diptera","Culicidae","Culicinae","Aedini","Aedes","Aedes excrucians","0","99.09"
"KGLTK0018_M_C","GMOQN725-19[BOLD:AAD3254]","Arthropoda","Insecta","Diptera","Culicidae","Culicinae","Culisetini","Culiseta","","0","99.85"
"KGLTK0018_M_C","BBDCP560-10[BOLD:AAD3254]","Arthropoda","Insecta","Diptera","Culicidae","Culicinae","Culisetini","Culiseta","","0","99.70"
"KGLTK0018_M_C","BBYBM010-20[BOLD:AAD3254]","Arthropoda","Insecta","Diptera","Culicidae","Culicinae","Culisetini","Culiseta","","0","99.70"
"KGLTK0018_M_C","YBIVV5565-23[BOLD:AAD3254]","Arthropoda","Insecta","Diptera","Culicidae","Culicinae","Culisetini","Culiseta","","0","99.70"
"KGLTK0018_M_C","AKLEP1059-25[BOLD:AAD3254]","Arthropoda","Insecta","Diptera","Culicidae","Culicinae","Culisetini","Culiseta","Culiseta alaskaensis","0","99.70"
"KGLTK0018_M_C","TTDFW493-08[BOLD:AAD3254]","Arthropoda","Insecta","Diptera","Culicidae","Culicinae","Culisetini","Culiseta","Culiseta incidens","0","99.70"
"KGLTK0018_M_C","BBYBM011-20[BOLD:AAD3254]","Arthropoda","Insecta","Diptera","Culicidae","Culicinae","Culisetini","Culiseta","","0","99.69"
"KGLTK0018_M_C","GMOQN726-19[BOLD:AAD3254]","Arthropoda","Insecta","Diptera","Culicidae","Culicinae","Culisetini","Culiseta","","0","99.69"
"KGLTK0018_M_C","SSWBC014-21[BOLD:AAD3254]","Arthropoda","Insecta","Diptera","Culicidae","Culicinae","Culisetini","Culiseta","","0","99.69"
"KGLTK0018_M_C","MOSN11302-23[BOLD:AAD3254]","Arthropoda","Insecta","Diptera","Culicidae","Culicinae","Culisetini","Culiseta","Culiseta alaskaensis","0","99.54"
"KGLTK0018_M_C","MOSN11405-23[BOLD:AAD3254]","Arthropoda","Insecta","Diptera","Culicidae","Culicinae","Culisetini","Culiseta","Culiseta alaskaensis","0","99.54"
"KGLTK0018_M_C","MOSN11418-23[BOLD:AAD3254]","Arthropoda","Insecta","Diptera","Culicidae","Culicinae","Culisetini","Culiseta","Culiseta alaskaensis","0","99.54"
"KGLTK0018_M_C","MOSN1857-18[BOLD:AAD3254]","Arthropoda","Insecta","Diptera","Culicidae","Culicinae","Culisetini","Culiseta","Culiseta alaskaensis","0","99.54"
"KGLTK0018_M_C","BBDCP561-10[BOLD:AAD3254]","Arthropoda","Insecta","Diptera","Culicidae","Culicinae","Culisetini","Culiseta","","0","99.39"
"KGLTK0018_M_C","SSWBC010-21[BOLD:AAD3254]","Arthropoda","Insecta","Diptera","Culicidae","Culicinae","Culisetini","Culiseta","","0","99.39"
"KGLTK0018_M_C","AKLEP176-22[BOLD:AAD3254]","Arthropoda","Insecta","Diptera","Culicidae","Culicinae","Culisetini","Culiseta","Culiseta alaskaensis","0","99.39"
"KGLTK0018_M_C","UAMIC908-13[BOLD:AAD3254]","Arthropoda","Insecta","Diptera","Culicidae","Culicinae","Culisetini","Culiseta","Culiseta impatiens","0","99.39"
"KGLTK0018_M_C","MOSN11327-23[BOLD:AAD3254]","Arthropoda","Insecta","Diptera","Culicidae","Culicinae","Culisetini","Culiseta","Culiseta alaskaensis","0","99.24"
"KGLTK0018_M_C","MOSN11332-23[BOLD:AAD3254]","Arthropoda","Insecta","Diptera","Culicidae","Culicinae","Culisetini","Culiseta","Culiseta alaskaensis","0","99.24"
"KGLTK0018_M_C","MOSN11373-23[BOLD:AAD3254]","Arthropoda","Insecta","Diptera","Culicidae","Culicinae","Culisetini","Culiseta","Culiseta alaskaensis","0","99.24"
"KGLTK0018_M_C","MOSN1852-18[BOLD:AAD3254]","Arthropoda","Insecta","Diptera","Culicidae","Culicinae","Culisetini","Culiseta","Culiseta alaskaensis","0","99.24"
"KGLTK0018_M_C","MOSN3766-19[BOLD:AAD3254]","Arthropoda","Insecta","Diptera","Culicidae","Culicinae","Culisetini","Culiseta","Culiseta alaskaensis","0","99.24"
"KGLTK0018_M_C","MOSN7579-21[BOLD:AAD3254]","Arthropoda","Insecta","Diptera","Culicidae","Culicinae","Culisetini","Culiseta","Culiseta alaskaensis","0","99.24"
"KGLTK0018_M_C","MOSN9577-22[BOLD:AAD3254]","Arthropoda","Insecta","Diptera","Culicidae","Culicinae","Culisetini","Culiseta","Culiseta alaskaensis","0","99.24"
"KGLTK0018_M_C","MOSN9613-22[BOLD:AAD3254]","Arthropoda","Insecta","Diptera","Culicidae","Culicinae","Culisetini","Culiseta","Culiseta alaskaensis","0","99.24"
"KGLTK0019_M_B","AMMC093-07[BOLD:AAA3748]","Arthropoda","Insecta","Diptera","Culicidae","Culicinae","Aedini","Aedes","","0","99.39"
"KGLTK0019_M_B","AKLEP1173-25[BOLD:AAA3748]","Arthropoda","Insecta","Diptera","Culicidae","Culicinae","Aedini","Aedes","Aedes abserratus","0","99.39"
"KGLTK0019_M_B","MSEMV002-15[BOLD:AAA3748]","Arthropoda","Insecta","Diptera","Culicidae","Culicinae","Aedini","Aedes","Aedes punctor","0","99.39"
"KGLTK0019_M_B","SIIP2929-24[BOLD:AAA3748]","Arthropoda","Insecta","Diptera","Culicidae","","","","","0","99.24"
"KGLTK0019_M_B","SIIP4181-24[BOLD:AAA3748]","Arthropoda","Insecta","Diptera","Culicidae","","","","","0","99.24"
"KGLTK0019_M_B","DTULO6754-24[BOLD:AAA3748]","Arthropoda","Insecta","Diptera","Culicidae","Culicinae","","","","0","99.24"
"KGLTK0019_M_B","JWDCF060-10[BOLD:AAA3748]","Arthropoda","Insecta","Diptera","Culicidae","Culicinae","Aedini","Aedes","","0","99.24"
"KGLTK0019_M_B","UAMIC873-13[BOLD:AAA3748]","Arthropoda","Insecta","Diptera","Culicidae","Culicinae","Aedini","Aedes","Aedes fitchii","0","99.24"
"KGLTK0019_M_B","DIFIA271-12[BOLD:AAA3748]","Arthropoda","Insecta","Diptera","Culicidae","Culicinae","Aedini","Aedes","Aedes hexodontus","0","99.24"
"KGLTK0019_M_B","GBMIN57817-17[BOLD:AAA3748]","Arthropoda","Insecta","Diptera","Culicidae","Culicinae","Aedini","Aedes","Aedes hexodontus","0","99.24"
"KGLTK0019_M_B","JWDCC474-10[BOLD:AAA3748]","Arthropoda","Insecta","Diptera","Culicidae","Culicinae","Aedini","Aedes","Aedes hexodontus","0","99.24"
"KGLTK0019_M_B","MOSN12467-24[BOLD:AAA3748]","Arthropoda","Insecta","Diptera","Culicidae","Culicinae","Aedini","Aedes","Aedes hexodontus","0","99.24"
"KGLTK0019_M_B","MOSN13494-26","Arthropoda","Insecta","Diptera","Culicidae","Culicinae","Aedini","Aedes","Aedes hexodontus","0","99.24"
"KGLTK0019_M_B","MOSN13522-26","Arthropoda","Insecta","Diptera","Culicidae","Culicinae","Aedini","Aedes","Aedes hexodontus","0","99.24"
"KGLTK0019_M_B","CULBE097-14[BOLD:AAA3748]","Arthropoda","Insecta","Diptera","Culicidae","Culicinae","Aedini","Aedes","Aedes punctor","0","99.24"
"KGLTK0019_M_B","CULBE104-14[BOLD:AAA3748]","Arthropoda","Insecta","Diptera","Culicidae","Culicinae","Aedini","Aedes","Aedes punctor","0","99.24"
"KGLTK0019_M_B","GBDP51899-19[BOLD:AAA3748]","Arthropoda","Insecta","Diptera","Culicidae","Culicinae","Aedini","Aedes","Aedes punctor","0","99.24"
"KGLTK0019_M_B","NEONU2138-13[BOLD:AAA3748]","Arthropoda","Insecta","Diptera","Culicidae","Culicinae","Aedini","Aedes","Aedes punctor","0","99.24"
"KGLTK0019_M_B","SIIP13437-24[BOLD:AAA3748]","Arthropoda","Insecta","Diptera","Culicidae","","","","","0","99.09"
"KGLTK0019_M_B","SIIP2381-24[BOLD:AAA3748]","Arthropoda","Insecta","Diptera","Culicidae","","","","","0","99.09"
"KGLTK0019_M_B","TDAOE3673-23[BOLD:AAA3748]","Arthropoda","Insecta","Diptera","Culicidae","Culicinae","","","","0","99.09"
"KGLTK0019_M_B","SAMOS023-09[BOLD:AAA3748]","Arthropoda","Insecta","Diptera","Culicidae","Culicinae","Aedini","Aedes","","0","99.09"
"KGLTK0019_M_B","TRDNE020-15[BOLD:AAA3748]","Arthropoda","Insecta","Diptera","Culicidae","Culicinae","Aedini","Aedes","","0","99.09"
"KGLTK0019_M_B","NBPSI059-11[BOLD:AAA3748]","Arthropoda","Insecta","Diptera","Culicidae","Culicinae","Aedini","Aedes","Aedes hexodontus","0","99.09"
"KGLTK0019_M_B","NEONU2147-13[BOLD:AAA3748]","Arthropoda","Insecta","Diptera","Culicidae","Culicinae","Aedini","Aedes","Aedes ventrovittis","0","99.09"
"KGLTK0019_M_C","JWDCC227-10[BOLD:AAB1098]","Arthropoda","Insecta","Diptera","Culicidae","Culicinae","Aedini","Aedes","Aedes excrucians","0","99.85"
"KGLTK0019_M_C","AEDNA892-12[BOLD:AAB1098]","Arthropoda","Insecta","Diptera","Culicidae","Culicinae","Aedini","Aedes","","0","99.70"
"KGLTK0019_M_C","AKLEP177-22[BOLD:AAB1098]","Arthropoda","Insecta","Diptera","Culicidae","Culicinae","Aedini","Aedes","Aedes excrucians","0","99.70"
"KGLTK0019_M_C","MHMOS030-07[BOLD:AAB1098]","Arthropoda","Insecta","Diptera","Culicidae","Culicinae","Aedini","Aedes","Aedes excrucians","0","99.70"
"KGLTK0019_M_C","MOSN9017-22[BOLD:AAB1098]","Arthropoda","Insecta","Diptera","Culicidae","Culicinae","Aedini","Aedes","Aedes fitchii","0","99.70"
"KGLTK0019_M_C","POROM156-19[BOLD:AAB1098]","Arthropoda","Insecta","Diptera","Culicidae","Culicinae","Aedini","Aedes","","0","99.54"
"KGLTK0019_M_C","JWDCA316-10[BOLD:AAB1098]","Arthropoda","Insecta","Diptera","Culicidae","Culicinae","Aedini","Aedes","Aedes excrucians","0","99.54"
"KGLTK0019_M_C","JWDCF848-10[BOLD:AAB1098]","Arthropoda","Insecta","Diptera","Culicidae","Culicinae","Aedini","Aedes","Aedes excrucians","0","99.54"
"KGLTK0019_M_C","JWDCF850-10[BOLD:AAB1098]","Arthropoda","Insecta","Diptera","Culicidae","Culicinae","Aedini","Aedes","Aedes excrucians","0","99.54"
"KGLTK0019_M_C","JWDCG893-10[BOLD:AAB1098]","Arthropoda","Insecta","Diptera","Culicidae","Culicinae","Aedini","Aedes","Aedes excrucians","0","99.54"
"KGLTK0019_M_C","JWDCI939-11[BOLD:AAB1098]","Arthropoda","Insecta","Diptera","Culicidae","Culicinae","Aedini","Aedes","Aedes excrucians","0","99.54"
"KGLTK0019_M_C","JWDCJ1042-11[BOLD:AAB1098]","Arthropoda","Insecta","Diptera","Culicidae","Culicinae","Aedini","Aedes","Aedes excrucians","0","99.54"
"KGLTK0019_M_C","JWDCL027-11[BOLD:AAB1098]","Arthropoda","Insecta","Diptera","Culicidae","Culicinae","Aedini","Aedes","Aedes excrucians","0","99.54"
"KGLTK0019_M_C","JWDCL295-11[BOLD:AAB1098]","Arthropoda","Insecta","Diptera","Culicidae","Culicinae","Aedini","Aedes","Aedes excrucians","0","99.54"
"KGLTK0019_M_C","MMADL064-09[BOLD:AAB1098]","Arthropoda","Insecta","Diptera","Culicidae","Culicinae","Aedini","Aedes","Aedes excrucians","0","99.54"
"KGLTK0019_M_C","MOSN11318-23[BOLD:AAB1098]","Arthropoda","Insecta","Diptera","Culicidae","Culicinae","Aedini","Aedes","Aedes excrucians","0","99.54"
"KGLTK0019_M_C","MOSN11457-23[BOLD:AAB1098]","Arthropoda","Insecta","Diptera","Culicidae","Culicinae","Aedini","Aedes","Aedes excrucians","0","99.54"
"KGLTK0019_M_C","MOSN12495-24[BOLD:AAB1098]","Arthropoda","Insecta","Diptera","Culicidae","Culicinae","Aedini","Aedes","Aedes excrucians","0","99.54"
"KGLTK0019_M_C","MOSN1928-18[BOLD:AAB1098]","Arthropoda","Insecta","Diptera","Culicidae","Culicinae","Aedini","Aedes","Aedes excrucians","0","99.54"
"KGLTK0019_M_C","MOSN7768-21[BOLD:AAB1098]","Arthropoda","Insecta","Diptera","Culicidae","Culicinae","Aedini","Aedes","Aedes excrucians","0","99.54"
"KGLTK0019_M_C","NBPSI055-11[BOLD:AAB1098]","Arthropoda","Insecta","Diptera","Culicidae","Culicinae","Aedini","Aedes","Aedes excrucians","0","99.54"
"KGLTK0019_M_C","ONTA073-23[BOLD:AAB1098]","Arthropoda","Insecta","Diptera","Culicidae","Culicinae","Aedini","Aedes","Aedes excrucians","0","99.54"
"KGLTK0019_M_C","SAMOS010-09[BOLD:AAB1098]","Arthropoda","Insecta","Diptera","Culicidae","Culicinae","Aedini","Aedes","Aedes excrucians","0","99.54"
"KGLTK0019_M_C","SAMOS013-09[BOLD:AAB1098]","Arthropoda","Insecta","Diptera","Culicidae","Culicinae","Aedini","Aedes","Aedes excrucians","0","99.54"
"KGLTK0019_M_C","MOSN1759-18[BOLD:AAB1098]","Arthropoda","Insecta","Diptera","Culicidae","Culicinae","Aedini","Aedes","Aedes fitchii","0","99.54"
"KGLTK0019_M_D","AEDNA888-12[BOLD:AAB1098]","Arthropoda","Insecta","Diptera","Culicidae","Culicinae","Aedini","Aedes","","0","100.00"
"KGLTK0019_M_D","AMCAF063-19[BOLD:AAB1098]","Arthropoda","Insecta","Diptera","Culicidae","Culicinae","Aedini","Aedes","","0","100.00"
"KGLTK0019_M_D","AMCAF077-19[BOLD:AAB1098]","Arthropoda","Insecta","Diptera","Culicidae","Culicinae","Aedini","Aedes","","0","100.00"
"KGLTK0019_M_D","GMOLF012-19[BOLD:AAB1098]","Arthropoda","Insecta","Diptera","Culicidae","Culicinae","Aedini","Aedes","","0","100.00"
"KGLTK0019_M_D","GMOQJ034-19[BOLD:AAB1098]","Arthropoda","Insecta","Diptera","Culicidae","Culicinae","Aedini","Aedes","","0","100.00"
"KGLTK0019_M_D","AKLEP190-22[BOLD:AAB1098]","Arthropoda","Insecta","Diptera","Culicidae","Culicinae","Aedini","Aedes","Aedes excrucians","0","100.00"
"KGLTK0019_M_D","MHMOS040-07[BOLD:AAB1098]","Arthropoda","Insecta","Diptera","Culicidae","Culicinae","Aedini","Aedes","Aedes excrucians","0","100.00"
"KGLTK0019_M_D","ABOTH10587-23[BOLD:AAB1098]","Arthropoda","Insecta","Diptera","Culicidae","Culicinae","Aedini","Aedes","","0","99.85"
"KGLTK0019_M_D","POHL203-23[BOLD:AAB1098]","Arthropoda","Insecta","Diptera","Culicidae","Culicinae","Aedini","Aedes","","0","99.85"
"KGLTK0019_M_D","JWDCF381-10[BOLD:AAB1098]","Arthropoda","Insecta","Diptera","Culicidae","Culicinae","Aedini","Aedes","Aedes excrucians","0","99.85"
"KGLTK0019_M_D","JWDCF886-10[BOLD:AAB1098]","Arthropoda","Insecta","Diptera","Culicidae","Culicinae","Aedini","Aedes","Aedes excrucians","0","99.85"
"KGLTK0019_M_D","JWDCL175-11[BOLD:AAB1098]","Arthropoda","Insecta","Diptera","Culicidae","Culicinae","Aedini","Aedes","Aedes excrucians","0","99.85"
"KGLTK0019_M_D","MOSN11318-23[BOLD:AAB1098]","Arthropoda","Insecta","Diptera","Culicidae","Culicinae","Aedini","Aedes","Aedes excrucians","0","99.85"
"KGLTK0019_M_D","MOSN11467-23[BOLD:AAB1098]","Arthropoda","Insecta","Diptera","Culicidae","Culicinae","Aedini","Aedes","Aedes excrucians","0","99.85"
"KGLTK0019_M_D","MOSN12498-24[BOLD:AAB1098]","Arthropoda","Insecta","Diptera","Culicidae","Culicinae","Aedini","Aedes","Aedes excrucians","0","99.85"
"KGLTK0019_M_D","MOSN1975-18[BOLD:AAB1098]","Arthropoda","Insecta","Diptera","Culicidae","Culicinae","Aedini","Aedes","Aedes excrucians","0","99.85"
"KGLTK0019_M_D","MOSN7643-21[BOLD:AAB1098]","Arthropoda","Insecta","Diptera","Culicidae","Culicinae","Aedini","Aedes","Aedes excrucians","0","99.85"
"KGLTK0019_M_D","MOSN7669-21[BOLD:AAB1098]","Arthropoda","Insecta","Diptera","Culicidae","Culicinae","Aedini","Aedes","Aedes excrucians","0","99.85"
"KGLTK0019_M_D","AKLEP1290-26","Arthropoda","Insecta","Diptera","Culicidae","","","","","0","99.70"
"KGLTK0019_M_D","AEDNA892-12[BOLD:AAB1098]","Arthropoda","Insecta","Diptera","Culicidae","Culicinae","Aedini","Aedes","","0","99.70"
"KGLTK0019_M_D","BBDCP552-10[BOLD:AAB1098]","Arthropoda","Insecta","Diptera","Culicidae","Culicinae","Aedini","Aedes","","0","99.70"
"KGLTK0019_M_D","AKLEP177-22[BOLD:AAB1098]","Arthropoda","Insecta","Diptera","Culicidae","Culicinae","Aedini","Aedes","Aedes excrucians","0","99.70"
"KGLTK0019_M_D","MOSN2002-18[BOLD:AAB1098]","Arthropoda","Insecta","Diptera","Culicidae","Culicinae","Aedini","Aedes","Aedes excrucians","0","99.70"
"KGLTK0019_M_D","MOSN9017-22[BOLD:AAB1098]","Arthropoda","Insecta","Diptera","Culicidae","Culicinae","Aedini","Aedes","Aedes fitchii","0","99.70"
"KGLTK0019_M_D","MOSN1928-18[BOLD:AAB1098]","Arthropoda","Insecta","Diptera","Culicidae","Culicinae","Aedini","Aedes","Aedes excrucians","0","99.54"
"KGLTK0037_M_B","MCHAA951-19[BOLD:AAA3748]","Arthropoda","Insecta","Diptera","Culicidae","Culicinae","Aedini","Aedes","","0","99.85"
"KGLTK0037_M_B","MOSN13032-25[BOLD:AAA3748]","Arthropoda","Insecta","Diptera","Culicidae","Culicinae","Aedini","Aedes","Aedes hexodontus","0","99.85"
"KGLTK0037_M_B","MOSN3737-19[BOLD:AAA3748]","Arthropoda","Insecta","Diptera","Culicidae","Culicinae","Aedini","Aedes","Aedes nigripes","0","99.85"
"KGLTK0037_M_B","UAMIC871-13[BOLD:AAA3748]","Arthropoda","Insecta","Diptera","Culicidae","Culicinae","Aedini","Aedes","Aedes nigripes","0","99.85"
"KGLTK0037_M_B","MOSN11532-23[BOLD:AAA3748]","Arthropoda","Insecta","Diptera","Culicidae","Culicinae","Aedini","Aedes","Aedes punctor","0","99.85"
"KGLTK0037_M_B","MOSN7761-21[BOLD:AAA3748]","Arthropoda","Insecta","Diptera","Culicidae","Culicinae","Aedini","Aedes","Aedes punctor","0","99.85"
"KGLTK0037_M_B","AKLEP1307-26","Arthropoda","Insecta","Diptera","Culicidae","","","","","0","99.70"
"KGLTK0037_M_B","AEDNA864-12[BOLD:AAA3748]","Arthropoda","Insecta","Diptera","Culicidae","Culicinae","Aedini","Aedes","","0","99.70"
"KGLTK0037_M_B","MCHAD1270-19[BOLD:AAA3748]","Arthropoda","Insecta","Diptera","Culicidae","Culicinae","Aedini","Aedes","","0","99.70"
"KGLTK0037_M_B","AKLEP1108-25[BOLD:AAA3748]","Arthropoda","Insecta","Diptera","Culicidae","Culicinae","Aedini","Aedes","Aedes abserratus","0","99.70"
"KGLTK0037_M_B","AMMC077-07[BOLD:AAA3748]","Arthropoda","Insecta","Diptera","Culicidae","Culicinae","Aedini","Aedes","Aedes abserratus","0","99.70"
"KGLTK0037_M_B","GBDP51845-19[BOLD:AAA3748]","Arthropoda","Insecta","Diptera","Culicidae","Culicinae","Aedini","Aedes","Aedes abserratus","0","99.70"
"KGLTK0037_M_B","MOSN10225-23[BOLD:AAA3748]","Arthropoda","Insecta","Diptera","Culicidae","Culicinae","Aedini","Aedes","Aedes communis","0","99.70"
"KGLTK0037_M_B","NEONU2141-13[BOLD:AAA3748]","Arthropoda","Insecta","Diptera","Culicidae","Culicinae","Aedini","Aedes","Aedes decticus","0","99.70"
"KGLTK0037_M_B","MOSN4584-20[BOLD:AAA3748]","Arthropoda","Insecta","Diptera","Culicidae","Culicinae","Aedini","Aedes","Aedes diantaeus","0","99.70"
"KGLTK0037_M_B","MOSN1993-18[BOLD:AAA3748]","Arthropoda","Insecta","Diptera","Culicidae","Culicinae","Aedini","Aedes","Aedes hexodontus","0","99.70"
"KGLTK0037_M_B","NEONU2139-13[BOLD:AAA3748]","Arthropoda","Insecta","Diptera","Culicidae","Culicinae","Aedini","Aedes","Aedes intrudens","0","99.70"
"KGLTK0037_M_B","MOSN12999-25[BOLD:AAA3748]","Arthropoda","Insecta","Diptera","Culicidae","Culicinae","Aedini","Aedes","Aedes nigripes","0","99.70"
"KGLTK0037_M_B","JSDIQ006-10[BOLD:AAA3748]","Arthropoda","Insecta","Diptera","Culicidae","Culicinae","Aedini","Aedes","Aedes pionips","0","99.70"
"KGLTK0037_M_B","NBPSI074-11[BOLD:AAA3748]","Arthropoda","Insecta","Diptera","Culicidae","Culicinae","Aedini","Aedes","Aedes pionips","0","99.70"
"KGLTK0037_M_B","GBMND38915-21[BOLD:AAA3748]","Arthropoda","Insecta","Diptera","Culicidae","Culicinae","Aedini","Aedes","Aedes punctor","0","99.70"
"KGLTK0037_M_B","MOSN10253-23[BOLD:AAA3748]","Arthropoda","Insecta","Diptera","Culicidae","Culicinae","Aedini","Aedes","Aedes punctor","0","99.70"
"KGLTK0037_M_B","MOSN3865-19[BOLD:AAA3748]","Arthropoda","Insecta","Diptera","Culicidae","Culicinae","Aedini","Aedes","Aedes punctor","0","99.70"
"KGLTK0037_M_B","NBPSI075-11[BOLD:AAA3748]","Arthropoda","Insecta","Diptera","Culicidae","Culicinae","Aedini","Aedes","Aedes sp.","0","99.70"
"KGLTK0037_M_B","NEONU2137-13[BOLD:AAA3748]","Arthropoda","Insecta","Diptera","Culicidae","Culicinae","Aedini","Aedes","Aedes ventrovittis","0","99.54"
"KGLTK0056_M_A","NBPSI018-11[BOLD:AAA3750]","Arthropoda","Insecta","Diptera","Culicidae","Culicinae","Aedini","Aedes","Aedes impiger","0","99.85"
"KGLTK0056_M_A","FCHAR8659-19[BOLD:AAA3750]","Arthropoda","Insecta","Diptera","Culicidae","Culicinae","Aedini","Aedes","","0","99.70"
"KGLTK0056_M_A","FCHAR8833-19[BOLD:AAA3750]","Arthropoda","Insecta","Diptera","Culicidae","Culicinae","Aedini","Aedes","","0","99.70"
"KGLTK0056_M_A","GJOA2164-21[BOLD:AAA3750]","Arthropoda","Insecta","Diptera","Culicidae","Culicinae","Aedini","Aedes","","0","99.70"
"KGLTK0056_M_A","MCHAA1549-19[BOLD:AAA3750]","Arthropoda","Insecta","Diptera","Culicidae","Culicinae","Aedini","Aedes","","0","99.70"
"KGLTK0056_M_A","MCHAA166-19[BOLD:AAA3750]","Arthropoda","Insecta","Diptera","Culicidae","Culicinae","Aedini","Aedes","","0","99.70"
"KGLTK0056_M_A","MCHAC2000-19[BOLD:AAA3750]","Arthropoda","Insecta","Diptera","Culicidae","Culicinae","Aedini","Aedes","","0","99.70"
"KGLTK0056_M_A","MCHAC924-19[BOLD:AAA3750]","Arthropoda","Insecta","Diptera","Culicidae","Culicinae","Aedini","Aedes","","0","99.70"
"KGLTK0056_M_A","NBPSI006-11[BOLD:AAA3750]","Arthropoda","Insecta","Diptera","Culicidae","Culicinae","Aedini","Aedes","Aedes impiger","0","99.70"
"KGLTK0056_M_A","BCHAR1418-18[BOLD:AAA3750]","Arthropoda","Insecta","Diptera","Culicidae","Culicinae","Aedini","Aedes","","0","99.69"
"KGLTK0056_M_A","BCHAR203-18[BOLD:AAA3750]","Arthropoda","Insecta","Diptera","Culicidae","Culicinae","Aedini","Aedes","","0","99.69"
"KGLTK0056_M_A","BCHAR590-18[BOLD:AAA3750]","Arthropoda","Insecta","Diptera","Culicidae","Culicinae","Aedini","Aedes","","0","99.69"
"KGLTK0056_M_A","BCHAR630-18[BOLD:AAA3750]","Arthropoda","Insecta","Diptera","Culicidae","Culicinae","Aedini","Aedes","","0","99.69"
"KGLTK0056_M_A","MCHAA154-19[BOLD:AAA3750]","Arthropoda","Insecta","Diptera","Culicidae","Culicinae","Aedini","Aedes","","0","99.69"
"KGLTK0056_M_A","MCHAC1382-19[BOLD:AAA3750]","Arthropoda","Insecta","Diptera","Culicidae","Culicinae","Aedini","Aedes","","0","99.69"
"KGLTK0056_M_A","POLCO3443-20[BOLD:AAA3750]","Arthropoda","Insecta","Diptera","Culicidae","Culicinae","Aedini","Aedes","","0","99.69"
"KGLTK0056_M_A","POLCO4405-20[BOLD:AAA3750]","Arthropoda","Insecta","Diptera","Culicidae","Culicinae","Aedini","Aedes","","0","99.69"
"KGLTK0056_M_A","DARC257-11[BOLD:AAA3750]","Arthropoda","Insecta","Diptera","Culicidae","Culicinae","Aedini","Aedes","","0","99.54"
"KGLTK0056_M_A","FCHAR6191-19[BOLD:AAA3750]","Arthropoda","Insecta","Diptera","Culicidae","Culicinae","Aedini","Aedes","","0","99.54"
"KGLTK0056_M_A","MCHAB1422-19[BOLD:AAA3750]","Arthropoda","Insecta","Diptera","Culicidae","Culicinae","Aedini","Aedes","","0","99.54"
"KGLTK0056_M_A","MCHAC943-19[BOLD:AAA3750]","Arthropoda","Insecta","Diptera","Culicidae","Culicinae","Aedini","Aedes","","0","99.54"
"KGLTK0056_M_A","MOSN12513-24[BOLD:AAA3750]","Arthropoda","Insecta","Diptera","Culicidae","Culicinae","Aedini","Aedes","Aedes impiger","0","99.54"
"KGLTK0056_M_A","MOSN12488-24[BOLD:AAA3750]","Arthropoda","Insecta","Diptera","Culicidae","Culicinae","Aedini","Aedes","Aedes implicatus","0","99.54"
"KGLTK0056_M_A","MOSN12473-24[BOLD:AAA3750]","Arthropoda","Insecta","Diptera","Culicidae","Culicinae","Aedini","Aedes","Aedes nigripes","0","99.54"
"KGLTK0056_M_A","MOSN3743-19[BOLD:AAA3750]","Arthropoda","Insecta","Diptera","Culicidae","Culicinae","Aedini","Aedes","Aedes impiger","0","99.39"
"KGLTK0056_M_D","AMMC065-07[BOLD:AAA3748]","Arthropoda","Insecta","Diptera","Culicidae","Culicinae","Aedini","Aedes","","0","97.56"
"KGLTK0056_M_D","JWDCC777-10[BOLD:AAA3748]","Arthropoda","Insecta","Diptera","Culicidae","Culicinae","Aedini","Aedes","","0","97.56"
"KGLTK0056_M_D","JWDCH738-10[BOLD:AAA3748]","Arthropoda","Insecta","Diptera","Culicidae","Culicinae","Aedini","Aedes","","0","97.56"
"KGLTK0056_M_D","JWDCJ1520-11[BOLD:AAA3748]","Arthropoda","Insecta","Diptera","Culicidae","Culicinae","Aedini","Aedes","","0","97.56"
"KGLTK0056_M_D","MHMOS037-07[BOLD:AAA3748]","Arthropoda","Insecta","Diptera","Culicidae","Culicinae","Aedini","Aedes","","0","97.56"
"KGLTK0056_M_D","TRDNE020-15[BOLD:AAA3748]","Arthropoda","Insecta","Diptera","Culicidae","Culicinae","Aedini","Aedes","","0","97.56"
"KGLTK0056_M_D","AKLEP1173-25[BOLD:AAA3748]","Arthropoda","Insecta","Diptera","Culicidae","Culicinae","Aedini","Aedes","Aedes abserratus","0","97.56"
"KGLTK0056_M_D","CROCU013-20[BOLD:AAA3748]","Arthropoda","Insecta","Diptera","Culicidae","Culicinae","Aedini","Aedes","Aedes punctor","0","97.56"
"KGLTK0056_M_D","MSEMV002-15[BOLD:AAA3748]","Arthropoda","Insecta","Diptera","Culicidae","Culicinae","Aedini","Aedes","Aedes punctor","0","97.56"
"KGLTK0056_M_D","SIIP2929-24[BOLD:AAA3748]","Arthropoda","Insecta","Diptera","Culicidae","","","","","0","97.41"
"KGLTK0056_M_D","SIIP4181-24[BOLD:AAA3748]","Arthropoda","Insecta","Diptera","Culicidae","","","","","0","97.41"
"KGLTK0056_M_D","SAMOS019-09[BOLD:AAA3748]","Arthropoda","Insecta","Diptera","Culicidae","Culicinae","Aedini","Aedes","","0","97.41"
"KGLTK0056_M_D","UAMIC873-13[BOLD:AAA3748]","Arthropoda","Insecta","Diptera","Culicidae","Culicinae","Aedini","Aedes","Aedes fitchii","0","97.41"
"KGLTK0056_M_D","MOSN13054-25[BOLD:AAA3748]","Arthropoda","Insecta","Diptera","Culicidae","Culicinae","Aedini","Aedes","Aedes hexodontus","0","97.41"
"KGLTK0056_M_D","MOSN13522-26","Arthropoda","Insecta","Diptera","Culicidae","Culicinae","Aedini","Aedes","Aedes hexodontus","0","97.41"
"KGLTK0056_M_D","NBPSI017-11[BOLD:AAA3748]","Arthropoda","Insecta","Diptera","Culicidae","Culicinae","Aedini","Aedes","Aedes hexodontus","0","97.41"
"KGLTK0056_M_D","NBPSI059-11[BOLD:AAA3748]","Arthropoda","Insecta","Diptera","Culicidae","Culicinae","Aedini","Aedes","Aedes hexodontus","0","97.41"
"KGLTK0056_M_D","NEONT227-10[BOLD:AAA3748]","Arthropoda","Insecta","Diptera","Culicidae","Culicinae","Aedini","Aedes","Aedes hexodontus","0","97.41"
"KGLTK0056_M_D","NEONW187-11[BOLD:AAA3748]","Arthropoda","Insecta","Diptera","Culicidae","Culicinae","Aedini","Aedes","Aedes hexodontus","0","97.41"
"KGLTK0056_M_D","NEONW194-11[BOLD:AAA3748]","Arthropoda","Insecta","Diptera","Culicidae","Culicinae","Aedini","Aedes","Aedes hexodontus","0","97.41"
"KGLTK0056_M_D","MOSN1731-18[BOLD:AAA3748]","Arthropoda","Insecta","Diptera","Culicidae","Culicinae","Aedini","Aedes","Aedes punctor","0","97.41"
"KGLTK0056_M_D","NEONU2138-13[BOLD:AAA3748]","Arthropoda","Insecta","Diptera","Culicidae","Culicinae","Aedini","Aedes","Aedes punctor","0","97.41"
"KGLTK0056_M_D","NBPSI084-11[BOLD:AAA3748]","Arthropoda","Insecta","Diptera","Culicidae","Culicinae","Aedini","Aedes","Aedes sp.","0","97.41"
"KGLTK0056_M_D","NEONU2143-13[BOLD:AAA3748]","Arthropoda","Insecta","Diptera","Culicidae","Culicinae","Aedini","Aedes","Aedes ventrovittis","0","97.41"
"KGLTK0056_M_D","NEONU2147-13[BOLD:AAA3748]","Arthropoda","Insecta","Diptera","Culicidae","Culicinae","Aedini","Aedes","Aedes ventrovittis","0","97.41"
"KGLTK0060_M_A","AMCAU084-21[BOLD:AAA3751]","Arthropoda","Insecta","Diptera","Culicidae","Culicinae","Aedini","Aedes","","0","100.00"
"KGLTK0060_M_A","FCHAR3659-19[BOLD:AAA3751]","Arthropoda","Insecta","Diptera","Culicidae","Culicinae","Aedini","Aedes","","0","100.00"
"KGLTK0060_M_A","MOSN120-18[BOLD:AAA3751]","Arthropoda","Insecta","Diptera","Culicidae","Culicinae","Aedini","Aedes","Aedes communis","0","100.00"
"KGLTK0060_M_A","MHMOS032-07[BOLD:AAA3751]","Arthropoda","Insecta","Diptera","Culicidae","Culicinae","Aedini","Aedes","Aedes communis complex","0","100.00"
"KGLTK0060_M_A","GBDP13151-13[BOLD:AAA3751]","Arthropoda","Insecta","Diptera","Culicidae","Culicinae","Aedini","Aedes","Aedes churchillensis","0","99.85"
"KGLTK0060_M_A","GBDP51873-19[BOLD:AAA3751]","Arthropoda","Insecta","Diptera","Culicidae","Culicinae","Aedini","Aedes","Aedes churchillensis","0","99.70"
"KGLTK0060_M_A","OPPUC099-17[BOLD:AAA3751]","Arthropoda","Insecta","Diptera","Culicidae","Culicinae","Aedini","Aedes","","0","99.54"
"KGLTK0060_M_A","GBDP13149-13[BOLD:AAA3751]","Arthropoda","Insecta","Diptera","Culicidae","Culicinae","Aedini","Aedes","Aedes churchillensis","0","99.54"
"KGLTK0060_M_A","MOSN7807-22[BOLD:AAA3751]","Arthropoda","Insecta","Diptera","Culicidae","Culicinae","Aedini","Aedes","Aedes communis","0","99.54"
"KGLTK0060_M_A","MOSN9232-22[BOLD:AAA3751]","Arthropoda","Insecta","Diptera","Culicidae","Culicinae","Aedini","Aedes","Aedes communis","0","99.54"
"KGLTK0060_M_A","OPPQA329-17[BOLD:AAA3751]","Arthropoda","Insecta","Diptera","Culicidae","Culicinae","Aedini","Aedes","","0","99.39"
"KGLTK0060_M_A","GBDP13153-13[BOLD:AAA3751]","Arthropoda","Insecta","Diptera","Culicidae","Culicinae","Aedini","Aedes","Aedes churchillensis","0","99.39"
"KGLTK0060_M_A","MOSN115-18[BOLD:AAA3751]","Arthropoda","Insecta","Diptera","Culicidae","Culicinae","Aedini","Aedes","Aedes communis","0","99.39"
"KGLTK0060_M_A","MOSN12250-24[BOLD:AAA3751]","Arthropoda","Insecta","Diptera","Culicidae","Culicinae","Aedini","Aedes","Aedes communis","0","99.39"
"KGLTK0060_M_A","MOSN13088-25[BOLD:AAA3751]","Arthropoda","Insecta","Diptera","Culicidae","Culicinae","Aedini","Aedes","Aedes communis","0","99.39"
"KGLTK0060_M_A","MOSN1912-18[BOLD:AAA3751]","Arthropoda","Insecta","Diptera","Culicidae","Culicinae","Aedini","Aedes","Aedes communis","0","99.39"
"KGLTK0060_M_A","JWDCI262-10[BOLD:AAA3751]","Arthropoda","Insecta","Diptera","Culicidae","Culicinae","Aedini","Aedes","Aedes communis complex","0","99.39"
"KGLTK0060_M_A","ASDIP807-15[BOLD:AAA3751]","Arthropoda","Insecta","Diptera","Culicidae","Culicinae","Aedini","Aedes","Aedes churchillensis","0","99.24"
"KGLTK0060_M_A","GBDP13148-13[BOLD:AAA3751]","Arthropoda","Insecta","Diptera","Culicidae","Culicinae","Aedini","Aedes","Aedes churchillensis","0","99.24"
"KGLTK0060_M_A","MOSN11382-23[BOLD:AAA3751]","Arthropoda","Insecta","Diptera","Culicidae","Culicinae","Aedini","Aedes","Aedes communis","0","99.24"
"KGLTK0060_M_A","MOSN2032-19[BOLD:AAA3751]","Arthropoda","Insecta","Diptera","Culicidae","Culicinae","Aedini","Aedes","Aedes communis","0","99.24"
"KGLTK0060_M_A","JWDCE418-10[BOLD:AAA3751]","Arthropoda","Insecta","Diptera","Culicidae","Culicinae","Aedini","Aedes","Aedes communis complex","0","99.24"
"KGLTK0060_M_A","JWDCE432-10[BOLD:AAA3751]","Arthropoda","Insecta","Diptera","Culicidae","Culicinae","Aedini","Aedes","Aedes communis complex","0","99.24"
"KGLTK0060_M_A","SAMOS061-09[BOLD:AAA3751]","Arthropoda","Insecta","Diptera","Culicidae","Culicinae","Aedini","Aedes","Aedes communis complex","0","99.24"
"KGLTK0060_M_A","ASDIP803-15[BOLD:AAA3751]","Arthropoda","Insecta","Diptera","Culicidae","Culicinae","Aedini","Aedes","Aedes communis complex","0","99.09"
"KGLTK0062_M_C","MCHAB1071-19[BOLD:AAA3750]","Arthropoda","Insecta","Diptera","Culicidae","Culicinae","Aedini","Aedes","","0","98.02"
"KGLTK0062_M_C","MCHAE615-19[BOLD:AAA3750]","Arthropoda","Insecta","Diptera","Culicidae","Culicinae","Aedini","Aedes","","0","98.02"
"KGLTK0062_M_C","JWDCF104-10[BOLD:AAA3750]","Arthropoda","Insecta","Diptera","Culicidae","Culicinae","Aedini","Aedes","Aedes nigripes","0","98.02"
"KGLTK0062_M_C","BCHAR793-18[BOLD:AAA3750]","Arthropoda","Insecta","Diptera","Culicidae","Culicinae","Aedini","Aedes","","0","98.01"
"KGLTK0062_M_C","DCHAR989-19[BOLD:AAA3750]","Arthropoda","Insecta","Diptera","Culicidae","Culicinae","Aedini","Aedes","","0","98.01"
"KGLTK0062_M_C","ABWYT31267-24[BOLD:AAA3750]","Arthropoda","Insecta","Diptera","Culicidae","Culicinae","Aedini","Aedes","","0","97.87"
"KGLTK0062_M_C","GBMNE29326-21[BOLD:AAA3750]","Arthropoda","Insecta","Diptera","Culicidae","Culicinae","Aedini","Aedes","","0","97.87"
"KGLTK0062_M_C","MCHAA218-19[BOLD:AAA3750]","Arthropoda","Insecta","Diptera","Culicidae","Culicinae","Aedini","Aedes","","0","97.87"
"KGLTK0062_M_C","MOSN12986-25[BOLD:AAA3750]","Arthropoda","Insecta","Diptera","Culicidae","Culicinae","Aedini","Aedes","Aedes cataphylla","0","97.87"
"KGLTK0062_M_C","MOSN13601-26","Arthropoda","Insecta","Diptera","Culicidae","Culicinae","Aedini","Aedes","Aedes implicatus","0","97.87"
"KGLTK0062_M_C","JWDCE171-10[BOLD:AAA3750]","Arthropoda","Insecta","Diptera","Culicidae","Culicinae","Aedini","Aedes","Aedes nigripes","0","97.87"
"KGLTK0062_M_C","MOSN12470-24[BOLD:AAA3750]","Arthropoda","Insecta","Diptera","Culicidae","Culicinae","Aedini","Aedes","Aedes nigripes","0","97.87"
"KGLTK0062_M_C","MCHAB164-19[BOLD:AAA3750]","Arthropoda","Insecta","Diptera","Culicidae","Culicinae","Aedini","Aedes","","0","97.86"
"KGLTK0062_M_C","AEDNA900-12[BOLD:AAA3750]","Arthropoda","Insecta","Diptera","Culicidae","Culicinae","Aedini","Aedes","","0","97.72"
"KGLTK0062_M_C","MCHAB016-19[BOLD:AAA3750]","Arthropoda","Insecta","Diptera","Culicidae","Culicinae","Aedini","Aedes","","0","97.72"
"KGLTK0062_M_C","SAPIT130-08[BOLD:AAA3750]","Arthropoda","Insecta","Diptera","Culicidae","Culicinae","Aedini","Aedes","","0","97.72"
"KGLTK0062_M_C","NBPSI006-11[BOLD:AAA3750]","Arthropoda","Insecta","Diptera","Culicidae","Culicinae","Aedini","Aedes","Aedes impiger","0","97.72"
"KGLTK0062_M_C","ZERO025-11[BOLD:AAA3750]","Arthropoda","Insecta","Diptera","Culicidae","Culicinae","Aedini","Aedes","Aedes impiger","0","97.72"
"KGLTK0062_M_C","MOSN13501-26","Arthropoda","Insecta","Diptera","Culicidae","Culicinae","Aedini","Aedes","Aedes nigripes","0","97.72"
"KGLTK0062_M_C","NBPSI024-11[BOLD:AAA3750]","Arthropoda","Insecta","Diptera","Culicidae","Culicinae","Aedini","Aedes","Aedes nigripes","0","97.72"
"KGLTK0062_M_C","NBPSI080-11[BOLD:AAA3750]","Arthropoda","Insecta","Diptera","Culicidae","Culicinae","Aedini","Aedes","Aedes nigripes","0","97.72"
"KGLTK0062_M_C","NBPSI081-11[BOLD:AAA3750]","Arthropoda","Insecta","Diptera","Culicidae","Culicinae","Aedini","Aedes","Aedes nigripes","0","97.72"
"KGLTK0062_M_C","NBPSI082-11[BOLD:AAA3750]","Arthropoda","Insecta","Diptera","Culicidae","Culicinae","Aedini","Aedes","Aedes nigripes","0","97.72"
"KGLTK0062_M_C","SAMOS020-09[BOLD:AAA3750]","Arthropoda","Insecta","Diptera","Culicidae","Culicinae","Aedini","Aedes","Aedes nigripes","0","97.72"
"KGLTK0062_M_C","ZERO032-11[BOLD:AAA3750]","Arthropoda","Insecta","Diptera","Culicidae","Culicinae","Aedini","Aedes","Aedes nigripes","0","97.72"
"KGLTK0098_M_C","MOSN13124-25[BOLD:AAA3748]","Arthropoda","Insecta","Diptera","Culicidae","Culicinae","Aedini","Aedes","Aedes cinereus","0","96.04"
"KGLTK0098_M_C","GBDCU1136-14[BOLD:AAA3748]","Arthropoda","Insecta","Diptera","Culicidae","Culicinae","Aedini","Aedes","Aedes abserratus","0","96.02"
"KGLTK0098_M_C","GBDCU1106-14[BOLD:AAA3748]","Arthropoda","Insecta","Diptera","Culicidae","Culicinae","Aedini","Aedes","Aedes punctor","0","96.02"
"KGLTK0098_M_C","JWDCC137-10[BOLD:AAA3748]","Arthropoda","Insecta","Diptera","Culicidae","Culicinae","Aedini","Aedes","","0","95.89"
"KGLTK0098_M_C","JWDCF060-10[BOLD:AAA3748]","Arthropoda","Insecta","Diptera","Culicidae","Culicinae","Aedini","Aedes","","0","95.89"
"KGLTK0098_M_C","MOSN12981-25[BOLD:AAA3748]","Arthropoda","Insecta","Diptera","Culicidae","Culicinae","Aedini","Aedes","","0","95.89"
"KGLTK0098_M_C","SAMOS059-09[BOLD:AAA3748]","Arthropoda","Insecta","Diptera","Culicidae","Culicinae","Aedini","Aedes","","0","95.89"
"KGLTK0098_M_C","AKLEP1216-25[BOLD:AAA3748]","Arthropoda","Insecta","Diptera","Culicidae","Culicinae","Aedini","Aedes","Aedes abserratus","0","95.89"
"KGLTK0098_M_C","JWDCC054-10[BOLD:AAA3748]","Arthropoda","Insecta","Diptera","Culicidae","Culicinae","Aedini","Aedes","Aedes abserratus","0","95.89"
"KGLTK0098_M_C","JWDCG308-10[BOLD:AAA3748]","Arthropoda","Insecta","Diptera","Culicidae","Culicinae","Aedini","Aedes","Aedes abserratus","0","95.89"
"KGLTK0098_M_C","JWDCG511-10[BOLD:AAA3748]","Arthropoda","Insecta","Diptera","Culicidae","Culicinae","Aedini","Aedes","Aedes abserratus","0","95.89"
"KGLTK0098_M_C","JWDCC433-10[BOLD:AAA3748]","Arthropoda","Insecta","Diptera","Culicidae","Culicinae","Aedini","Aedes","Aedes hexodontus","0","95.89"
"KGLTK0098_M_C","JWDCC445-10[BOLD:AAA3748]","Arthropoda","Insecta","Diptera","Culicidae","Culicinae","Aedini","Aedes","Aedes hexodontus","0","95.89"
"KGLTK0098_M_C","JWDCD096-10[BOLD:AAA3748]","Arthropoda","Insecta","Diptera","Culicidae","Culicinae","Aedini","Aedes","Aedes hexodontus","0","95.89"
"KGLTK0098_M_C","JWDCI383-10[BOLD:AAA3748]","Arthropoda","Insecta","Diptera","Culicidae","Culicinae","Aedini","Aedes","Aedes hexodontus","0","95.89"
"KGLTK0098_M_C","MOSN11311-23[BOLD:AAA3748]","Arthropoda","Insecta","Diptera","Culicidae","Culicinae","Aedini","Aedes","Aedes hexodontus","0","95.89"
"KGLTK0098_M_C","MOSN13498-26","Arthropoda","Insecta","Diptera","Culicidae","Culicinae","Aedini","Aedes","Aedes hexodontus","0","95.89"
"KGLTK0098_M_C","MOSN7522-21[BOLD:AAA3748]","Arthropoda","Insecta","Diptera","Culicidae","Culicinae","Aedini","Aedes","Aedes hexodontus","0","95.89"
"KGLTK0098_M_C","GBDP51899-19[BOLD:AAA3748]","Arthropoda","Insecta","Diptera","Culicidae","Culicinae","Aedini","Aedes","Aedes punctor","0","95.89"
"KGLTK0098_M_C","MOSN11449-23[BOLD:AAA3748]","Arthropoda","Insecta","Diptera","Culicidae","Culicinae","Aedini","Aedes","Aedes punctor","0","95.89"
"KGLTK0098_M_C","MOSN13586-26","Arthropoda","Insecta","Diptera","Culicidae","Culicinae","Aedini","Aedes","Aedes punctor","0","95.89"
"KGLTK0098_M_C","MOSN727-18[BOLD:AAA3748]","Arthropoda","Insecta","Diptera","Culicidae","Culicinae","Aedini","Aedes","Aedes punctor","0","95.89"
"KGLTK0098_M_C","NEONU2133-13[BOLD:AAA3748]","Arthropoda","Insecta","Diptera","Culicidae","Culicinae","Aedini","Aedes","Aedes punctor","0","95.89"
"KGLTK0098_M_C","NEONU2138-13[BOLD:AAA3748]","Arthropoda","Insecta","Diptera","Culicidae","Culicinae","Aedini","Aedes","Aedes punctor","0","95.89"
"KGLTK0098_M_C","UAMIC868-13[BOLD:AAA3748]","Arthropoda","Insecta","Diptera","Culicidae","Culicinae","Aedini","Aedes","Aedes abserratus","0","95.74"
"KGLTK0101_M_A","AEDNA892-12[BOLD:AAB1098]","Arthropoda","Insecta","Diptera","Culicidae","Culicinae","Aedini","Aedes","","0","100.00"
"KGLTK0101_M_A","AKLEP177-22[BOLD:AAB1098]","Arthropoda","Insecta","Diptera","Culicidae","Culicinae","Aedini","Aedes","Aedes excrucians","0","100.00"
"KGLTK0101_M_A","MHMOS030-07[BOLD:AAB1098]","Arthropoda","Insecta","Diptera","Culicidae","Culicinae","Aedini","Aedes","Aedes excrucians","0","100.00"
"KGLTK0101_M_A","MOSN9017-22[BOLD:AAB1098]","Arthropoda","Insecta","Diptera","Culicidae","Culicinae","Aedini","Aedes","Aedes fitchii","0","100.00"
"KGLTK0101_M_A","POROM156-19[BOLD:AAB1098]","Arthropoda","Insecta","Diptera","Culicidae","Culicinae","Aedini","Aedes","","0","99.85"
"KGLTK0101_M_A","JWDCA316-10[BOLD:AAB1098]","Arthropoda","Insecta","Diptera","Culicidae","Culicinae","Aedini","Aedes","Aedes excrucians","0","99.85"
"KGLTK0101_M_A","JWDCC227-10[BOLD:AAB1098]","Arthropoda","Insecta","Diptera","Culicidae","Culicinae","Aedini","Aedes","Aedes excrucians","0","99.85"
"KGLTK0101_M_A","JWDCF848-10[BOLD:AAB1098]","Arthropoda","Insecta","Diptera","Culicidae","Culicinae","Aedini","Aedes","Aedes excrucians","0","99.85"
"KGLTK0101_M_A","JWDCF850-10[BOLD:AAB1098]","Arthropoda","Insecta","Diptera","Culicidae","Culicinae","Aedini","Aedes","Aedes excrucians","0","99.85"
"KGLTK0101_M_A","JWDCG893-10[BOLD:AAB1098]","Arthropoda","Insecta","Diptera","Culicidae","Culicinae","Aedini","Aedes","Aedes excrucians","0","99.85"
"KGLTK0101_M_A","JWDCI939-11[BOLD:AAB1098]","Arthropoda","Insecta","Diptera","Culicidae","Culicinae","Aedini","Aedes","Aedes excrucians","0","99.85"
"KGLTK0101_M_A","JWDCJ1042-11[BOLD:AAB1098]","Arthropoda","Insecta","Diptera","Culicidae","Culicinae","Aedini","Aedes","Aedes excrucians","0","99.85"
"KGLTK0101_M_A","JWDCL027-11[BOLD:AAB1098]","Arthropoda","Insecta","Diptera","Culicidae","Culicinae","Aedini","Aedes","Aedes excrucians","0","99.85"
"KGLTK0101_M_A","JWDCL295-11[BOLD:AAB1098]","Arthropoda","Insecta","Diptera","Culicidae","Culicinae","Aedini","Aedes","Aedes excrucians","0","99.85"
"KGLTK0101_M_A","MMADL064-09[BOLD:AAB1098]","Arthropoda","Insecta","Diptera","Culicidae","Culicinae","Aedini","Aedes","Aedes excrucians","0","99.85"
"KGLTK0101_M_A","MOSN11318-23[BOLD:AAB1098]","Arthropoda","Insecta","Diptera","Culicidae","Culicinae","Aedini","Aedes","Aedes excrucians","0","99.85"
"KGLTK0101_M_A","MOSN11457-23[BOLD:AAB1098]","Arthropoda","Insecta","Diptera","Culicidae","Culicinae","Aedini","Aedes","Aedes excrucians","0","99.85"
"KGLTK0101_M_A","MOSN12495-24[BOLD:AAB1098]","Arthropoda","Insecta","Diptera","Culicidae","Culicinae","Aedini","Aedes","Aedes excrucians","0","99.85"
"KGLTK0101_M_A","MOSN1928-18[BOLD:AAB1098]","Arthropoda","Insecta","Diptera","Culicidae","Culicinae","Aedini","Aedes","Aedes excrucians","0","99.85"
"KGLTK0101_M_A","MOSN7768-21[BOLD:AAB1098]","Arthropoda","Insecta","Diptera","Culicidae","Culicinae","Aedini","Aedes","Aedes excrucians","0","99.85"
"KGLTK0101_M_A","NBPSI055-11[BOLD:AAB1098]","Arthropoda","Insecta","Diptera","Culicidae","Culicinae","Aedini","Aedes","Aedes excrucians","0","99.85"
"KGLTK0101_M_A","ONTA073-23[BOLD:AAB1098]","Arthropoda","Insecta","Diptera","Culicidae","Culicinae","Aedini","Aedes","Aedes excrucians","0","99.85"
"KGLTK0101_M_A","SAMOS010-09[BOLD:AAB1098]","Arthropoda","Insecta","Diptera","Culicidae","Culicinae","Aedini","Aedes","Aedes excrucians","0","99.85"
"KGLTK0101_M_A","SAMOS013-09[BOLD:AAB1098]","Arthropoda","Insecta","Diptera","Culicidae","Culicinae","Aedini","Aedes","Aedes excrucians","0","99.85"
"KGLTK0101_M_A","MOSN1759-18[BOLD:AAB1098]","Arthropoda","Insecta","Diptera","Culicidae","Culicinae","Aedini","Aedes","Aedes fitchii","0","99.85"
"KGLTK0101_M_B","FCHAR2171-19[BOLD:AAA3750]","Arthropoda","Insecta","Diptera","Culicidae","Culicinae","Aedini","Aedes","","0","99.85"
"KGLTK0101_M_B","GMOLC1442-19[BOLD:AAA3750]","Arthropoda","Insecta","Diptera","Culicidae","Culicinae","Aedini","Aedes","","0","99.85"
"KGLTK0101_M_B","MCHAA227-19[BOLD:AAA3750]","Arthropoda","Insecta","Diptera","Culicidae","Culicinae","Aedini","Aedes","","0","99.85"
"KGLTK0101_M_B","MCHAC117-19[BOLD:AAA3750]","Arthropoda","Insecta","Diptera","Culicidae","Culicinae","Aedini","Aedes","","0","99.85"
"KGLTK0101_M_B","MOSN7556-21[BOLD:AAA3750]","Arthropoda","Insecta","Diptera","Culicidae","Culicinae","Aedini","Aedes","Aedes impiger","0","99.85"
"KGLTK0101_M_B","DARC257-11[BOLD:AAA3750]","Arthropoda","Insecta","Diptera","Culicidae","Culicinae","Aedini","Aedes","","0","99.70"
"KGLTK0101_M_B","FCHAR6191-19[BOLD:AAA3750]","Arthropoda","Insecta","Diptera","Culicidae","Culicinae","Aedini","Aedes","","0","99.70"
"KGLTK0101_M_B","FCHAR9225-19[BOLD:AAA3750]","Arthropoda","Insecta","Diptera","Culicidae","Culicinae","Aedini","Aedes","","0","99.70"
"KGLTK0101_M_B","MCHAA976-19[BOLD:AAA3750]","Arthropoda","Insecta","Diptera","Culicidae","Culicinae","Aedini","Aedes","","0","99.70"
"KGLTK0101_M_B","MCHAC943-19[BOLD:AAA3750]","Arthropoda","Insecta","Diptera","Culicidae","Culicinae","Aedini","Aedes","","0","99.70"
"KGLTK0101_M_B","MCHAD961-19[BOLD:AAA3750]","Arthropoda","Insecta","Diptera","Culicidae","Culicinae","Aedini","Aedes","","0","99.70"
"KGLTK0101_M_B","MOSN12513-24[BOLD:AAA3750]","Arthropoda","Insecta","Diptera","Culicidae","Culicinae","Aedini","Aedes","Aedes impiger","0","99.70"
"KGLTK0101_M_B","MOSN5719-20[BOLD:AAA3750]","Arthropoda","Insecta","Diptera","Culicidae","Culicinae","Aedini","Aedes","Aedes impiger","0","99.70"
"KGLTK0101_M_B","MOSN12488-24[BOLD:AAA3750]","Arthropoda","Insecta","Diptera","Culicidae","Culicinae","Aedini","Aedes","Aedes implicatus","0","99.70"
"KGLTK0101_M_B","MOSN13031-25[BOLD:AAA3750]","Arthropoda","Insecta","Diptera","Culicidae","Culicinae","Aedini","Aedes","Aedes implicatus","0","99.70"
"KGLTK0101_M_B","MOSN12473-24[BOLD:AAA3750]","Arthropoda","Insecta","Diptera","Culicidae","Culicinae","Aedini","Aedes","Aedes nigripes","0","99.70"
"KGLTK0101_M_B","MOSN3743-19[BOLD:AAA3750]","Arthropoda","Insecta","Diptera","Culicidae","Culicinae","Aedini","Aedes","Aedes impiger","0","99.54"
"KGLTK0101_M_B","MOSN5826-20[BOLD:AAA3750]","Arthropoda","Insecta","Diptera","Culicidae","Culicinae","Aedini","Aedes","Aedes impiger","0","99.54"
"KGLTK0101_M_B","MOSN5834-20[BOLD:AAA3750]","Arthropoda","Insecta","Diptera","Culicidae","Culicinae","Aedini","Aedes","Aedes impiger","0","99.54"
"KGLTK0101_M_B","MOSN7532-21[BOLD:AAA3750]","Arthropoda","Insecta","Diptera","Culicidae","Culicinae","Aedini","Aedes","Aedes impiger","0","99.54"
"KGLTK0101_M_B","MOSN7741-21[BOLD:AAA3750]","Arthropoda","Insecta","Diptera","Culicidae","Culicinae","Aedini","Aedes","Aedes impiger","0","99.54"
"KGLTK0101_M_B","MOSN13588-26","Arthropoda","Insecta","Diptera","Culicidae","Culicinae","Aedini","Aedes","Aedes implicatus","0","99.54"
"KGLTK0101_M_B","MOSN13589-26","Arthropoda","Insecta","Diptera","Culicidae","Culicinae","Aedini","Aedes","Aedes implicatus","0","99.54"
"KGLTK0101_M_B","MOSN13596-26","Arthropoda","Insecta","Diptera","Culicidae","Culicinae","Aedini","Aedes","Aedes implicatus","0","99.54"
"KGLTK0101_M_B","MOSN5767-20[BOLD:AAA3750]","Arthropoda","Insecta","Diptera","Culicidae","Culicinae","Aedini","Aedes","Aedes intrudens","0","99.54"
"KGLTK0112_M_B","BCHAR758-18[BOLD:AAA3748]","Arthropoda","Insecta","Diptera","Culicidae","Culicinae","","","","0","99.85"
"KGLTK0112_M_B","DCHAR1022-19[BOLD:AAA3748]","Arthropoda","Insecta","Diptera","Culicidae","Culicinae","","","","0","99.85"
"KGLTK0112_M_B","DCHAR1028-19[BOLD:AAA3748]","Arthropoda","Insecta","Diptera","Culicidae","Culicinae","","","","0","99.85"
"KGLTK0112_M_B","FCHAR8785-19[BOLD:AAA3748]","Arthropoda","Insecta","Diptera","Culicidae","Culicinae","","","","0","99.85"
"KGLTK0112_M_B","AMMC081-07[BOLD:AAA3748]","Arthropoda","Insecta","Diptera","Culicidae","Culicinae","Aedini","Aedes","","0","99.85"
"KGLTK0112_M_B","JWDCC475-10[BOLD:AAA3748]","Arthropoda","Insecta","Diptera","Culicidae","Culicinae","Aedini","Aedes","","0","99.85"
"KGLTK0112_M_B","MCHAB271-19[BOLD:AAA3748]","Arthropoda","Insecta","Diptera","Culicidae","Culicinae","Aedini","Aedes","","0","99.85"
"KGLTK0112_M_B","MCHAB506-19[BOLD:AAA3748]","Arthropoda","Insecta","Diptera","Culicidae","Culicinae","Aedini","Aedes","","0","99.85"
"KGLTK0112_M_B","MCHAE1402-19[BOLD:AAA3748]","Arthropoda","Insecta","Diptera","Culicidae","Culicinae","Aedini","Aedes","","0","99.85"
"KGLTK0112_M_B","MHMOS067-07[BOLD:AAA3748]","Arthropoda","Insecta","Diptera","Culicidae","Culicinae","Aedini","Aedes","","0","99.85"
"KGLTK0112_M_B","SWSWP011-09[BOLD:AAA3748]","Arthropoda","Insecta","Diptera","Culicidae","Culicinae","Aedini","Aedes","","0","99.85"
"KGLTK0112_M_B","MOSN11429-23[BOLD:AAA3748]","Arthropoda","Insecta","Diptera","Culicidae","Culicinae","Aedini","Aedes","Aedes hexodontus","0","99.85"
"KGLTK0112_M_B","MCHAB727-19[BOLD:AAA3748]","Arthropoda","Insecta","Diptera","Culicidae","Culicinae","Aedini","Aedes","","0","99.70"
"KGLTK0112_M_B","MCHAD133-19[BOLD:AAA3748]","Arthropoda","Insecta","Diptera","Culicidae","Culicinae","Aedini","Aedes","","0","99.70"
"KGLTK0112_M_B","MCHAE1439-19[BOLD:AAA3748]","Arthropoda","Insecta","Diptera","Culicidae","Culicinae","Aedini","Aedes","","0","99.70"
"KGLTK0112_M_B","MOSN13111-25[BOLD:AAA3748]","Arthropoda","Insecta","Diptera","Culicidae","Culicinae","Aedini","Aedes","Aedes hexodontus","0","99.70"
"KGLTK0112_M_B","FCHAR3807-19[BOLD:AAA3748]","Arthropoda","Insecta","Diptera","Culicidae","Culicinae","","","","0","99.69"
"KGLTK0112_M_B","FCHAR9351-20[BOLD:AAA3748]","Arthropoda","Insecta","Diptera","Culicidae","Culicinae","","","","0","99.69"
"KGLTK0112_M_B","MCHAB628-19[BOLD:AAA3748]","Arthropoda","Insecta","Diptera","Culicidae","Culicinae","Aedini","Aedes","","0","99.69"
"KGLTK0112_M_B","MCHAD132-19[BOLD:AAA3748]","Arthropoda","Insecta","Diptera","Culicidae","Culicinae","Aedini","Aedes","","0","99.69"
"KGLTK0112_M_B","SIIP4634-24[BOLD:AAA3748]","Arthropoda","Insecta","Diptera","Culicidae","","","","","0","99.54"
"KGLTK0112_M_B","JWDCF060-10[BOLD:AAA3748]","Arthropoda","Insecta","Diptera","Culicidae","Culicinae","Aedini","Aedes","","0","99.54"
"KGLTK0112_M_B","AMMC027-07[BOLD:AAA3748]","Arthropoda","Insecta","Diptera","Culicidae","Culicinae","Aedini","Aedes","Aedes hexodontus","0","99.54"
"KGLTK0112_M_B","GBDP51899-19[BOLD:AAA3748]","Arthropoda","Insecta","Diptera","Culicidae","Culicinae","Aedini","Aedes","Aedes punctor","0","99.54"
"KGLTK0112_M_B","NEONU2138-13[BOLD:AAA3748]","Arthropoda","Insecta","Diptera","Culicidae","Culicinae","Aedini","Aedes","Aedes punctor","0","99.54"
"KGLTK0119_M_A","MOSN7771-21[BOLD:AAA3748]","Arthropoda","Insecta","Diptera","Culicidae","Culicinae","Aedini","Aedes","Aedes hexodontus","0","100.00"
"KGLTK0119_M_A","AKLEP1307-26","Arthropoda","Insecta","Diptera","Culicidae","","","","","0","99.85"
"KGLTK0119_M_A","ABINP5358-21[BOLD:AAA3748]","Arthropoda","Insecta","Diptera","Culicidae","Culicinae","Aedini","Aedes","","0","99.85"
"KGLTK0119_M_A","AEDNA864-12[BOLD:AAA3748]","Arthropoda","Insecta","Diptera","Culicidae","Culicinae","Aedini","Aedes","","0","99.85"
"KGLTK0119_M_A","AEDNA902-12[BOLD:AAA3748]","Arthropoda","Insecta","Diptera","Culicidae","Culicinae","Aedini","Aedes","","0","99.85"
"KGLTK0119_M_A","KUGA498-21[BOLD:AAA3748]","Arthropoda","Insecta","Diptera","Culicidae","Culicinae","Aedini","Aedes","","0","99.85"
"KGLTK0119_M_A","MCHAD1270-19[BOLD:AAA3748]","Arthropoda","Insecta","Diptera","Culicidae","Culicinae","Aedini","Aedes","","0","99.85"
"KGLTK0119_M_A","MCHAD150-19[BOLD:AAA3748]","Arthropoda","Insecta","Diptera","Culicidae","Culicinae","Aedini","Aedes","","0","99.85"
"KGLTK0119_M_A","AKLEP1108-25[BOLD:AAA3748]","Arthropoda","Insecta","Diptera","Culicidae","Culicinae","Aedini","Aedes","Aedes abserratus","0","99.85"
"KGLTK0119_M_A","AMMC077-07[BOLD:AAA3748]","Arthropoda","Insecta","Diptera","Culicidae","Culicinae","Aedini","Aedes","Aedes abserratus","0","99.85"
"KGLTK0119_M_A","GBDP51845-19[BOLD:AAA3748]","Arthropoda","Insecta","Diptera","Culicidae","Culicinae","Aedini","Aedes","Aedes abserratus","0","99.85"
"KGLTK0119_M_A","MHMOS085-07[BOLD:AAA3748]","Arthropoda","Insecta","Diptera","Culicidae","Culicinae","Aedini","Aedes","Aedes abserratus","0","99.85"
"KGLTK0119_M_A","MOSN10225-23[BOLD:AAA3748]","Arthropoda","Insecta","Diptera","Culicidae","Culicinae","Aedini","Aedes","Aedes communis","0","99.85"
"KGLTK0119_M_A","NEONU2141-13[BOLD:AAA3748]","Arthropoda","Insecta","Diptera","Culicidae","Culicinae","Aedini","Aedes","Aedes decticus","0","99.85"
"KGLTK0119_M_A","MOSN4584-20[BOLD:AAA3748]","Arthropoda","Insecta","Diptera","Culicidae","Culicinae","Aedini","Aedes","Aedes diantaeus","0","99.85"
"KGLTK0119_M_A","MOSN1993-18[BOLD:AAA3748]","Arthropoda","Insecta","Diptera","Culicidae","Culicinae","Aedini","Aedes","Aedes hexodontus","0","99.85"
"KGLTK0119_M_A","NEONU2139-13[BOLD:AAA3748]","Arthropoda","Insecta","Diptera","Culicidae","Culicinae","Aedini","Aedes","Aedes intrudens","0","99.85"
"KGLTK0119_M_A","MOSN12999-25[BOLD:AAA3748]","Arthropoda","Insecta","Diptera","Culicidae","Culicinae","Aedini","Aedes","Aedes nigripes","0","99.85"
"KGLTK0119_M_A","JSDIQ006-10[BOLD:AAA3748]","Arthropoda","Insecta","Diptera","Culicidae","Culicinae","Aedini","Aedes","Aedes pionips","0","99.85"
"KGLTK0119_M_A","NBPSI074-11[BOLD:AAA3748]","Arthropoda","Insecta","Diptera","Culicidae","Culicinae","Aedini","Aedes","Aedes pionips","0","99.85"
"KGLTK0119_M_A","GBMND38915-21[BOLD:AAA3748]","Arthropoda","Insecta","Diptera","Culicidae","Culicinae","Aedini","Aedes","Aedes punctor","0","99.85"
"KGLTK0119_M_A","MOSN10253-23[BOLD:AAA3748]","Arthropoda","Insecta","Diptera","Culicidae","Culicinae","Aedini","Aedes","Aedes punctor","0","99.85"
"KGLTK0119_M_A","NBPSI075-11[BOLD:AAA3748]","Arthropoda","Insecta","Diptera","Culicidae","Culicinae","Aedini","Aedes","Aedes sp.","0","99.85"
"KGLTK0119_M_A","AEDNA871-12[BOLD:AAA3748]","Arthropoda","Insecta","Diptera","Culicidae","Culicinae","Aedini","Aedes","","0","99.70"
"KGLTK0119_M_A","UAMIC868-13[BOLD:AAA3748]","Arthropoda","Insecta","Diptera","Culicidae","Culicinae","Aedini","Aedes","Aedes abserratus","0","99.70"
"KGLTK0271_M_A","DARC257-11[BOLD:AAA3750]","Arthropoda","Insecta","Diptera","Culicidae","Culicinae","Aedini","Aedes","","0","100.00"
"KGLTK0271_M_A","FCHAR6191-19[BOLD:AAA3750]","Arthropoda","Insecta","Diptera","Culicidae","Culicinae","Aedini","Aedes","","0","100.00"
"KGLTK0271_M_A","FCHAR9225-19[BOLD:AAA3750]","Arthropoda","Insecta","Diptera","Culicidae","Culicinae","Aedini","Aedes","","0","100.00"
"KGLTK0271_M_A","MCHAA1146-19[BOLD:AAA3750]","Arthropoda","Insecta","Diptera","Culicidae","Culicinae","Aedini","Aedes","","0","100.00"
"KGLTK0271_M_A","MCHAA976-19[BOLD:AAA3750]","Arthropoda","Insecta","Diptera","Culicidae","Culicinae","Aedini","Aedes","","0","100.00"
"KGLTK0271_M_A","MCHAC1055-19[BOLD:AAA3750]","Arthropoda","Insecta","Diptera","Culicidae","Culicinae","Aedini","Aedes","","0","100.00"
"KGLTK0271_M_A","MCHAC943-19[BOLD:AAA3750]","Arthropoda","Insecta","Diptera","Culicidae","Culicinae","Aedini","Aedes","","0","100.00"
"KGLTK0271_M_A","MCHAD961-19[BOLD:AAA3750]","Arthropoda","Insecta","Diptera","Culicidae","Culicinae","Aedini","Aedes","","0","100.00"
"KGLTK0271_M_A","MOSN12513-24[BOLD:AAA3750]","Arthropoda","Insecta","Diptera","Culicidae","Culicinae","Aedini","Aedes","Aedes impiger","0","100.00"
"KGLTK0271_M_A","MOSN12488-24[BOLD:AAA3750]","Arthropoda","Insecta","Diptera","Culicidae","Culicinae","Aedini","Aedes","Aedes implicatus","0","100.00"
"KGLTK0271_M_A","MOSN12473-24[BOLD:AAA3750]","Arthropoda","Insecta","Diptera","Culicidae","Culicinae","Aedini","Aedes","Aedes nigripes","0","100.00"
"KGLTK0271_M_A","MCHAC931-19[BOLD:AAA3750]","Arthropoda","Insecta","Diptera","Culicidae","Culicinae","Aedini","Aedes","","0","99.85"
"KGLTK0271_M_A","JWDCE188-10[BOLD:AAA3750]","Arthropoda","Insecta","Diptera","Culicidae","Culicinae","Aedini","Aedes","Aedes impiger","0","99.85"
"KGLTK0271_M_A","MOSN1900-18[BOLD:AAA3750]","Arthropoda","Insecta","Diptera","Culicidae","Culicinae","Aedini","Aedes","Aedes impiger","0","99.85"
"KGLTK0271_M_A","MOSN3743-19[BOLD:AAA3750]","Arthropoda","Insecta","Diptera","Culicidae","Culicinae","Aedini","Aedes","Aedes impiger","0","99.85"
"KGLTK0271_M_A","MOSN5826-20[BOLD:AAA3750]","Arthropoda","Insecta","Diptera","Culicidae","Culicinae","Aedini","Aedes","Aedes impiger","0","99.85"
"KGLTK0271_M_A","MOSN5834-20[BOLD:AAA3750]","Arthropoda","Insecta","Diptera","Culicidae","Culicinae","Aedini","Aedes","Aedes impiger","0","99.85"
"KGLTK0271_M_A","MOSN7532-21[BOLD:AAA3750]","Arthropoda","Insecta","Diptera","Culicidae","Culicinae","Aedini","Aedes","Aedes impiger","0","99.85"
"KGLTK0271_M_A","MOSN7556-21[BOLD:AAA3750]","Arthropoda","Insecta","Diptera","Culicidae","Culicinae","Aedini","Aedes","Aedes impiger","0","99.85"
"KGLTK0271_M_A","MOSN11404-23[BOLD:AAA3750]","Arthropoda","Insecta","Diptera","Culicidae","Culicinae","Aedini","Aedes","Aedes implicatus","0","99.85"
"KGLTK0271_M_A","MOSN13588-26","Arthropoda","Insecta","Diptera","Culicidae","Culicinae","Aedini","Aedes","Aedes implicatus","0","99.85"
"KGLTK0271_M_A","MOSN13589-26","Arthropoda","Insecta","Diptera","Culicidae","Culicinae","Aedini","Aedes","Aedes implicatus","0","99.85"
"KGLTK0271_M_A","MOSN13596-26","Arthropoda","Insecta","Diptera","Culicidae","Culicinae","Aedini","Aedes","Aedes implicatus","0","99.85"
"KGLTK0271_M_A","MOSN5767-20[BOLD:AAA3750]","Arthropoda","Insecta","Diptera","Culicidae","Culicinae","Aedini","Aedes","Aedes intrudens","0","99.85"
"KGLTK0271_M_A","MOSN13040-25[BOLD:AAA3750]","Arthropoda","Insecta","Diptera","Culicidae","Culicinae","Aedini","Aedes","Aedes nigripes","0","99.85"
"KGLTK0275_M_A","AMCAT098-21[BOLD:AAA3751]","Arthropoda","Insecta","Diptera","Culicidae","Culicinae","Aedini","Aedes","","0","99.54"
"KGLTK0275_M_A","FCHAR2138-19[BOLD:AAA3751]","Arthropoda","Insecta","Diptera","Culicidae","Culicinae","Aedini","Aedes","","0","99.54"
"KGLTK0275_M_A","OPPEK6101-17[BOLD:AAA3751]","Arthropoda","Insecta","Diptera","Culicidae","Culicinae","Aedini","Aedes","","0","99.54"
"KGLTK0275_M_A","BBDCP582-10[BOLD:AAA3751]","Arthropoda","Insecta","Diptera","Culicidae","Culicinae","Aedini","Aedes","Aedes communis","0","99.54"
"KGLTK0275_M_A","CNWAC2035-14[BOLD:AAA3751]","Arthropoda","Insecta","Diptera","Culicidae","Culicinae","Aedini","Aedes","Aedes communis","0","99.54"
"KGLTK0275_M_A","SAMOS042-09[BOLD:AAA3751]","Arthropoda","Insecta","Diptera","Culicidae","Culicinae","Aedini","Aedes","Aedes communis complex","0","99.54"
"KGLTK0275_M_A","SAMOS062-09[BOLD:AAA3751]","Arthropoda","Insecta","Diptera","Culicidae","Culicinae","Aedini","Aedes","Aedes communis complex","0","99.54"
"KGLTK0275_M_A","OPPEK1401-17[BOLD:AAA3751]","Arthropoda","Insecta","Diptera","Culicidae","Culicinae","Aedini","Aedes","","0","99.39"
"KGLTK0275_M_A","JWDCJ600-11[BOLD:AAA3751]","Arthropoda","Insecta","Diptera","Culicidae","Culicinae","Aedini","Aedes","Aedes communis complex","0","99.39"
"KGLTK0275_M_A","SAMOS040-09[BOLD:AAA3751]","Arthropoda","Insecta","Diptera","Culicidae","Culicinae","Aedini","Aedes","Aedes communis complex","0","99.39"
"KGLTK0275_M_A","MOSN11377-23[BOLD:AAA3751]","Arthropoda","Insecta","Diptera","Culicidae","Culicinae","Aedini","Aedes","Aedes pullatus","0","99.39"
"KGLTK0275_M_A","OPPCC299-17[BOLD:AAA3751]","Arthropoda","Insecta","Diptera","Culicidae","Culicinae","Aedini","Aedes","","0","99.24"
"KGLTK0275_M_A","ASDIP806-15[BOLD:AAA3751]","Arthropoda","Insecta","Diptera","Culicidae","Culicinae","Aedini","Aedes","Aedes communis","0","99.24"
"KGLTK0275_M_A","MOSN2034-19[BOLD:AAA3751]","Arthropoda","Insecta","Diptera","Culicidae","Culicinae","Aedini","Aedes","Aedes communis","0","99.24"
"KGLTK0275_M_A","MOSN12966-25[BOLD:AAA3751]","Arthropoda","Insecta","Diptera","Culicidae","Culicinae","Aedini","Aedes","Aedes hexodontus","0","99.24"
"KGLTK0275_M_A","MOSN389-18[BOLD:AAA3751]","Arthropoda","Insecta","Diptera","Culicidae","Culicinae","Aedini","Aedes","Aedes communis","0","99.09"
"KGLTK0275_M_A","ASDIP803-15[BOLD:AAA3751]","Arthropoda","Insecta","Diptera","Culicidae","Culicinae","Aedini","Aedes","Aedes communis complex","0","99.09"
"KGLTK0275_M_A","MHMOS029-07[BOLD:AAA3751]","Arthropoda","Insecta","Diptera","Culicidae","Culicinae","Aedini","Aedes","Aedes communis complex","0","99.09"
"KGLTK0275_M_A","OPPCC1432-17[BOLD:AAA3751]","Arthropoda","Insecta","Diptera","Culicidae","Culicinae","Aedini","Aedes","","0","98.94"
"KGLTK0275_M_A","ASDIP645-15[BOLD:AAA3751]","Arthropoda","Insecta","Diptera","Culicidae","Culicinae","Aedini","Aedes","Aedes communis","0","98.94"
"KGLTK0275_M_A","MOSN071-17[BOLD:AAA3751]","Arthropoda","Insecta","Diptera","Culicidae","Culicinae","Aedini","Aedes","Aedes communis","0","98.94"
"KGLTK0275_M_A","MOSN10224-23[BOLD:AAA3751]","Arthropoda","Insecta","Diptera","Culicidae","Culicinae","Aedini","Aedes","Aedes communis","0","98.94"
"KGLTK0275_M_A","MOSN734-18[BOLD:AAA3751]","Arthropoda","Insecta","Diptera","Culicidae","Culicinae","Aedini","Aedes","Aedes communis","0","98.94"
"KGLTK0275_M_A","MOSN8393-22[BOLD:AAA3751]","Arthropoda","Insecta","Diptera","Culicidae","Culicinae","Aedini","Aedes","Aedes communis","0","98.94"
"KGLTK0275_M_A","MOSN147-18[BOLD:AAA3751]","Arthropoda","Insecta","Diptera","Culicidae","Culicinae","Aedini","Aedes","Aedes intrudens","0","98.94"
"Outgroup","CHAOF001-18[BOLD:ACG1345]","Arthropoda","Insecta","Diptera","Chaoboridae","Chaoborinae","","Mochlonyx","Mochlonyx velutinus","0","100.00"
"Outgroup","CHAOF028-18[BOLD:ACG1345]","Arthropoda","Insecta","Diptera","Chaoboridae","Chaoborinae","","Mochlonyx","Mochlonyx velutinus","0","99.85"
"Outgroup","CHAOF029-18[BOLD:ACG1345]","Arthropoda","Insecta","Diptera","Chaoboridae","Chaoborinae","","Mochlonyx","Mochlonyx velutinus","0","99.85"
"Outgroup","CHAOF080-18[BOLD:ACG1345]","Arthropoda","Insecta","Diptera","Chaoboridae","Chaoborinae","","Mochlonyx","Mochlonyx velutinus","0","99.85"
"Outgroup","GMKUG186-12[BOLD:ACG1345]","Arthropoda","Insecta","Diptera","Chaoboridae","Chaoborinae","","Mochlonyx","Mochlonyx velutinus","0","99.85"
"Outgroup","SCFI713-16[BOLD:ACG1345]","Arthropoda","Insecta","Diptera","Chaoboridae","Chaoborinae","","Mochlonyx","Mochlonyx velutinus","0","99.85"
"Outgroup","DTULO15931-25","Arthropoda","Insecta","Diptera","","","","","","0","99.69"
"Outgroup","CHAOF012-18[BOLD:ACG1345]","Arthropoda","Insecta","Diptera","Chaoboridae","Chaoborinae","","Mochlonyx","Mochlonyx velutinus","0","99.69"
"Outgroup","CHAOF049-18[BOLD:ACG1345]","Arthropoda","Insecta","Diptera","Chaoboridae","Chaoborinae","","Mochlonyx","Mochlonyx velutinus","0","99.69"
"Outgroup","CHAOF051-18[BOLD:ACG1345]","Arthropoda","Insecta","Diptera","Chaoboridae","Chaoborinae","","Mochlonyx","Mochlonyx velutinus","0","99.69"
"Outgroup","CHAOF060-18[BOLD:ACG1345]","Arthropoda","Insecta","Diptera","Chaoboridae","Chaoborinae","","Mochlonyx","Mochlonyx velutinus","0","99.69"
"Outgroup","CHAOF079-18[BOLD:ACG1345]","Arthropoda","Insecta","Diptera","Chaoboridae","Chaoborinae","","Mochlonyx","Mochlonyx velutinus","0","99.69"
"Outgroup","CHAOF004-18[BOLD:ACG1345]","Arthropoda","Insecta","Diptera","Chaoboridae","Chaoborinae","","Mochlonyx","Mochlonyx velutinus","0","99.54"
"Outgroup","CHAOF048-18[BOLD:ACG1345]","Arthropoda","Insecta","Diptera","Chaoboridae","Chaoborinae","","Mochlonyx","Mochlonyx velutinus","0","99.54"
"Outgroup","ROMAC620-22[BOLD:ACG1345]","Arthropoda","Insecta","Diptera","Chaoboridae","Chaoborinae","","Mochlonyx","Mochlonyx velutinus","0","99.54"
"Outgroup","ROMAC619-22[BOLD:ACG1345]","Arthropoda","Insecta","Diptera","Chaoboridae","Chaoborinae","","Mochlonyx","Mochlonyx velutinus","0","99.53"
"Outgroup","CHAOF050-18[BOLD:ACG1345]","Arthropoda","Insecta","Diptera","Chaoboridae","Chaoborinae","","Mochlonyx","Mochlonyx velutinus","0","99.23"
"Outgroup","CHAOF003-18[BOLD:ADJ8074]","Arthropoda","Insecta","Diptera","Chaoboridae","Chaoborinae","","Mochlonyx","Mochlonyx velutinus","0","98.16"
"Outgroup","CHAOF030-18[BOLD:ADJ8074]","Arthropoda","Insecta","Diptera","Chaoboridae","Chaoborinae","","Mochlonyx","Mochlonyx velutinus","0","98.16"
"Outgroup","CHAOF090-18[BOLD:ADJ8074]","Arthropoda","Insecta","Diptera","Chaoboridae","Chaoborinae","","Mochlonyx","Mochlonyx velutinus","0","98.16"
"Outgroup","CHAOF026-18[BOLD:ADJ8074]","Arthropoda","Insecta","Diptera","Chaoboridae","Chaoborinae","","Mochlonyx","Mochlonyx velutinus","0","98.01"
"Outgroup","RIKPS051-17[BOLD:ADJ8074]","Arthropoda","Insecta","Diptera","Chaoboridae","Chaoborinae","","Mochlonyx","Mochlonyx velutinus","0","97.85"
"Outgroup","FCHAR5262-19[BOLD:AEC0515]","Arthropoda","Insecta","Diptera","Chaoboridae","Chaoborinae","","Mochlonyx","","0","97.53"
"Outgroup","FCHAR6866-19[BOLD:AEC0515]","Arthropoda","Insecta","Diptera","Chaoboridae","Chaoborinae","","Mochlonyx","","0","97.53"
"Outgroup","MMADL036-09[BOLD:AAI3268]","Arthropoda","Insecta","Diptera","Chaoboridae","Chaoborinae","","Mochlonyx","","0","96.47"

