"Query ID","PID [BIN]","Phylum","Class","Order","Family","Subfamily","Tribe","Genus","Species","Indels","ID%"
"CBAY0025_BF_A","ECIPY182-10[BOLD:AAB3041]","Arthropoda","Insecta","Diptera","Simuliidae","Simuliinae","Simuliini","Metacnephia","","0","100.00"
"CBAY0025_BF_A","BCHAR912-18[BOLD:AAB3041]","Arthropoda","Insecta","Diptera","Simuliidae","Simuliinae","Simuliini","Metacnephia","Metacnephia borealis","0","100.00"
"CBAY0025_BF_A","DNARB2082-23[BOLD:AAB3041]","Arthropoda","Insecta","Diptera","Simuliidae","Simuliinae","Simuliini","Metacnephia","Metacnephia borealis","0","100.00"
"CBAY0025_BF_A","DNARB2088-23[BOLD:AAB3041]","Arthropoda","Insecta","Diptera","Simuliidae","Simuliinae","Simuliini","Metacnephia","Metacnephia borealis","0","100.00"
"CBAY0025_BF_A","DNARB2319-23[BOLD:AAB3041]","Arthropoda","Insecta","Diptera","Simuliidae","Simuliinae","Simuliini","Metacnephia","Metacnephia borealis","0","100.00"
"CBAY0025_BF_A","DNARB2511-23[BOLD:AAB3041]","Arthropoda","Insecta","Diptera","Simuliidae","Simuliinae","Simuliini","Metacnephia","Metacnephia borealis","0","100.00"
"CBAY0025_BF_A","DNARB3710-23[BOLD:AAB3041]","Arthropoda","Insecta","Diptera","Simuliidae","Simuliinae","Simuliini","Metacnephia","Metacnephia borealis","0","100.00"
"CBAY0025_BF_A","FCHAR4863-19[BOLD:AAB3041]","Arthropoda","Insecta","Diptera","Simuliidae","Simuliinae","Simuliini","Metacnephia","Metacnephia borealis","0","100.00"
"CBAY0025_BF_A","FCHAR9102-19[BOLD:AAB3041]","Arthropoda","Insecta","Diptera","Simuliidae","Simuliinae","Simuliini","Metacnephia","Metacnephia borealis","0","100.00"
"CBAY0025_BF_A","FCHAR9123-19[BOLD:AAB3041]","Arthropoda","Insecta","Diptera","Simuliidae","Simuliinae","Simuliini","Metacnephia","Metacnephia borealis","0","100.00"
"CBAY0025_BF_A","MCHAB940-19[BOLD:AAB3041]","Arthropoda","Insecta","Diptera","Simuliidae","Simuliinae","Simuliini","Metacnephia","Metacnephia borealis","0","100.00"
"CBAY0025_BF_A","MCHAC498-19[BOLD:AAB3041]","Arthropoda","Insecta","Diptera","Simuliidae","Simuliinae","Simuliini","Metacnephia","Metacnephia borealis","0","100.00"
"CBAY0025_BF_A","MCHAC528-19[BOLD:AAB3041]","Arthropoda","Insecta","Diptera","Simuliidae","Simuliinae","Simuliini","Metacnephia","Metacnephia borealis","0","100.00"
"CBAY0025_BF_A","MCHAD1417-19[BOLD:AAB3041]","Arthropoda","Insecta","Diptera","Simuliidae","Simuliinae","Simuliini","Metacnephia","Metacnephia borealis","0","100.00"
"CBAY0025_BF_A","MCHAD605-19[BOLD:AAB3041]","Arthropoda","Insecta","Diptera","Simuliidae","Simuliinae","Simuliini","Metacnephia","Metacnephia borealis","0","100.00"
"CBAY0025_BF_A","POLCO7646-20[BOLD:AAB3041]","Arthropoda","Insecta","Diptera","Simuliidae","Simuliinae","Simuliini","Metacnephia","Metacnephia borealis","0","100.00"
"CBAY0025_BF_A","ECIPY178-10[BOLD:AAB3041]","Arthropoda","Insecta","Diptera","Simuliidae","Simuliinae","Simuliini","Metacnephia","","0","99.85"
"CBAY0025_BF_A","ECIPY179-10[BOLD:AAB3041]","Arthropoda","Insecta","Diptera","Simuliidae","Simuliinae","Simuliini","Metacnephia","","0","99.85"
"CBAY0025_BF_A","ACHAR1485-18[BOLD:AAB3041]","Arthropoda","Insecta","Diptera","Simuliidae","Simuliinae","Simuliini","Metacnephia","Metacnephia borealis","0","99.85"
"CBAY0025_BF_A","DNARB3698-23[BOLD:AAB3041]","Arthropoda","Insecta","Diptera","Simuliidae","Simuliinae","Simuliini","Metacnephia","Metacnephia borealis","0","99.85"
"CBAY0025_BF_A","FCHAR9056-19[BOLD:AAB3041]","Arthropoda","Insecta","Diptera","Simuliidae","Simuliinae","Simuliini","Metacnephia","Metacnephia borealis","0","99.85"
"CBAY0025_BF_A","FCHAR9058-19[BOLD:AAB3041]","Arthropoda","Insecta","Diptera","Simuliidae","Simuliinae","Simuliini","Metacnephia","Metacnephia borealis","0","99.85"
"CBAY0025_BF_A","FCHAR9124-19[BOLD:AAB3041]","Arthropoda","Insecta","Diptera","Simuliidae","Simuliinae","Simuliini","Metacnephia","Metacnephia borealis","0","99.85"
"CBAY0025_BF_A","MCHAD657-19[BOLD:AAB3041]","Arthropoda","Insecta","Diptera","Simuliidae","Simuliinae","Simuliini","Metacnephia","Metacnephia borealis","0","99.85"
"CBAY0025_BF_A","MCHAD837-19[BOLD:AAB3041]","Arthropoda","Insecta","Diptera","Simuliidae","Simuliinae","Simuliini","Metacnephia","Metacnephia borealis","0","99.85"
"CBAY0028_BF_A","ACHAR1485-18[BOLD:AAB3041]","Arthropoda","Insecta","Diptera","Simuliidae","Simuliinae","Simuliini","Metacnephia","Metacnephia borealis","0","100.00"
"CBAY0028_BF_A","BCHAR2040-18[BOLD:AAB3041]","Arthropoda","Insecta","Diptera","Simuliidae","Simuliinae","Simuliini","Metacnephia","Metacnephia borealis","0","100.00"
"CBAY0028_BF_A","DNARB2042-23[BOLD:AAB3041]","Arthropoda","Insecta","Diptera","Simuliidae","Simuliinae","Simuliini","Metacnephia","Metacnephia borealis","0","100.00"
"CBAY0028_BF_A","DNARB2077-23[BOLD:AAB3041]","Arthropoda","Insecta","Diptera","Simuliidae","Simuliinae","Simuliini","Metacnephia","Metacnephia borealis","0","100.00"
"CBAY0028_BF_A","DNARB2196-23[BOLD:AAB3041]","Arthropoda","Insecta","Diptera","Simuliidae","Simuliinae","Simuliini","Metacnephia","Metacnephia borealis","0","100.00"
"CBAY0028_BF_A","DNARB224-23[BOLD:AAB3041]","Arthropoda","Insecta","Diptera","Simuliidae","Simuliinae","Simuliini","Metacnephia","Metacnephia borealis","0","100.00"
"CBAY0028_BF_A","DNARB2298-23[BOLD:AAB3041]","Arthropoda","Insecta","Diptera","Simuliidae","Simuliinae","Simuliini","Metacnephia","Metacnephia borealis","0","100.00"
"CBAY0028_BF_A","DNARB2331-23[BOLD:AAB3041]","Arthropoda","Insecta","Diptera","Simuliidae","Simuliinae","Simuliini","Metacnephia","Metacnephia borealis","0","100.00"
"CBAY0028_BF_A","DNARB3644-23[BOLD:AAB3041]","Arthropoda","Insecta","Diptera","Simuliidae","Simuliinae","Simuliini","Metacnephia","Metacnephia borealis","0","100.00"
"CBAY0028_BF_A","DNARB3695-23[BOLD:AAB3041]","Arthropoda","Insecta","Diptera","Simuliidae","Simuliinae","Simuliini","Metacnephia","Metacnephia borealis","0","100.00"
"CBAY0028_BF_A","DNARB3698-23[BOLD:AAB3041]","Arthropoda","Insecta","Diptera","Simuliidae","Simuliinae","Simuliini","Metacnephia","Metacnephia borealis","0","100.00"
"CBAY0028_BF_A","DNARB617-23[BOLD:AAB3041]","Arthropoda","Insecta","Diptera","Simuliidae","Simuliinae","Simuliini","Metacnephia","Metacnephia borealis","0","100.00"
"CBAY0028_BF_A","DNARB619-23[BOLD:AAB3041]","Arthropoda","Insecta","Diptera","Simuliidae","Simuliinae","Simuliini","Metacnephia","Metacnephia borealis","0","100.00"
"CBAY0028_BF_A","DNARB626-23[BOLD:AAB3041]","Arthropoda","Insecta","Diptera","Simuliidae","Simuliinae","Simuliini","Metacnephia","Metacnephia borealis","0","100.00"
"CBAY0028_BF_A","DNARB635-23[BOLD:AAB3041]","Arthropoda","Insecta","Diptera","Simuliidae","Simuliinae","Simuliini","Metacnephia","Metacnephia borealis","0","100.00"
"CBAY0028_BF_A","FCHAR9124-19[BOLD:AAB3041]","Arthropoda","Insecta","Diptera","Simuliidae","Simuliinae","Simuliini","Metacnephia","Metacnephia borealis","0","100.00"
"CBAY0028_BF_A","MCHAA364-19[BOLD:AAB3041]","Arthropoda","Insecta","Diptera","Simuliidae","Simuliinae","Simuliini","Metacnephia","Metacnephia borealis","0","100.00"
"CBAY0028_BF_A","MCHAA397-19[BOLD:AAB3041]","Arthropoda","Insecta","Diptera","Simuliidae","Simuliinae","Simuliini","Metacnephia","Metacnephia borealis","0","100.00"
"CBAY0028_BF_A","MCHAB584-19[BOLD:AAB3041]","Arthropoda","Insecta","Diptera","Simuliidae","Simuliinae","Simuliini","Metacnephia","Metacnephia borealis","0","100.00"
"CBAY0028_BF_A","MCHAB708-19[BOLD:AAB3041]","Arthropoda","Insecta","Diptera","Simuliidae","Simuliinae","Simuliini","Metacnephia","Metacnephia borealis","0","100.00"
"CBAY0028_BF_A","MCHAD657-19[BOLD:AAB3041]","Arthropoda","Insecta","Diptera","Simuliidae","Simuliinae","Simuliini","Metacnephia","Metacnephia borealis","0","100.00"
"CBAY0028_BF_A","MCHAD837-19[BOLD:AAB3041]","Arthropoda","Insecta","Diptera","Simuliidae","Simuliinae","Simuliini","Metacnephia","Metacnephia borealis","0","100.00"
"CBAY0028_BF_A","ECIPY182-10[BOLD:AAB3041]","Arthropoda","Insecta","Diptera","Simuliidae","Simuliinae","Simuliini","Metacnephia","","0","99.85"
"CBAY0028_BF_A","MCHAB940-19[BOLD:AAB3041]","Arthropoda","Insecta","Diptera","Simuliidae","Simuliinae","Simuliini","Metacnephia","Metacnephia borealis","0","99.85"
"CBAY0028_BF_A","MCHAD1437-19[BOLD:AAB3041]","Arthropoda","Insecta","Diptera","Simuliidae","Simuliinae","Simuliini","Metacnephia","Metacnephia borealis","0","99.85"
"CBAY0033_BF_A","BCHAR2715-18[BOLD:AAB3041]","Arthropoda","Insecta","Diptera","Simuliidae","Simuliinae","Simuliini","Metacnephia","Metacnephia borealis","0","100.00"
"CBAY0033_BF_A","BCHAR2721-18[BOLD:AAB3041]","Arthropoda","Insecta","Diptera","Simuliidae","Simuliinae","Simuliini","Metacnephia","Metacnephia borealis","0","100.00"
"CBAY0033_BF_A","DNARA1604-21[BOLD:AAB3041]","Arthropoda","Insecta","Diptera","Simuliidae","Simuliinae","Simuliini","Metacnephia","Metacnephia borealis","0","100.00"
"CBAY0033_BF_A","DNARB2351-23[BOLD:AAB3041]","Arthropoda","Insecta","Diptera","Simuliidae","Simuliinae","Simuliini","Metacnephia","Metacnephia borealis","0","100.00"
"CBAY0033_BF_A","DNARB3677-23[BOLD:AAB3041]","Arthropoda","Insecta","Diptera","Simuliidae","Simuliinae","Simuliini","Metacnephia","Metacnephia borealis","0","100.00"
"CBAY0033_BF_A","DNARB573-23[BOLD:AAB3041]","Arthropoda","Insecta","Diptera","Simuliidae","Simuliinae","Simuliini","Metacnephia","Metacnephia borealis","0","100.00"
"CBAY0033_BF_A","FCHAR9058-19[BOLD:AAB3041]","Arthropoda","Insecta","Diptera","Simuliidae","Simuliinae","Simuliini","Metacnephia","Metacnephia borealis","0","100.00"
"CBAY0033_BF_A","GCHAR932-19[BOLD:AAB3041]","Arthropoda","Insecta","Diptera","Simuliidae","Simuliinae","Simuliini","Metacnephia","Metacnephia borealis","0","100.00"
"CBAY0033_BF_A","ECIPY182-10[BOLD:AAB3041]","Arthropoda","Insecta","Diptera","Simuliidae","Simuliinae","Simuliini","Metacnephia","","0","99.85"
"CBAY0033_BF_A","DNARB2082-23[BOLD:AAB3041]","Arthropoda","Insecta","Diptera","Simuliidae","Simuliinae","Simuliini","Metacnephia","Metacnephia borealis","0","99.85"
"CBAY0033_BF_A","DNARB2088-23[BOLD:AAB3041]","Arthropoda","Insecta","Diptera","Simuliidae","Simuliinae","Simuliini","Metacnephia","Metacnephia borealis","0","99.85"
"CBAY0033_BF_A","DNARB2319-23[BOLD:AAB3041]","Arthropoda","Insecta","Diptera","Simuliidae","Simuliinae","Simuliini","Metacnephia","Metacnephia borealis","0","99.85"
"CBAY0033_BF_A","DNARB2511-23[BOLD:AAB3041]","Arthropoda","Insecta","Diptera","Simuliidae","Simuliinae","Simuliini","Metacnephia","Metacnephia borealis","0","99.85"
"CBAY0033_BF_A","DNARB3710-23[BOLD:AAB3041]","Arthropoda","Insecta","Diptera","Simuliidae","Simuliinae","Simuliini","Metacnephia","Metacnephia borealis","0","99.85"
"CBAY0033_BF_A","FCHAR9102-19[BOLD:AAB3041]","Arthropoda","Insecta","Diptera","Simuliidae","Simuliinae","Simuliini","Metacnephia","Metacnephia borealis","0","99.85"
"CBAY0033_BF_A","MCHAB940-19[BOLD:AAB3041]","Arthropoda","Insecta","Diptera","Simuliidae","Simuliinae","Simuliini","Metacnephia","Metacnephia borealis","0","99.85"
"CBAY0033_BF_A","MCHAC2307-19[BOLD:AAB3041]","Arthropoda","Insecta","Diptera","Simuliidae","Simuliinae","Simuliini","Metacnephia","Metacnephia borealis","0","99.85"
"CBAY0033_BF_A","MCHAC498-19[BOLD:AAB3041]","Arthropoda","Insecta","Diptera","Simuliidae","Simuliinae","Simuliini","Metacnephia","Metacnephia borealis","0","99.85"
"CBAY0033_BF_A","MCHAD1310-19[BOLD:AAB3041]","Arthropoda","Insecta","Diptera","Simuliidae","Simuliinae","Simuliini","Metacnephia","Metacnephia borealis","0","99.85"
"CBAY0033_BF_A","MCHAD1417-19[BOLD:AAB3041]","Arthropoda","Insecta","Diptera","Simuliidae","Simuliinae","Simuliini","Metacnephia","Metacnephia borealis","0","99.85"
"CBAY0033_BF_A","MCHAD605-19[BOLD:AAB3041]","Arthropoda","Insecta","Diptera","Simuliidae","Simuliinae","Simuliini","Metacnephia","Metacnephia borealis","0","99.85"
"CBAY0033_BF_A","MCHAD622-19[BOLD:AAB3041]","Arthropoda","Insecta","Diptera","Simuliidae","Simuliinae","Simuliini","Metacnephia","Metacnephia borealis","0","99.85"
"CBAY0033_BF_A","POLCO7646-20[BOLD:AAB3041]","Arthropoda","Insecta","Diptera","Simuliidae","Simuliinae","Simuliini","Metacnephia","Metacnephia borealis","0","99.85"
"CBAY0033_BF_A","MCHAD837-19[BOLD:AAB3041]","Arthropoda","Insecta","Diptera","Simuliidae","Simuliinae","Simuliini","Metacnephia","Metacnephia borealis","0","99.70"
"CBAY0033_BF_A","NBPSI173-11[BOLD:AAB3041]","Arthropoda","Insecta","Diptera","Simuliidae","Simuliinae","Simuliini","Metacnephia","Metacnephia borealis","0","99.70"
"CBAY0034_BF_A","DNARB2314-23[BOLD:AAB3041]","Arthropoda","Insecta","Diptera","Simuliidae","Simuliinae","Simuliini","Metacnephia","Metacnephia borealis","0","100.00"
"CBAY0034_BF_A","ACHAR1485-18[BOLD:AAB3041]","Arthropoda","Insecta","Diptera","Simuliidae","Simuliinae","Simuliini","Metacnephia","Metacnephia borealis","0","99.85"
"CBAY0034_BF_A","BCHAR2040-18[BOLD:AAB3041]","Arthropoda","Insecta","Diptera","Simuliidae","Simuliinae","Simuliini","Metacnephia","Metacnephia borealis","0","99.85"
"CBAY0034_BF_A","DNARB2042-23[BOLD:AAB3041]","Arthropoda","Insecta","Diptera","Simuliidae","Simuliinae","Simuliini","Metacnephia","Metacnephia borealis","0","99.85"
"CBAY0034_BF_A","DNARB2077-23[BOLD:AAB3041]","Arthropoda","Insecta","Diptera","Simuliidae","Simuliinae","Simuliini","Metacnephia","Metacnephia borealis","0","99.85"
"CBAY0034_BF_A","DNARB2196-23[BOLD:AAB3041]","Arthropoda","Insecta","Diptera","Simuliidae","Simuliinae","Simuliini","Metacnephia","Metacnephia borealis","0","99.85"
"CBAY0034_BF_A","DNARB224-23[BOLD:AAB3041]","Arthropoda","Insecta","Diptera","Simuliidae","Simuliinae","Simuliini","Metacnephia","Metacnephia borealis","0","99.85"
"CBAY0034_BF_A","DNARB2298-23[BOLD:AAB3041]","Arthropoda","Insecta","Diptera","Simuliidae","Simuliinae","Simuliini","Metacnephia","Metacnephia borealis","0","99.85"
"CBAY0034_BF_A","DNARB2331-23[BOLD:AAB3041]","Arthropoda","Insecta","Diptera","Simuliidae","Simuliinae","Simuliini","Metacnephia","Metacnephia borealis","0","99.85"
"CBAY0034_BF_A","DNARB3644-23[BOLD:AAB3041]","Arthropoda","Insecta","Diptera","Simuliidae","Simuliinae","Simuliini","Metacnephia","Metacnephia borealis","0","99.85"
"CBAY0034_BF_A","DNARB3695-23[BOLD:AAB3041]","Arthropoda","Insecta","Diptera","Simuliidae","Simuliinae","Simuliini","Metacnephia","Metacnephia borealis","0","99.85"
"CBAY0034_BF_A","DNARB3698-23[BOLD:AAB3041]","Arthropoda","Insecta","Diptera","Simuliidae","Simuliinae","Simuliini","Metacnephia","Metacnephia borealis","0","99.85"
"CBAY0034_BF_A","DNARB617-23[BOLD:AAB3041]","Arthropoda","Insecta","Diptera","Simuliidae","Simuliinae","Simuliini","Metacnephia","Metacnephia borealis","0","99.85"
"CBAY0034_BF_A","DNARB619-23[BOLD:AAB3041]","Arthropoda","Insecta","Diptera","Simuliidae","Simuliinae","Simuliini","Metacnephia","Metacnephia borealis","0","99.85"
"CBAY0034_BF_A","DNARB635-23[BOLD:AAB3041]","Arthropoda","Insecta","Diptera","Simuliidae","Simuliinae","Simuliini","Metacnephia","Metacnephia borealis","0","99.85"
"CBAY0034_BF_A","FCHAR9124-19[BOLD:AAB3041]","Arthropoda","Insecta","Diptera","Simuliidae","Simuliinae","Simuliini","Metacnephia","Metacnephia borealis","0","99.85"
"CBAY0034_BF_A","MCHAA364-19[BOLD:AAB3041]","Arthropoda","Insecta","Diptera","Simuliidae","Simuliinae","Simuliini","Metacnephia","Metacnephia borealis","0","99.85"
"CBAY0034_BF_A","MCHAA397-19[BOLD:AAB3041]","Arthropoda","Insecta","Diptera","Simuliidae","Simuliinae","Simuliini","Metacnephia","Metacnephia borealis","0","99.85"
"CBAY0034_BF_A","MCHAB584-19[BOLD:AAB3041]","Arthropoda","Insecta","Diptera","Simuliidae","Simuliinae","Simuliini","Metacnephia","Metacnephia borealis","0","99.85"
"CBAY0034_BF_A","MCHAB708-19[BOLD:AAB3041]","Arthropoda","Insecta","Diptera","Simuliidae","Simuliinae","Simuliini","Metacnephia","Metacnephia borealis","0","99.85"
"CBAY0034_BF_A","MCHAD657-19[BOLD:AAB3041]","Arthropoda","Insecta","Diptera","Simuliidae","Simuliinae","Simuliini","Metacnephia","Metacnephia borealis","0","99.85"
"CBAY0034_BF_A","MCHAD837-19[BOLD:AAB3041]","Arthropoda","Insecta","Diptera","Simuliidae","Simuliinae","Simuliini","Metacnephia","Metacnephia borealis","0","99.85"
"CBAY0034_BF_A","ECIPY182-10[BOLD:AAB3041]","Arthropoda","Insecta","Diptera","Simuliidae","Simuliinae","Simuliini","Metacnephia","","0","99.70"
"CBAY0034_BF_A","MCHAB940-19[BOLD:AAB3041]","Arthropoda","Insecta","Diptera","Simuliidae","Simuliinae","Simuliini","Metacnephia","Metacnephia borealis","0","99.70"
"CBAY0034_BF_A","MCHAD1437-19[BOLD:AAB3041]","Arthropoda","Insecta","Diptera","Simuliidae","Simuliinae","Simuliini","Metacnephia","Metacnephia borealis","0","99.70"
"CBAY0034_BF_B","BCHAR2242-18[BOLD:AAB3041]","Arthropoda","Insecta","Diptera","Simuliidae","Simuliinae","Simuliini","Metacnephia","Metacnephia borealis","0","100.00"
"CBAY0034_BF_B","BCHAR2710-18[BOLD:AAB3041]","Arthropoda","Insecta","Diptera","Simuliidae","Simuliinae","Simuliini","Metacnephia","Metacnephia borealis","0","100.00"
"CBAY0034_BF_B","DNARA1722-21[BOLD:AAB3041]","Arthropoda","Insecta","Diptera","Simuliidae","Simuliinae","Simuliini","Metacnephia","Metacnephia borealis","0","100.00"
"CBAY0034_BF_B","DNARB2194-23[BOLD:AAB3041]","Arthropoda","Insecta","Diptera","Simuliidae","Simuliinae","Simuliini","Metacnephia","Metacnephia borealis","0","100.00"
"CBAY0034_BF_B","DNARB220-23[BOLD:AAB3041]","Arthropoda","Insecta","Diptera","Simuliidae","Simuliinae","Simuliini","Metacnephia","Metacnephia borealis","0","100.00"
"CBAY0034_BF_B","DNARB2201-23[BOLD:AAB3041]","Arthropoda","Insecta","Diptera","Simuliidae","Simuliinae","Simuliini","Metacnephia","Metacnephia borealis","0","100.00"
"CBAY0034_BF_B","DNARB2311-23[BOLD:AAB3041]","Arthropoda","Insecta","Diptera","Simuliidae","Simuliinae","Simuliini","Metacnephia","Metacnephia borealis","0","100.00"
"CBAY0034_BF_B","DNARB3635-23[BOLD:AAB3041]","Arthropoda","Insecta","Diptera","Simuliidae","Simuliinae","Simuliini","Metacnephia","Metacnephia borealis","0","100.00"
"CBAY0034_BF_B","FCHAR9121-19[BOLD:AAB3041]","Arthropoda","Insecta","Diptera","Simuliidae","Simuliinae","Simuliini","Metacnephia","Metacnephia borealis","0","100.00"
"CBAY0034_BF_B","ECIPY182-10[BOLD:AAB3041]","Arthropoda","Insecta","Diptera","Simuliidae","Simuliinae","Simuliini","Metacnephia","","0","99.85"
"CBAY0034_BF_B","DNARB2082-23[BOLD:AAB3041]","Arthropoda","Insecta","Diptera","Simuliidae","Simuliinae","Simuliini","Metacnephia","Metacnephia borealis","0","99.85"
"CBAY0034_BF_B","DNARB2088-23[BOLD:AAB3041]","Arthropoda","Insecta","Diptera","Simuliidae","Simuliinae","Simuliini","Metacnephia","Metacnephia borealis","0","99.85"
"CBAY0034_BF_B","DNARB2319-23[BOLD:AAB3041]","Arthropoda","Insecta","Diptera","Simuliidae","Simuliinae","Simuliini","Metacnephia","Metacnephia borealis","0","99.85"
"CBAY0034_BF_B","DNARB2511-23[BOLD:AAB3041]","Arthropoda","Insecta","Diptera","Simuliidae","Simuliinae","Simuliini","Metacnephia","Metacnephia borealis","0","99.85"
"CBAY0034_BF_B","DNARB3710-23[BOLD:AAB3041]","Arthropoda","Insecta","Diptera","Simuliidae","Simuliinae","Simuliini","Metacnephia","Metacnephia borealis","0","99.85"
"CBAY0034_BF_B","DNARB3737-23[BOLD:AAB3041]","Arthropoda","Insecta","Diptera","Simuliidae","Simuliinae","Simuliini","Metacnephia","Metacnephia borealis","0","99.85"
"CBAY0034_BF_B","FCHAR9102-19[BOLD:AAB3041]","Arthropoda","Insecta","Diptera","Simuliidae","Simuliinae","Simuliini","Metacnephia","Metacnephia borealis","0","99.85"
"CBAY0034_BF_B","FCHAR9123-19[BOLD:AAB3041]","Arthropoda","Insecta","Diptera","Simuliidae","Simuliinae","Simuliini","Metacnephia","Metacnephia borealis","0","99.85"
"CBAY0034_BF_B","MCHAB940-19[BOLD:AAB3041]","Arthropoda","Insecta","Diptera","Simuliidae","Simuliinae","Simuliini","Metacnephia","Metacnephia borealis","0","99.85"
"CBAY0034_BF_B","MCHAC498-19[BOLD:AAB3041]","Arthropoda","Insecta","Diptera","Simuliidae","Simuliinae","Simuliini","Metacnephia","Metacnephia borealis","0","99.85"
"CBAY0034_BF_B","MCHAD1417-19[BOLD:AAB3041]","Arthropoda","Insecta","Diptera","Simuliidae","Simuliinae","Simuliini","Metacnephia","Metacnephia borealis","0","99.85"
"CBAY0034_BF_B","MCHAD1488-19[BOLD:AAB3041]","Arthropoda","Insecta","Diptera","Simuliidae","Simuliinae","Simuliini","Metacnephia","Metacnephia borealis","0","99.85"
"CBAY0034_BF_B","MCHAD605-19[BOLD:AAB3041]","Arthropoda","Insecta","Diptera","Simuliidae","Simuliinae","Simuliini","Metacnephia","Metacnephia borealis","0","99.85"
"CBAY0034_BF_B","POLCO7646-20[BOLD:AAB3041]","Arthropoda","Insecta","Diptera","Simuliidae","Simuliinae","Simuliini","Metacnephia","Metacnephia borealis","0","99.85"
"CBAY0034_BF_B","MCHAD837-19[BOLD:AAB3041]","Arthropoda","Insecta","Diptera","Simuliidae","Simuliinae","Simuliini","Metacnephia","Metacnephia borealis","0","99.70"
"CBAY0034_BF_G","ECIPY182-10[BOLD:AAB3041]","Arthropoda","Insecta","Diptera","Simuliidae","Simuliinae","Simuliini","Metacnephia","","0","99.85"
"CBAY0034_BF_G","BCHAR912-18[BOLD:AAB3041]","Arthropoda","Insecta","Diptera","Simuliidae","Simuliinae","Simuliini","Metacnephia","Metacnephia borealis","0","99.85"
"CBAY0034_BF_G","DNARB2082-23[BOLD:AAB3041]","Arthropoda","Insecta","Diptera","Simuliidae","Simuliinae","Simuliini","Metacnephia","Metacnephia borealis","0","99.85"
"CBAY0034_BF_G","DNARB2088-23[BOLD:AAB3041]","Arthropoda","Insecta","Diptera","Simuliidae","Simuliinae","Simuliini","Metacnephia","Metacnephia borealis","0","99.85"
"CBAY0034_BF_G","DNARB2319-23[BOLD:AAB3041]","Arthropoda","Insecta","Diptera","Simuliidae","Simuliinae","Simuliini","Metacnephia","Metacnephia borealis","0","99.85"
"CBAY0034_BF_G","DNARB2511-23[BOLD:AAB3041]","Arthropoda","Insecta","Diptera","Simuliidae","Simuliinae","Simuliini","Metacnephia","Metacnephia borealis","0","99.85"
"CBAY0034_BF_G","DNARB3710-23[BOLD:AAB3041]","Arthropoda","Insecta","Diptera","Simuliidae","Simuliinae","Simuliini","Metacnephia","Metacnephia borealis","0","99.85"
"CBAY0034_BF_G","FCHAR4863-19[BOLD:AAB3041]","Arthropoda","Insecta","Diptera","Simuliidae","Simuliinae","Simuliini","Metacnephia","Metacnephia borealis","0","99.85"
"CBAY0034_BF_G","FCHAR9102-19[BOLD:AAB3041]","Arthropoda","Insecta","Diptera","Simuliidae","Simuliinae","Simuliini","Metacnephia","Metacnephia borealis","0","99.85"
"CBAY0034_BF_G","FCHAR9123-19[BOLD:AAB3041]","Arthropoda","Insecta","Diptera","Simuliidae","Simuliinae","Simuliini","Metacnephia","Metacnephia borealis","0","99.85"
"CBAY0034_BF_G","MCHAB940-19[BOLD:AAB3041]","Arthropoda","Insecta","Diptera","Simuliidae","Simuliinae","Simuliini","Metacnephia","Metacnephia borealis","0","99.85"
"CBAY0034_BF_G","MCHAC498-19[BOLD:AAB3041]","Arthropoda","Insecta","Diptera","Simuliidae","Simuliinae","Simuliini","Metacnephia","Metacnephia borealis","0","99.85"
"CBAY0034_BF_G","MCHAC528-19[BOLD:AAB3041]","Arthropoda","Insecta","Diptera","Simuliidae","Simuliinae","Simuliini","Metacnephia","Metacnephia borealis","0","99.85"
"CBAY0034_BF_G","MCHAD1417-19[BOLD:AAB3041]","Arthropoda","Insecta","Diptera","Simuliidae","Simuliinae","Simuliini","Metacnephia","Metacnephia borealis","0","99.85"
"CBAY0034_BF_G","MCHAD605-19[BOLD:AAB3041]","Arthropoda","Insecta","Diptera","Simuliidae","Simuliinae","Simuliini","Metacnephia","Metacnephia borealis","0","99.85"
"CBAY0034_BF_G","POLCO7646-20[BOLD:AAB3041]","Arthropoda","Insecta","Diptera","Simuliidae","Simuliinae","Simuliini","Metacnephia","Metacnephia borealis","0","99.85"
"CBAY0034_BF_G","ECIPY178-10[BOLD:AAB3041]","Arthropoda","Insecta","Diptera","Simuliidae","Simuliinae","Simuliini","Metacnephia","","0","99.70"
"CBAY0034_BF_G","ECIPY179-10[BOLD:AAB3041]","Arthropoda","Insecta","Diptera","Simuliidae","Simuliinae","Simuliini","Metacnephia","","0","99.70"
"CBAY0034_BF_G","ACHAR1485-18[BOLD:AAB3041]","Arthropoda","Insecta","Diptera","Simuliidae","Simuliinae","Simuliini","Metacnephia","Metacnephia borealis","0","99.70"
"CBAY0034_BF_G","DNARB3698-23[BOLD:AAB3041]","Arthropoda","Insecta","Diptera","Simuliidae","Simuliinae","Simuliini","Metacnephia","Metacnephia borealis","0","99.70"
"CBAY0034_BF_G","FCHAR9056-19[BOLD:AAB3041]","Arthropoda","Insecta","Diptera","Simuliidae","Simuliinae","Simuliini","Metacnephia","Metacnephia borealis","0","99.70"
"CBAY0034_BF_G","FCHAR9058-19[BOLD:AAB3041]","Arthropoda","Insecta","Diptera","Simuliidae","Simuliinae","Simuliini","Metacnephia","Metacnephia borealis","0","99.70"
"CBAY0034_BF_G","FCHAR9124-19[BOLD:AAB3041]","Arthropoda","Insecta","Diptera","Simuliidae","Simuliinae","Simuliini","Metacnephia","Metacnephia borealis","0","99.70"
"CBAY0034_BF_G","MCHAD657-19[BOLD:AAB3041]","Arthropoda","Insecta","Diptera","Simuliidae","Simuliinae","Simuliini","Metacnephia","Metacnephia borealis","0","99.70"
"CBAY0034_BF_G","MCHAD837-19[BOLD:AAB3041]","Arthropoda","Insecta","Diptera","Simuliidae","Simuliinae","Simuliini","Metacnephia","Metacnephia borealis","0","99.70"
"CBAY0034_BF_H","ACHAR1485-18[BOLD:AAB3041]","Arthropoda","Insecta","Diptera","Simuliidae","Simuliinae","Simuliini","Metacnephia","Metacnephia borealis","0","99.85"
"CBAY0034_BF_H","BCHAR2040-18[BOLD:AAB3041]","Arthropoda","Insecta","Diptera","Simuliidae","Simuliinae","Simuliini","Metacnephia","Metacnephia borealis","0","99.85"
"CBAY0034_BF_H","DNARB2042-23[BOLD:AAB3041]","Arthropoda","Insecta","Diptera","Simuliidae","Simuliinae","Simuliini","Metacnephia","Metacnephia borealis","0","99.85"
"CBAY0034_BF_H","DNARB2077-23[BOLD:AAB3041]","Arthropoda","Insecta","Diptera","Simuliidae","Simuliinae","Simuliini","Metacnephia","Metacnephia borealis","0","99.85"
"CBAY0034_BF_H","DNARB2196-23[BOLD:AAB3041]","Arthropoda","Insecta","Diptera","Simuliidae","Simuliinae","Simuliini","Metacnephia","Metacnephia borealis","0","99.85"
"CBAY0034_BF_H","DNARB224-23[BOLD:AAB3041]","Arthropoda","Insecta","Diptera","Simuliidae","Simuliinae","Simuliini","Metacnephia","Metacnephia borealis","0","99.85"
"CBAY0034_BF_H","DNARB2298-23[BOLD:AAB3041]","Arthropoda","Insecta","Diptera","Simuliidae","Simuliinae","Simuliini","Metacnephia","Metacnephia borealis","0","99.85"
"CBAY0034_BF_H","DNARB2323-23[BOLD:AAB3041]","Arthropoda","Insecta","Diptera","Simuliidae","Simuliinae","Simuliini","Metacnephia","Metacnephia borealis","0","99.85"
"CBAY0034_BF_H","DNARB2331-23[BOLD:AAB3041]","Arthropoda","Insecta","Diptera","Simuliidae","Simuliinae","Simuliini","Metacnephia","Metacnephia borealis","0","99.85"
"CBAY0034_BF_H","DNARB3644-23[BOLD:AAB3041]","Arthropoda","Insecta","Diptera","Simuliidae","Simuliinae","Simuliini","Metacnephia","Metacnephia borealis","0","99.85"
"CBAY0034_BF_H","DNARB3695-23[BOLD:AAB3041]","Arthropoda","Insecta","Diptera","Simuliidae","Simuliinae","Simuliini","Metacnephia","Metacnephia borealis","0","99.85"
"CBAY0034_BF_H","DNARB3698-23[BOLD:AAB3041]","Arthropoda","Insecta","Diptera","Simuliidae","Simuliinae","Simuliini","Metacnephia","Metacnephia borealis","0","99.85"
"CBAY0034_BF_H","DNARB617-23[BOLD:AAB3041]","Arthropoda","Insecta","Diptera","Simuliidae","Simuliinae","Simuliini","Metacnephia","Metacnephia borealis","0","99.85"
"CBAY0034_BF_H","DNARB619-23[BOLD:AAB3041]","Arthropoda","Insecta","Diptera","Simuliidae","Simuliinae","Simuliini","Metacnephia","Metacnephia borealis","0","99.85"
"CBAY0034_BF_H","DNARB635-23[BOLD:AAB3041]","Arthropoda","Insecta","Diptera","Simuliidae","Simuliinae","Simuliini","Metacnephia","Metacnephia borealis","0","99.85"
"CBAY0034_BF_H","FCHAR9124-19[BOLD:AAB3041]","Arthropoda","Insecta","Diptera","Simuliidae","Simuliinae","Simuliini","Metacnephia","Metacnephia borealis","0","99.85"
"CBAY0034_BF_H","MCHAA364-19[BOLD:AAB3041]","Arthropoda","Insecta","Diptera","Simuliidae","Simuliinae","Simuliini","Metacnephia","Metacnephia borealis","0","99.85"
"CBAY0034_BF_H","MCHAA397-19[BOLD:AAB3041]","Arthropoda","Insecta","Diptera","Simuliidae","Simuliinae","Simuliini","Metacnephia","Metacnephia borealis","0","99.85"
"CBAY0034_BF_H","MCHAB584-19[BOLD:AAB3041]","Arthropoda","Insecta","Diptera","Simuliidae","Simuliinae","Simuliini","Metacnephia","Metacnephia borealis","0","99.85"
"CBAY0034_BF_H","MCHAB708-19[BOLD:AAB3041]","Arthropoda","Insecta","Diptera","Simuliidae","Simuliinae","Simuliini","Metacnephia","Metacnephia borealis","0","99.85"
"CBAY0034_BF_H","MCHAD657-19[BOLD:AAB3041]","Arthropoda","Insecta","Diptera","Simuliidae","Simuliinae","Simuliini","Metacnephia","Metacnephia borealis","0","99.85"
"CBAY0034_BF_H","MCHAD837-19[BOLD:AAB3041]","Arthropoda","Insecta","Diptera","Simuliidae","Simuliinae","Simuliini","Metacnephia","Metacnephia borealis","0","99.85"
"CBAY0034_BF_H","ECIPY182-10[BOLD:AAB3041]","Arthropoda","Insecta","Diptera","Simuliidae","Simuliinae","Simuliini","Metacnephia","","0","99.70"
"CBAY0034_BF_H","MCHAB940-19[BOLD:AAB3041]","Arthropoda","Insecta","Diptera","Simuliidae","Simuliinae","Simuliini","Metacnephia","Metacnephia borealis","0","99.70"
"CBAY0034_BF_H","MCHAD1437-19[BOLD:AAB3041]","Arthropoda","Insecta","Diptera","Simuliidae","Simuliinae","Simuliini","Metacnephia","Metacnephia borealis","0","99.70"
"CBAY0035_BF_D","BCHAR2062-18[BOLD:AAB3041]","Arthropoda","Insecta","Diptera","Simuliidae","Simuliinae","Simuliini","Metacnephia","Metacnephia borealis","0","100.00"
"CBAY0035_BF_D","DNARA450-21[BOLD:AAB3041]","Arthropoda","Insecta","Diptera","Simuliidae","Simuliinae","Simuliini","Metacnephia","Metacnephia borealis","0","100.00"
"CBAY0035_BF_D","DNARB2356-23[BOLD:AAB3041]","Arthropoda","Insecta","Diptera","Simuliidae","Simuliinae","Simuliini","Metacnephia","Metacnephia borealis","0","100.00"
"CBAY0035_BF_D","DNARB2359-23[BOLD:AAB3041]","Arthropoda","Insecta","Diptera","Simuliidae","Simuliinae","Simuliini","Metacnephia","Metacnephia borealis","0","100.00"
"CBAY0035_BF_D","DNARB3645-23[BOLD:AAB3041]","Arthropoda","Insecta","Diptera","Simuliidae","Simuliinae","Simuliini","Metacnephia","Metacnephia borealis","0","100.00"
"CBAY0035_BF_D","DNARB3664-23[BOLD:AAB3041]","Arthropoda","Insecta","Diptera","Simuliidae","Simuliinae","Simuliini","Metacnephia","Metacnephia borealis","0","100.00"
"CBAY0035_BF_D","DNARB3692-23[BOLD:AAB3041]","Arthropoda","Insecta","Diptera","Simuliidae","Simuliinae","Simuliini","Metacnephia","Metacnephia borealis","0","100.00"
"CBAY0035_BF_D","DNARB616-23[BOLD:AAB3041]","Arthropoda","Insecta","Diptera","Simuliidae","Simuliinae","Simuliini","Metacnephia","Metacnephia borealis","0","100.00"
"CBAY0035_BF_D","GCHAR931-19[BOLD:AAB3041]","Arthropoda","Insecta","Diptera","Simuliidae","Simuliinae","Simuliini","Metacnephia","Metacnephia borealis","0","100.00"
"CBAY0035_BF_D","ACHAR1485-18[BOLD:AAB3041]","Arthropoda","Insecta","Diptera","Simuliidae","Simuliinae","Simuliini","Metacnephia","Metacnephia borealis","0","99.85"
"CBAY0035_BF_D","BCHAR2040-18[BOLD:AAB3041]","Arthropoda","Insecta","Diptera","Simuliidae","Simuliinae","Simuliini","Metacnephia","Metacnephia borealis","0","99.85"
"CBAY0035_BF_D","DNARB2042-23[BOLD:AAB3041]","Arthropoda","Insecta","Diptera","Simuliidae","Simuliinae","Simuliini","Metacnephia","Metacnephia borealis","0","99.85"
"CBAY0035_BF_D","DNARB2077-23[BOLD:AAB3041]","Arthropoda","Insecta","Diptera","Simuliidae","Simuliinae","Simuliini","Metacnephia","Metacnephia borealis","0","99.85"
"CBAY0035_BF_D","DNARB2196-23[BOLD:AAB3041]","Arthropoda","Insecta","Diptera","Simuliidae","Simuliinae","Simuliini","Metacnephia","Metacnephia borealis","0","99.85"
"CBAY0035_BF_D","DNARB224-23[BOLD:AAB3041]","Arthropoda","Insecta","Diptera","Simuliidae","Simuliinae","Simuliini","Metacnephia","Metacnephia borealis","0","99.85"
"CBAY0035_BF_D","DNARB2298-23[BOLD:AAB3041]","Arthropoda","Insecta","Diptera","Simuliidae","Simuliinae","Simuliini","Metacnephia","Metacnephia borealis","0","99.85"
"CBAY0035_BF_D","DNARB3644-23[BOLD:AAB3041]","Arthropoda","Insecta","Diptera","Simuliidae","Simuliinae","Simuliini","Metacnephia","Metacnephia borealis","0","99.85"
"CBAY0035_BF_D","DNARB3695-23[BOLD:AAB3041]","Arthropoda","Insecta","Diptera","Simuliidae","Simuliinae","Simuliini","Metacnephia","Metacnephia borealis","0","99.85"
"CBAY0035_BF_D","DNARB3698-23[BOLD:AAB3041]","Arthropoda","Insecta","Diptera","Simuliidae","Simuliinae","Simuliini","Metacnephia","Metacnephia borealis","0","99.85"
"CBAY0035_BF_D","DNARB617-23[BOLD:AAB3041]","Arthropoda","Insecta","Diptera","Simuliidae","Simuliinae","Simuliini","Metacnephia","Metacnephia borealis","0","99.85"
"CBAY0035_BF_D","FCHAR9124-19[BOLD:AAB3041]","Arthropoda","Insecta","Diptera","Simuliidae","Simuliinae","Simuliini","Metacnephia","Metacnephia borealis","0","99.85"
"CBAY0035_BF_D","MCHAA364-19[BOLD:AAB3041]","Arthropoda","Insecta","Diptera","Simuliidae","Simuliinae","Simuliini","Metacnephia","Metacnephia borealis","0","99.85"
"CBAY0035_BF_D","MCHAD657-19[BOLD:AAB3041]","Arthropoda","Insecta","Diptera","Simuliidae","Simuliinae","Simuliini","Metacnephia","Metacnephia borealis","0","99.85"
"CBAY0035_BF_D","MCHAD837-19[BOLD:AAB3041]","Arthropoda","Insecta","Diptera","Simuliidae","Simuliinae","Simuliini","Metacnephia","Metacnephia borealis","0","99.85"
"CBAY0035_BF_D","MCHAD1437-19[BOLD:AAB3041]","Arthropoda","Insecta","Diptera","Simuliidae","Simuliinae","Simuliini","Metacnephia","Metacnephia borealis","0","99.70"
"CBAY0035_BF_E","BCHAR2707-18[BOLD:AAB3041]","Arthropoda","Insecta","Diptera","Simuliidae","Simuliinae","Simuliini","Metacnephia","Metacnephia borealis","0","100.00"
"CBAY0035_BF_E","BCHAR2718-18[BOLD:AAB3041]","Arthropoda","Insecta","Diptera","Simuliidae","Simuliinae","Simuliini","Metacnephia","Metacnephia borealis","0","100.00"
"CBAY0035_BF_E","DNARA394-21[BOLD:AAB3041]","Arthropoda","Insecta","Diptera","Simuliidae","Simuliinae","Simuliini","Metacnephia","Metacnephia borealis","0","100.00"
"CBAY0035_BF_E","DNARB2308-23[BOLD:AAB3041]","Arthropoda","Insecta","Diptera","Simuliidae","Simuliinae","Simuliini","Metacnephia","Metacnephia borealis","0","100.00"
"CBAY0035_BF_E","DNARB2336-23[BOLD:AAB3041]","Arthropoda","Insecta","Diptera","Simuliidae","Simuliinae","Simuliini","Metacnephia","Metacnephia borealis","0","100.00"
"CBAY0035_BF_E","DNARB3641-23[BOLD:AAB3041]","Arthropoda","Insecta","Diptera","Simuliidae","Simuliinae","Simuliini","Metacnephia","Metacnephia borealis","0","100.00"
"CBAY0035_BF_E","DNARB575-23[BOLD:AAB3041]","Arthropoda","Insecta","Diptera","Simuliidae","Simuliinae","Simuliini","Metacnephia","Metacnephia borealis","0","100.00"
"CBAY0035_BF_E","FCHAR8736-19[BOLD:AAB3041]","Arthropoda","Insecta","Diptera","Simuliidae","Simuliinae","Simuliini","Metacnephia","Metacnephia borealis","0","100.00"
"CBAY0035_BF_E","ECIPY182-10[BOLD:AAB3041]","Arthropoda","Insecta","Diptera","Simuliidae","Simuliinae","Simuliini","Metacnephia","","0","99.85"
"CBAY0035_BF_E","DNARB2082-23[BOLD:AAB3041]","Arthropoda","Insecta","Diptera","Simuliidae","Simuliinae","Simuliini","Metacnephia","Metacnephia borealis","0","99.85"
"CBAY0035_BF_E","DNARB2088-23[BOLD:AAB3041]","Arthropoda","Insecta","Diptera","Simuliidae","Simuliinae","Simuliini","Metacnephia","Metacnephia borealis","0","99.85"
"CBAY0035_BF_E","DNARB2319-23[BOLD:AAB3041]","Arthropoda","Insecta","Diptera","Simuliidae","Simuliinae","Simuliini","Metacnephia","Metacnephia borealis","0","99.85"
"CBAY0035_BF_E","DNARB2511-23[BOLD:AAB3041]","Arthropoda","Insecta","Diptera","Simuliidae","Simuliinae","Simuliini","Metacnephia","Metacnephia borealis","0","99.85"
"CBAY0035_BF_E","DNARB3710-23[BOLD:AAB3041]","Arthropoda","Insecta","Diptera","Simuliidae","Simuliinae","Simuliini","Metacnephia","Metacnephia borealis","0","99.85"
"CBAY0035_BF_E","FCHAR4863-19[BOLD:AAB3041]","Arthropoda","Insecta","Diptera","Simuliidae","Simuliinae","Simuliini","Metacnephia","Metacnephia borealis","0","99.85"
"CBAY0035_BF_E","FCHAR9102-19[BOLD:AAB3041]","Arthropoda","Insecta","Diptera","Simuliidae","Simuliinae","Simuliini","Metacnephia","Metacnephia borealis","0","99.85"
"CBAY0035_BF_E","FCHAR9123-19[BOLD:AAB3041]","Arthropoda","Insecta","Diptera","Simuliidae","Simuliinae","Simuliini","Metacnephia","Metacnephia borealis","0","99.85"
"CBAY0035_BF_E","MCHAB940-19[BOLD:AAB3041]","Arthropoda","Insecta","Diptera","Simuliidae","Simuliinae","Simuliini","Metacnephia","Metacnephia borealis","0","99.85"
"CBAY0035_BF_E","MCHAC498-19[BOLD:AAB3041]","Arthropoda","Insecta","Diptera","Simuliidae","Simuliinae","Simuliini","Metacnephia","Metacnephia borealis","0","99.85"
"CBAY0035_BF_E","MCHAD1417-19[BOLD:AAB3041]","Arthropoda","Insecta","Diptera","Simuliidae","Simuliinae","Simuliini","Metacnephia","Metacnephia borealis","0","99.85"
"CBAY0035_BF_E","MCHAD605-19[BOLD:AAB3041]","Arthropoda","Insecta","Diptera","Simuliidae","Simuliinae","Simuliini","Metacnephia","Metacnephia borealis","0","99.85"
"CBAY0035_BF_E","POLCO7646-20[BOLD:AAB3041]","Arthropoda","Insecta","Diptera","Simuliidae","Simuliinae","Simuliini","Metacnephia","Metacnephia borealis","0","99.85"
"CBAY0035_BF_E","ECIPY178-10[BOLD:AAB3041]","Arthropoda","Insecta","Diptera","Simuliidae","Simuliinae","Simuliini","Metacnephia","","0","99.70"
"CBAY0035_BF_E","ECIPY179-10[BOLD:AAB3041]","Arthropoda","Insecta","Diptera","Simuliidae","Simuliinae","Simuliini","Metacnephia","","0","99.70"
"CBAY0035_BF_E","MCHAD837-19[BOLD:AAB3041]","Arthropoda","Insecta","Diptera","Simuliidae","Simuliinae","Simuliini","Metacnephia","Metacnephia borealis","0","99.70"
"CBAY0036_BF_C","DNARB2078-23[BOLD:AAB3041]","Arthropoda","Insecta","Diptera","Simuliidae","Simuliinae","Simuliini","Metacnephia","Metacnephia borealis","0","100.00"
"CBAY0036_BF_C","MCHAA1438-19[BOLD:AAB3041]","Arthropoda","Insecta","Diptera","Simuliidae","Simuliinae","Simuliini","Metacnephia","Metacnephia borealis","0","100.00"
"CBAY0036_BF_C","MCHAC282-19[BOLD:AAB3041]","Arthropoda","Insecta","Diptera","Simuliidae","Simuliinae","Simuliini","Metacnephia","Metacnephia borealis","0","100.00"
"CBAY0036_BF_C","MCHAC335-19[BOLD:AAB3041]","Arthropoda","Insecta","Diptera","Simuliidae","Simuliinae","Simuliini","Metacnephia","Metacnephia borealis","0","100.00"
"CBAY0036_BF_C","MCHAE1359-19[BOLD:AAB3041]","Arthropoda","Insecta","Diptera","Simuliidae","Simuliinae","Simuliini","Metacnephia","Metacnephia borealis","0","100.00"
"CBAY0036_BF_C","POLCO053-20[BOLD:AAB3041]","Arthropoda","Insecta","Diptera","Simuliidae","Simuliinae","Simuliini","Metacnephia","Metacnephia borealis","0","100.00"
"CBAY0036_BF_C","ACHAR1485-18[BOLD:AAB3041]","Arthropoda","Insecta","Diptera","Simuliidae","Simuliinae","Simuliini","Metacnephia","Metacnephia borealis","0","99.85"
"CBAY0036_BF_C","BCHAR2040-18[BOLD:AAB3041]","Arthropoda","Insecta","Diptera","Simuliidae","Simuliinae","Simuliini","Metacnephia","Metacnephia borealis","0","99.85"
"CBAY0036_BF_C","DNARB2042-23[BOLD:AAB3041]","Arthropoda","Insecta","Diptera","Simuliidae","Simuliinae","Simuliini","Metacnephia","Metacnephia borealis","0","99.85"
"CBAY0036_BF_C","DNARB2077-23[BOLD:AAB3041]","Arthropoda","Insecta","Diptera","Simuliidae","Simuliinae","Simuliini","Metacnephia","Metacnephia borealis","0","99.85"
"CBAY0036_BF_C","DNARB2196-23[BOLD:AAB3041]","Arthropoda","Insecta","Diptera","Simuliidae","Simuliinae","Simuliini","Metacnephia","Metacnephia borealis","0","99.85"
"CBAY0036_BF_C","DNARB224-23[BOLD:AAB3041]","Arthropoda","Insecta","Diptera","Simuliidae","Simuliinae","Simuliini","Metacnephia","Metacnephia borealis","0","99.85"
"CBAY0036_BF_C","DNARB2298-23[BOLD:AAB3041]","Arthropoda","Insecta","Diptera","Simuliidae","Simuliinae","Simuliini","Metacnephia","Metacnephia borealis","0","99.85"
"CBAY0036_BF_C","DNARB3644-23[BOLD:AAB3041]","Arthropoda","Insecta","Diptera","Simuliidae","Simuliinae","Simuliini","Metacnephia","Metacnephia borealis","0","99.85"
"CBAY0036_BF_C","DNARB3695-23[BOLD:AAB3041]","Arthropoda","Insecta","Diptera","Simuliidae","Simuliinae","Simuliini","Metacnephia","Metacnephia borealis","0","99.85"
"CBAY0036_BF_C","DNARB3698-23[BOLD:AAB3041]","Arthropoda","Insecta","Diptera","Simuliidae","Simuliinae","Simuliini","Metacnephia","Metacnephia borealis","0","99.85"
"CBAY0036_BF_C","DNARB617-23[BOLD:AAB3041]","Arthropoda","Insecta","Diptera","Simuliidae","Simuliinae","Simuliini","Metacnephia","Metacnephia borealis","0","99.85"
"CBAY0036_BF_C","FCHAR9124-19[BOLD:AAB3041]","Arthropoda","Insecta","Diptera","Simuliidae","Simuliinae","Simuliini","Metacnephia","Metacnephia borealis","0","99.85"
"CBAY0036_BF_C","MCHAA364-19[BOLD:AAB3041]","Arthropoda","Insecta","Diptera","Simuliidae","Simuliinae","Simuliini","Metacnephia","Metacnephia borealis","0","99.85"
"CBAY0036_BF_C","MCHAC2255-19[BOLD:AAB3041]","Arthropoda","Insecta","Diptera","Simuliidae","Simuliinae","Simuliini","Metacnephia","Metacnephia borealis","0","99.85"
"CBAY0036_BF_C","MCHAD1344-19[BOLD:AAB3041]","Arthropoda","Insecta","Diptera","Simuliidae","Simuliinae","Simuliini","Metacnephia","Metacnephia borealis","0","99.85"
"CBAY0036_BF_C","MCHAD657-19[BOLD:AAB3041]","Arthropoda","Insecta","Diptera","Simuliidae","Simuliinae","Simuliini","Metacnephia","Metacnephia borealis","0","99.85"
"CBAY0036_BF_C","MCHAD837-19[BOLD:AAB3041]","Arthropoda","Insecta","Diptera","Simuliidae","Simuliinae","Simuliini","Metacnephia","Metacnephia borealis","0","99.85"
"CBAY0036_BF_C","MCHAB940-19[BOLD:AAB3041]","Arthropoda","Insecta","Diptera","Simuliidae","Simuliinae","Simuliini","Metacnephia","Metacnephia borealis","0","99.70"
"CBAY0036_BF_C","MCHAD1437-19[BOLD:AAB3041]","Arthropoda","Insecta","Diptera","Simuliidae","Simuliinae","Simuliini","Metacnephia","Metacnephia borealis","0","99.70"
"CBAY0042_BF_J","DNARB577-23[BOLD:AAB3041]","Arthropoda","Insecta","Diptera","Simuliidae","Simuliinae","Simuliini","Metacnephia","Metacnephia borealis","0","100.00"
"CBAY0042_BF_J","DNARB608-23[BOLD:AAB3041]","Arthropoda","Insecta","Diptera","Simuliidae","Simuliinae","Simuliini","Metacnephia","Metacnephia borealis","0","100.00"
"CBAY0042_BF_J","FCHAR9108-19[BOLD:AAB3041]","Arthropoda","Insecta","Diptera","Simuliidae","Simuliinae","Simuliini","Metacnephia","Metacnephia borealis","0","100.00"
"CBAY0042_BF_J","MCHAC476-19[BOLD:AAB3041]","Arthropoda","Insecta","Diptera","Simuliidae","Simuliinae","Simuliini","Metacnephia","Metacnephia borealis","0","100.00"
"CBAY0042_BF_J","ACHAR1485-18[BOLD:AAB3041]","Arthropoda","Insecta","Diptera","Simuliidae","Simuliinae","Simuliini","Metacnephia","Metacnephia borealis","0","99.85"
"CBAY0042_BF_J","BCHAR2040-18[BOLD:AAB3041]","Arthropoda","Insecta","Diptera","Simuliidae","Simuliinae","Simuliini","Metacnephia","Metacnephia borealis","0","99.85"
"CBAY0042_BF_J","DNARB2042-23[BOLD:AAB3041]","Arthropoda","Insecta","Diptera","Simuliidae","Simuliinae","Simuliini","Metacnephia","Metacnephia borealis","0","99.85"
"CBAY0042_BF_J","DNARB2077-23[BOLD:AAB3041]","Arthropoda","Insecta","Diptera","Simuliidae","Simuliinae","Simuliini","Metacnephia","Metacnephia borealis","0","99.85"
"CBAY0042_BF_J","DNARB2196-23[BOLD:AAB3041]","Arthropoda","Insecta","Diptera","Simuliidae","Simuliinae","Simuliini","Metacnephia","Metacnephia borealis","0","99.85"
"CBAY0042_BF_J","DNARB224-23[BOLD:AAB3041]","Arthropoda","Insecta","Diptera","Simuliidae","Simuliinae","Simuliini","Metacnephia","Metacnephia borealis","0","99.85"
"CBAY0042_BF_J","DNARB2298-23[BOLD:AAB3041]","Arthropoda","Insecta","Diptera","Simuliidae","Simuliinae","Simuliini","Metacnephia","Metacnephia borealis","0","99.85"
"CBAY0042_BF_J","DNARB3644-23[BOLD:AAB3041]","Arthropoda","Insecta","Diptera","Simuliidae","Simuliinae","Simuliini","Metacnephia","Metacnephia borealis","0","99.85"
"CBAY0042_BF_J","DNARB3695-23[BOLD:AAB3041]","Arthropoda","Insecta","Diptera","Simuliidae","Simuliinae","Simuliini","Metacnephia","Metacnephia borealis","0","99.85"
"CBAY0042_BF_J","DNARB3698-23[BOLD:AAB3041]","Arthropoda","Insecta","Diptera","Simuliidae","Simuliinae","Simuliini","Metacnephia","Metacnephia borealis","0","99.85"
"CBAY0042_BF_J","DNARB617-23[BOLD:AAB3041]","Arthropoda","Insecta","Diptera","Simuliidae","Simuliinae","Simuliini","Metacnephia","Metacnephia borealis","0","99.85"
"CBAY0042_BF_J","FCHAR9124-19[BOLD:AAB3041]","Arthropoda","Insecta","Diptera","Simuliidae","Simuliinae","Simuliini","Metacnephia","Metacnephia borealis","0","99.85"
"CBAY0042_BF_J","MCHAA364-19[BOLD:AAB3041]","Arthropoda","Insecta","Diptera","Simuliidae","Simuliinae","Simuliini","Metacnephia","Metacnephia borealis","0","99.85"
"CBAY0042_BF_J","MCHAA397-19[BOLD:AAB3041]","Arthropoda","Insecta","Diptera","Simuliidae","Simuliinae","Simuliini","Metacnephia","Metacnephia borealis","0","99.85"
"CBAY0042_BF_J","MCHAB584-19[BOLD:AAB3041]","Arthropoda","Insecta","Diptera","Simuliidae","Simuliinae","Simuliini","Metacnephia","Metacnephia borealis","0","99.85"
"CBAY0042_BF_J","MCHAB708-19[BOLD:AAB3041]","Arthropoda","Insecta","Diptera","Simuliidae","Simuliinae","Simuliini","Metacnephia","Metacnephia borealis","0","99.85"
"CBAY0042_BF_J","MCHAD657-19[BOLD:AAB3041]","Arthropoda","Insecta","Diptera","Simuliidae","Simuliinae","Simuliini","Metacnephia","Metacnephia borealis","0","99.85"
"CBAY0042_BF_J","MCHAD837-19[BOLD:AAB3041]","Arthropoda","Insecta","Diptera","Simuliidae","Simuliinae","Simuliini","Metacnephia","Metacnephia borealis","0","99.85"
"CBAY0042_BF_J","ECIPY182-10[BOLD:AAB3041]","Arthropoda","Insecta","Diptera","Simuliidae","Simuliinae","Simuliini","Metacnephia","","0","99.70"
"CBAY0042_BF_J","MCHAB940-19[BOLD:AAB3041]","Arthropoda","Insecta","Diptera","Simuliidae","Simuliinae","Simuliini","Metacnephia","Metacnephia borealis","0","99.70"
"CBAY0042_BF_J","MCHAD1437-19[BOLD:AAB3041]","Arthropoda","Insecta","Diptera","Simuliidae","Simuliinae","Simuliini","Metacnephia","Metacnephia borealis","0","99.70"
"CBAY0045_BF_E","MCHAC321-19[BOLD:AAB3041]","Arthropoda","Insecta","Diptera","Simuliidae","Simuliinae","Simuliini","Metacnephia","Metacnephia borealis","0","100.00"
"CBAY0045_BF_E","MCHAC692-19[BOLD:AAB3041]","Arthropoda","Insecta","Diptera","Simuliidae","Simuliinae","Simuliini","Metacnephia","Metacnephia borealis","0","100.00"
"CBAY0045_BF_E","BCHAR2055-18[BOLD:AAB3041]","Arthropoda","Insecta","Diptera","Simuliidae","Simuliinae","Simuliini","Metacnephia","Metacnephia borealis","0","99.85"
"CBAY0045_BF_E","DNARB2328-23[BOLD:AAB3041]","Arthropoda","Insecta","Diptera","Simuliidae","Simuliinae","Simuliini","Metacnephia","Metacnephia borealis","0","99.85"
"CBAY0045_BF_E","DNARB623-23[BOLD:AAB3041]","Arthropoda","Insecta","Diptera","Simuliidae","Simuliinae","Simuliini","Metacnephia","Metacnephia borealis","0","99.85"
"CBAY0045_BF_E","MCHAA447-19[BOLD:AAB3041]","Arthropoda","Insecta","Diptera","Simuliidae","Simuliinae","Simuliini","Metacnephia","Metacnephia borealis","0","99.85"
"CBAY0045_BF_E","MCHAC2307-19[BOLD:AAB3041]","Arthropoda","Insecta","Diptera","Simuliidae","Simuliinae","Simuliini","Metacnephia","Metacnephia borealis","0","99.85"
"CBAY0045_BF_E","MCHAC548-19[BOLD:AAB3041]","Arthropoda","Insecta","Diptera","Simuliidae","Simuliinae","Simuliini","Metacnephia","Metacnephia borealis","0","99.85"
"CBAY0045_BF_E","MCHAC659-19[BOLD:AAB3041]","Arthropoda","Insecta","Diptera","Simuliidae","Simuliinae","Simuliini","Metacnephia","Metacnephia borealis","0","99.85"
"CBAY0045_BF_E","MCHAD622-19[BOLD:AAB3041]","Arthropoda","Insecta","Diptera","Simuliidae","Simuliinae","Simuliini","Metacnephia","Metacnephia borealis","0","99.85"
"CBAY0045_BF_E","ACHAR1485-18[BOLD:AAB3041]","Arthropoda","Insecta","Diptera","Simuliidae","Simuliinae","Simuliini","Metacnephia","Metacnephia borealis","0","99.70"
"CBAY0045_BF_E","DNARB2042-23[BOLD:AAB3041]","Arthropoda","Insecta","Diptera","Simuliidae","Simuliinae","Simuliini","Metacnephia","Metacnephia borealis","0","99.70"
"CBAY0045_BF_E","DNARB2077-23[BOLD:AAB3041]","Arthropoda","Insecta","Diptera","Simuliidae","Simuliinae","Simuliini","Metacnephia","Metacnephia borealis","0","99.70"
"CBAY0045_BF_E","DNARB2196-23[BOLD:AAB3041]","Arthropoda","Insecta","Diptera","Simuliidae","Simuliinae","Simuliini","Metacnephia","Metacnephia borealis","0","99.70"
"CBAY0045_BF_E","DNARB2298-23[BOLD:AAB3041]","Arthropoda","Insecta","Diptera","Simuliidae","Simuliinae","Simuliini","Metacnephia","Metacnephia borealis","0","99.70"
"CBAY0045_BF_E","DNARB3644-23[BOLD:AAB3041]","Arthropoda","Insecta","Diptera","Simuliidae","Simuliinae","Simuliini","Metacnephia","Metacnephia borealis","0","99.70"
"CBAY0045_BF_E","DNARB3695-23[BOLD:AAB3041]","Arthropoda","Insecta","Diptera","Simuliidae","Simuliinae","Simuliini","Metacnephia","Metacnephia borealis","0","99.70"
"CBAY0045_BF_E","DNARB3698-23[BOLD:AAB3041]","Arthropoda","Insecta","Diptera","Simuliidae","Simuliinae","Simuliini","Metacnephia","Metacnephia borealis","0","99.70"
"CBAY0045_BF_E","DNARB617-23[BOLD:AAB3041]","Arthropoda","Insecta","Diptera","Simuliidae","Simuliinae","Simuliini","Metacnephia","Metacnephia borealis","0","99.70"
"CBAY0045_BF_E","FCHAR9058-19[BOLD:AAB3041]","Arthropoda","Insecta","Diptera","Simuliidae","Simuliinae","Simuliini","Metacnephia","Metacnephia borealis","0","99.70"
"CBAY0045_BF_E","FCHAR9124-19[BOLD:AAB3041]","Arthropoda","Insecta","Diptera","Simuliidae","Simuliinae","Simuliini","Metacnephia","Metacnephia borealis","0","99.70"
"CBAY0045_BF_E","GCHAR932-19[BOLD:AAB3041]","Arthropoda","Insecta","Diptera","Simuliidae","Simuliinae","Simuliini","Metacnephia","Metacnephia borealis","0","99.70"
"CBAY0045_BF_E","MCHAA364-19[BOLD:AAB3041]","Arthropoda","Insecta","Diptera","Simuliidae","Simuliinae","Simuliini","Metacnephia","Metacnephia borealis","0","99.70"
"CBAY0045_BF_E","MCHAD657-19[BOLD:AAB3041]","Arthropoda","Insecta","Diptera","Simuliidae","Simuliinae","Simuliini","Metacnephia","Metacnephia borealis","0","99.70"
"CBAY0045_BF_E","MCHAD837-19[BOLD:AAB3041]","Arthropoda","Insecta","Diptera","Simuliidae","Simuliinae","Simuliini","Metacnephia","Metacnephia borealis","0","99.70"
"CBAY0046_BF_A","MCHAC283-19[BOLD:AAB3041]","Arthropoda","Insecta","Diptera","Simuliidae","Simuliinae","Simuliini","Metacnephia","Metacnephia borealis","0","100.00"
"CBAY0046_BF_A","ECIPY182-10[BOLD:AAB3041]","Arthropoda","Insecta","Diptera","Simuliidae","Simuliinae","Simuliini","Metacnephia","","0","99.85"
"CBAY0046_BF_A","BCHAR912-18[BOLD:AAB3041]","Arthropoda","Insecta","Diptera","Simuliidae","Simuliinae","Simuliini","Metacnephia","Metacnephia borealis","0","99.85"
"CBAY0046_BF_A","DNARB2082-23[BOLD:AAB3041]","Arthropoda","Insecta","Diptera","Simuliidae","Simuliinae","Simuliini","Metacnephia","Metacnephia borealis","0","99.85"
"CBAY0046_BF_A","DNARB2088-23[BOLD:AAB3041]","Arthropoda","Insecta","Diptera","Simuliidae","Simuliinae","Simuliini","Metacnephia","Metacnephia borealis","0","99.85"
"CBAY0046_BF_A","DNARB2319-23[BOLD:AAB3041]","Arthropoda","Insecta","Diptera","Simuliidae","Simuliinae","Simuliini","Metacnephia","Metacnephia borealis","0","99.85"
"CBAY0046_BF_A","DNARB2511-23[BOLD:AAB3041]","Arthropoda","Insecta","Diptera","Simuliidae","Simuliinae","Simuliini","Metacnephia","Metacnephia borealis","0","99.85"
"CBAY0046_BF_A","DNARB3710-23[BOLD:AAB3041]","Arthropoda","Insecta","Diptera","Simuliidae","Simuliinae","Simuliini","Metacnephia","Metacnephia borealis","0","99.85"
"CBAY0046_BF_A","FCHAR4863-19[BOLD:AAB3041]","Arthropoda","Insecta","Diptera","Simuliidae","Simuliinae","Simuliini","Metacnephia","Metacnephia borealis","0","99.85"
"CBAY0046_BF_A","FCHAR9102-19[BOLD:AAB3041]","Arthropoda","Insecta","Diptera","Simuliidae","Simuliinae","Simuliini","Metacnephia","Metacnephia borealis","0","99.85"
"CBAY0046_BF_A","FCHAR9123-19[BOLD:AAB3041]","Arthropoda","Insecta","Diptera","Simuliidae","Simuliinae","Simuliini","Metacnephia","Metacnephia borealis","0","99.85"
"CBAY0046_BF_A","MCHAB940-19[BOLD:AAB3041]","Arthropoda","Insecta","Diptera","Simuliidae","Simuliinae","Simuliini","Metacnephia","Metacnephia borealis","0","99.85"
"CBAY0046_BF_A","MCHAC498-19[BOLD:AAB3041]","Arthropoda","Insecta","Diptera","Simuliidae","Simuliinae","Simuliini","Metacnephia","Metacnephia borealis","0","99.85"
"CBAY0046_BF_A","MCHAC528-19[BOLD:AAB3041]","Arthropoda","Insecta","Diptera","Simuliidae","Simuliinae","Simuliini","Metacnephia","Metacnephia borealis","0","99.85"
"CBAY0046_BF_A","MCHAD1417-19[BOLD:AAB3041]","Arthropoda","Insecta","Diptera","Simuliidae","Simuliinae","Simuliini","Metacnephia","Metacnephia borealis","0","99.85"
"CBAY0046_BF_A","MCHAD605-19[BOLD:AAB3041]","Arthropoda","Insecta","Diptera","Simuliidae","Simuliinae","Simuliini","Metacnephia","Metacnephia borealis","0","99.85"
"CBAY0046_BF_A","POLCO7646-20[BOLD:AAB3041]","Arthropoda","Insecta","Diptera","Simuliidae","Simuliinae","Simuliini","Metacnephia","Metacnephia borealis","0","99.85"
"CBAY0046_BF_A","ECIPY178-10[BOLD:AAB3041]","Arthropoda","Insecta","Diptera","Simuliidae","Simuliinae","Simuliini","Metacnephia","","0","99.70"
"CBAY0046_BF_A","ECIPY179-10[BOLD:AAB3041]","Arthropoda","Insecta","Diptera","Simuliidae","Simuliinae","Simuliini","Metacnephia","","0","99.70"
"CBAY0046_BF_A","ACHAR1485-18[BOLD:AAB3041]","Arthropoda","Insecta","Diptera","Simuliidae","Simuliinae","Simuliini","Metacnephia","Metacnephia borealis","0","99.70"
"CBAY0046_BF_A","DNARB3698-23[BOLD:AAB3041]","Arthropoda","Insecta","Diptera","Simuliidae","Simuliinae","Simuliini","Metacnephia","Metacnephia borealis","0","99.70"
"CBAY0046_BF_A","FCHAR9058-19[BOLD:AAB3041]","Arthropoda","Insecta","Diptera","Simuliidae","Simuliinae","Simuliini","Metacnephia","Metacnephia borealis","0","99.70"
"CBAY0046_BF_A","FCHAR9124-19[BOLD:AAB3041]","Arthropoda","Insecta","Diptera","Simuliidae","Simuliinae","Simuliini","Metacnephia","Metacnephia borealis","0","99.70"
"CBAY0046_BF_A","MCHAD657-19[BOLD:AAB3041]","Arthropoda","Insecta","Diptera","Simuliidae","Simuliinae","Simuliini","Metacnephia","Metacnephia borealis","0","99.70"
"CBAY0046_BF_A","MCHAD837-19[BOLD:AAB3041]","Arthropoda","Insecta","Diptera","Simuliidae","Simuliinae","Simuliini","Metacnephia","Metacnephia borealis","0","99.70"
"CBAY0048_BF_D","BCHAR2242-18[BOLD:AAB3041]","Arthropoda","Insecta","Diptera","Simuliidae","Simuliinae","Simuliini","Metacnephia","Metacnephia borealis","0","99.85"
"CBAY0048_BF_D","BCHAR2710-18[BOLD:AAB3041]","Arthropoda","Insecta","Diptera","Simuliidae","Simuliinae","Simuliini","Metacnephia","Metacnephia borealis","0","99.85"
"CBAY0048_BF_D","DNARA1722-21[BOLD:AAB3041]","Arthropoda","Insecta","Diptera","Simuliidae","Simuliinae","Simuliini","Metacnephia","Metacnephia borealis","0","99.85"
"CBAY0048_BF_D","DNARB2194-23[BOLD:AAB3041]","Arthropoda","Insecta","Diptera","Simuliidae","Simuliinae","Simuliini","Metacnephia","Metacnephia borealis","0","99.85"
"CBAY0048_BF_D","DNARB220-23[BOLD:AAB3041]","Arthropoda","Insecta","Diptera","Simuliidae","Simuliinae","Simuliini","Metacnephia","Metacnephia borealis","0","99.85"
"CBAY0048_BF_D","DNARB2201-23[BOLD:AAB3041]","Arthropoda","Insecta","Diptera","Simuliidae","Simuliinae","Simuliini","Metacnephia","Metacnephia borealis","0","99.85"
"CBAY0048_BF_D","DNARB2311-23[BOLD:AAB3041]","Arthropoda","Insecta","Diptera","Simuliidae","Simuliinae","Simuliini","Metacnephia","Metacnephia borealis","0","99.85"
"CBAY0048_BF_D","DNARB3635-23[BOLD:AAB3041]","Arthropoda","Insecta","Diptera","Simuliidae","Simuliinae","Simuliini","Metacnephia","Metacnephia borealis","0","99.85"
"CBAY0048_BF_D","FCHAR9121-19[BOLD:AAB3041]","Arthropoda","Insecta","Diptera","Simuliidae","Simuliinae","Simuliini","Metacnephia","Metacnephia borealis","0","99.85"
"CBAY0048_BF_D","MCHAA417-19[BOLD:AAB3041]","Arthropoda","Insecta","Diptera","Simuliidae","Simuliinae","Simuliini","Metacnephia","Metacnephia borealis","0","99.85"
"CBAY0048_BF_D","MCHAC2255-19[BOLD:AAB3041]","Arthropoda","Insecta","Diptera","Simuliidae","Simuliinae","Simuliini","Metacnephia","Metacnephia borealis","0","99.85"
"CBAY0048_BF_D","ECIPY182-10[BOLD:AAB3041]","Arthropoda","Insecta","Diptera","Simuliidae","Simuliinae","Simuliini","Metacnephia","","0","99.70"
"CBAY0048_BF_D","DNARB2082-23[BOLD:AAB3041]","Arthropoda","Insecta","Diptera","Simuliidae","Simuliinae","Simuliini","Metacnephia","Metacnephia borealis","0","99.70"
"CBAY0048_BF_D","DNARB2088-23[BOLD:AAB3041]","Arthropoda","Insecta","Diptera","Simuliidae","Simuliinae","Simuliini","Metacnephia","Metacnephia borealis","0","99.70"
"CBAY0048_BF_D","DNARB2319-23[BOLD:AAB3041]","Arthropoda","Insecta","Diptera","Simuliidae","Simuliinae","Simuliini","Metacnephia","Metacnephia borealis","0","99.70"
"CBAY0048_BF_D","DNARB2511-23[BOLD:AAB3041]","Arthropoda","Insecta","Diptera","Simuliidae","Simuliinae","Simuliini","Metacnephia","Metacnephia borealis","0","99.70"
"CBAY0048_BF_D","DNARB3710-23[BOLD:AAB3041]","Arthropoda","Insecta","Diptera","Simuliidae","Simuliinae","Simuliini","Metacnephia","Metacnephia borealis","0","99.70"
"CBAY0048_BF_D","DNARB3737-23[BOLD:AAB3041]","Arthropoda","Insecta","Diptera","Simuliidae","Simuliinae","Simuliini","Metacnephia","Metacnephia borealis","0","99.70"
"CBAY0048_BF_D","FCHAR9102-19[BOLD:AAB3041]","Arthropoda","Insecta","Diptera","Simuliidae","Simuliinae","Simuliini","Metacnephia","Metacnephia borealis","0","99.70"
"CBAY0048_BF_D","MCHAB940-19[BOLD:AAB3041]","Arthropoda","Insecta","Diptera","Simuliidae","Simuliinae","Simuliini","Metacnephia","Metacnephia borealis","0","99.70"
"CBAY0048_BF_D","MCHAC335-19[BOLD:AAB3041]","Arthropoda","Insecta","Diptera","Simuliidae","Simuliinae","Simuliini","Metacnephia","Metacnephia borealis","0","99.70"
"CBAY0048_BF_D","MCHAC498-19[BOLD:AAB3041]","Arthropoda","Insecta","Diptera","Simuliidae","Simuliinae","Simuliini","Metacnephia","Metacnephia borealis","0","99.70"
"CBAY0048_BF_D","MCHAD1417-19[BOLD:AAB3041]","Arthropoda","Insecta","Diptera","Simuliidae","Simuliinae","Simuliini","Metacnephia","Metacnephia borealis","0","99.70"
"CBAY0048_BF_D","POLCO7646-20[BOLD:AAB3041]","Arthropoda","Insecta","Diptera","Simuliidae","Simuliinae","Simuliini","Metacnephia","Metacnephia borealis","0","99.70"
"CBAY0048_BF_D","MCHAD1488-19[BOLD:AAB3041]","Arthropoda","Insecta","Diptera","Simuliidae","Simuliinae","Simuliini","Metacnephia","Metacnephia borealis","0","99.69"
"CBAY0048_BF_J","ACHAR1485-18[BOLD:AAB3041]","Arthropoda","Insecta","Diptera","Simuliidae","Simuliinae","Simuliini","Metacnephia","Metacnephia borealis","0","99.85"
"CBAY0048_BF_J","BCHAR2040-18[BOLD:AAB3041]","Arthropoda","Insecta","Diptera","Simuliidae","Simuliinae","Simuliini","Metacnephia","Metacnephia borealis","0","99.85"
"CBAY0048_BF_J","DNARB2042-23[BOLD:AAB3041]","Arthropoda","Insecta","Diptera","Simuliidae","Simuliinae","Simuliini","Metacnephia","Metacnephia borealis","0","99.85"
"CBAY0048_BF_J","DNARB2077-23[BOLD:AAB3041]","Arthropoda","Insecta","Diptera","Simuliidae","Simuliinae","Simuliini","Metacnephia","Metacnephia borealis","0","99.85"
"CBAY0048_BF_J","DNARB2196-23[BOLD:AAB3041]","Arthropoda","Insecta","Diptera","Simuliidae","Simuliinae","Simuliini","Metacnephia","Metacnephia borealis","0","99.85"
"CBAY0048_BF_J","DNARB224-23[BOLD:AAB3041]","Arthropoda","Insecta","Diptera","Simuliidae","Simuliinae","Simuliini","Metacnephia","Metacnephia borealis","0","99.85"
"CBAY0048_BF_J","DNARB2298-23[BOLD:AAB3041]","Arthropoda","Insecta","Diptera","Simuliidae","Simuliinae","Simuliini","Metacnephia","Metacnephia borealis","0","99.85"
"CBAY0048_BF_J","DNARB2323-23[BOLD:AAB3041]","Arthropoda","Insecta","Diptera","Simuliidae","Simuliinae","Simuliini","Metacnephia","Metacnephia borealis","0","99.85"
"CBAY0048_BF_J","DNARB2331-23[BOLD:AAB3041]","Arthropoda","Insecta","Diptera","Simuliidae","Simuliinae","Simuliini","Metacnephia","Metacnephia borealis","0","99.85"
"CBAY0048_BF_J","DNARB3644-23[BOLD:AAB3041]","Arthropoda","Insecta","Diptera","Simuliidae","Simuliinae","Simuliini","Metacnephia","Metacnephia borealis","0","99.85"
"CBAY0048_BF_J","DNARB3695-23[BOLD:AAB3041]","Arthropoda","Insecta","Diptera","Simuliidae","Simuliinae","Simuliini","Metacnephia","Metacnephia borealis","0","99.85"
"CBAY0048_BF_J","DNARB3698-23[BOLD:AAB3041]","Arthropoda","Insecta","Diptera","Simuliidae","Simuliinae","Simuliini","Metacnephia","Metacnephia borealis","0","99.85"
"CBAY0048_BF_J","DNARB617-23[BOLD:AAB3041]","Arthropoda","Insecta","Diptera","Simuliidae","Simuliinae","Simuliini","Metacnephia","Metacnephia borealis","0","99.85"
"CBAY0048_BF_J","DNARB619-23[BOLD:AAB3041]","Arthropoda","Insecta","Diptera","Simuliidae","Simuliinae","Simuliini","Metacnephia","Metacnephia borealis","0","99.85"
"CBAY0048_BF_J","DNARB635-23[BOLD:AAB3041]","Arthropoda","Insecta","Diptera","Simuliidae","Simuliinae","Simuliini","Metacnephia","Metacnephia borealis","0","99.85"
"CBAY0048_BF_J","FCHAR9124-19[BOLD:AAB3041]","Arthropoda","Insecta","Diptera","Simuliidae","Simuliinae","Simuliini","Metacnephia","Metacnephia borealis","0","99.85"
"CBAY0048_BF_J","MCHAA364-19[BOLD:AAB3041]","Arthropoda","Insecta","Diptera","Simuliidae","Simuliinae","Simuliini","Metacnephia","Metacnephia borealis","0","99.85"
"CBAY0048_BF_J","MCHAA397-19[BOLD:AAB3041]","Arthropoda","Insecta","Diptera","Simuliidae","Simuliinae","Simuliini","Metacnephia","Metacnephia borealis","0","99.85"
"CBAY0048_BF_J","MCHAB584-19[BOLD:AAB3041]","Arthropoda","Insecta","Diptera","Simuliidae","Simuliinae","Simuliini","Metacnephia","Metacnephia borealis","0","99.85"
"CBAY0048_BF_J","MCHAB708-19[BOLD:AAB3041]","Arthropoda","Insecta","Diptera","Simuliidae","Simuliinae","Simuliini","Metacnephia","Metacnephia borealis","0","99.85"
"CBAY0048_BF_J","MCHAD657-19[BOLD:AAB3041]","Arthropoda","Insecta","Diptera","Simuliidae","Simuliinae","Simuliini","Metacnephia","Metacnephia borealis","0","99.85"
"CBAY0048_BF_J","MCHAD837-19[BOLD:AAB3041]","Arthropoda","Insecta","Diptera","Simuliidae","Simuliinae","Simuliini","Metacnephia","Metacnephia borealis","0","99.85"
"CBAY0048_BF_J","ECIPY182-10[BOLD:AAB3041]","Arthropoda","Insecta","Diptera","Simuliidae","Simuliinae","Simuliini","Metacnephia","","0","99.70"
"CBAY0048_BF_J","MCHAB940-19[BOLD:AAB3041]","Arthropoda","Insecta","Diptera","Simuliidae","Simuliinae","Simuliini","Metacnephia","Metacnephia borealis","0","99.70"
"CBAY0048_BF_J","MCHAD1437-19[BOLD:AAB3041]","Arthropoda","Insecta","Diptera","Simuliidae","Simuliinae","Simuliini","Metacnephia","Metacnephia borealis","0","99.70"
"CBAY0051_BF_C","ACHAR1485-18[BOLD:AAB3041]","Arthropoda","Insecta","Diptera","Simuliidae","Simuliinae","Simuliini","Metacnephia","Metacnephia borealis","0","100.00"
"CBAY0051_BF_C","BCHAR2040-18[BOLD:AAB3041]","Arthropoda","Insecta","Diptera","Simuliidae","Simuliinae","Simuliini","Metacnephia","Metacnephia borealis","0","100.00"
"CBAY0051_BF_C","DNARB2042-23[BOLD:AAB3041]","Arthropoda","Insecta","Diptera","Simuliidae","Simuliinae","Simuliini","Metacnephia","Metacnephia borealis","0","100.00"
"CBAY0051_BF_C","DNARB2077-23[BOLD:AAB3041]","Arthropoda","Insecta","Diptera","Simuliidae","Simuliinae","Simuliini","Metacnephia","Metacnephia borealis","0","100.00"
"CBAY0051_BF_C","DNARB2196-23[BOLD:AAB3041]","Arthropoda","Insecta","Diptera","Simuliidae","Simuliinae","Simuliini","Metacnephia","Metacnephia borealis","0","100.00"
"CBAY0051_BF_C","DNARB224-23[BOLD:AAB3041]","Arthropoda","Insecta","Diptera","Simuliidae","Simuliinae","Simuliini","Metacnephia","Metacnephia borealis","0","100.00"
"CBAY0051_BF_C","DNARB2298-23[BOLD:AAB3041]","Arthropoda","Insecta","Diptera","Simuliidae","Simuliinae","Simuliini","Metacnephia","Metacnephia borealis","0","100.00"
"CBAY0051_BF_C","DNARB2323-23[BOLD:AAB3041]","Arthropoda","Insecta","Diptera","Simuliidae","Simuliinae","Simuliini","Metacnephia","Metacnephia borealis","0","100.00"
"CBAY0051_BF_C","DNARB2331-23[BOLD:AAB3041]","Arthropoda","Insecta","Diptera","Simuliidae","Simuliinae","Simuliini","Metacnephia","Metacnephia borealis","0","100.00"
"CBAY0051_BF_C","DNARB3644-23[BOLD:AAB3041]","Arthropoda","Insecta","Diptera","Simuliidae","Simuliinae","Simuliini","Metacnephia","Metacnephia borealis","0","100.00"
"CBAY0051_BF_C","DNARB3695-23[BOLD:AAB3041]","Arthropoda","Insecta","Diptera","Simuliidae","Simuliinae","Simuliini","Metacnephia","Metacnephia borealis","0","100.00"
"CBAY0051_BF_C","DNARB3698-23[BOLD:AAB3041]","Arthropoda","Insecta","Diptera","Simuliidae","Simuliinae","Simuliini","Metacnephia","Metacnephia borealis","0","100.00"
"CBAY0051_BF_C","DNARB617-23[BOLD:AAB3041]","Arthropoda","Insecta","Diptera","Simuliidae","Simuliinae","Simuliini","Metacnephia","Metacnephia borealis","0","100.00"
"CBAY0051_BF_C","DNARB619-23[BOLD:AAB3041]","Arthropoda","Insecta","Diptera","Simuliidae","Simuliinae","Simuliini","Metacnephia","Metacnephia borealis","0","100.00"
"CBAY0051_BF_C","DNARB635-23[BOLD:AAB3041]","Arthropoda","Insecta","Diptera","Simuliidae","Simuliinae","Simuliini","Metacnephia","Metacnephia borealis","0","100.00"
"CBAY0051_BF_C","FCHAR9124-19[BOLD:AAB3041]","Arthropoda","Insecta","Diptera","Simuliidae","Simuliinae","Simuliini","Metacnephia","Metacnephia borealis","0","100.00"
"CBAY0051_BF_C","MCHAA364-19[BOLD:AAB3041]","Arthropoda","Insecta","Diptera","Simuliidae","Simuliinae","Simuliini","Metacnephia","Metacnephia borealis","0","100.00"
"CBAY0051_BF_C","MCHAA397-19[BOLD:AAB3041]","Arthropoda","Insecta","Diptera","Simuliidae","Simuliinae","Simuliini","Metacnephia","Metacnephia borealis","0","100.00"
"CBAY0051_BF_C","MCHAB584-19[BOLD:AAB3041]","Arthropoda","Insecta","Diptera","Simuliidae","Simuliinae","Simuliini","Metacnephia","Metacnephia borealis","0","100.00"
"CBAY0051_BF_C","MCHAB708-19[BOLD:AAB3041]","Arthropoda","Insecta","Diptera","Simuliidae","Simuliinae","Simuliini","Metacnephia","Metacnephia borealis","0","100.00"
"CBAY0051_BF_C","MCHAD657-19[BOLD:AAB3041]","Arthropoda","Insecta","Diptera","Simuliidae","Simuliinae","Simuliini","Metacnephia","Metacnephia borealis","0","100.00"
"CBAY0051_BF_C","MCHAD837-19[BOLD:AAB3041]","Arthropoda","Insecta","Diptera","Simuliidae","Simuliinae","Simuliini","Metacnephia","Metacnephia borealis","0","100.00"
"CBAY0051_BF_C","ECIPY182-10[BOLD:AAB3041]","Arthropoda","Insecta","Diptera","Simuliidae","Simuliinae","Simuliini","Metacnephia","","0","99.85"
"CBAY0051_BF_C","MCHAB940-19[BOLD:AAB3041]","Arthropoda","Insecta","Diptera","Simuliidae","Simuliinae","Simuliini","Metacnephia","Metacnephia borealis","0","99.85"
"CBAY0051_BF_C","MCHAD1437-19[BOLD:AAB3041]","Arthropoda","Insecta","Diptera","Simuliidae","Simuliinae","Simuliini","Metacnephia","Metacnephia borealis","0","99.85"
"CBAY0055_BF_B","BCHAR2714-18[BOLD:AAB3041]","Arthropoda","Insecta","Diptera","Simuliidae","Simuliinae","Simuliini","Metacnephia","Metacnephia borealis","0","100.00"
"CBAY0055_BF_B","DNARB2306-23[BOLD:AAB3041]","Arthropoda","Insecta","Diptera","Simuliidae","Simuliinae","Simuliini","Metacnephia","Metacnephia borealis","0","100.00"
"CBAY0055_BF_B","GCHAR933-19[BOLD:AAB3041]","Arthropoda","Insecta","Diptera","Simuliidae","Simuliinae","Simuliini","Metacnephia","Metacnephia borealis","0","100.00"
"CBAY0055_BF_B","DNARB3704-23[BOLD:AAB3041]","Arthropoda","Insecta","Diptera","Simuliidae","Simuliinae","Simuliini","Metacnephia","Metacnephia borealis","0","99.85"
"CBAY0055_BF_B","ECIPY182-10[BOLD:AAB3041]","Arthropoda","Insecta","Diptera","Simuliidae","Simuliinae","Simuliini","Metacnephia","","0","99.70"
"CBAY0055_BF_B","DNARB2082-23[BOLD:AAB3041]","Arthropoda","Insecta","Diptera","Simuliidae","Simuliinae","Simuliini","Metacnephia","Metacnephia borealis","0","99.70"
"CBAY0055_BF_B","DNARB2088-23[BOLD:AAB3041]","Arthropoda","Insecta","Diptera","Simuliidae","Simuliinae","Simuliini","Metacnephia","Metacnephia borealis","0","99.70"
"CBAY0055_BF_B","DNARB2319-23[BOLD:AAB3041]","Arthropoda","Insecta","Diptera","Simuliidae","Simuliinae","Simuliini","Metacnephia","Metacnephia borealis","0","99.70"
"CBAY0055_BF_B","DNARB2511-23[BOLD:AAB3041]","Arthropoda","Insecta","Diptera","Simuliidae","Simuliinae","Simuliini","Metacnephia","Metacnephia borealis","0","99.70"
"CBAY0055_BF_B","DNARB3710-23[BOLD:AAB3041]","Arthropoda","Insecta","Diptera","Simuliidae","Simuliinae","Simuliini","Metacnephia","Metacnephia borealis","0","99.70"
"CBAY0055_BF_B","FCHAR9102-19[BOLD:AAB3041]","Arthropoda","Insecta","Diptera","Simuliidae","Simuliinae","Simuliini","Metacnephia","Metacnephia borealis","0","99.70"
"CBAY0055_BF_B","MCHAB940-19[BOLD:AAB3041]","Arthropoda","Insecta","Diptera","Simuliidae","Simuliinae","Simuliini","Metacnephia","Metacnephia borealis","0","99.70"
"CBAY0055_BF_B","MCHAC498-19[BOLD:AAB3041]","Arthropoda","Insecta","Diptera","Simuliidae","Simuliinae","Simuliini","Metacnephia","Metacnephia borealis","0","99.70"
"CBAY0055_BF_B","MCHAD1417-19[BOLD:AAB3041]","Arthropoda","Insecta","Diptera","Simuliidae","Simuliinae","Simuliini","Metacnephia","Metacnephia borealis","0","99.70"
"CBAY0055_BF_B","POLCO7646-20[BOLD:AAB3041]","Arthropoda","Insecta","Diptera","Simuliidae","Simuliinae","Simuliini","Metacnephia","Metacnephia borealis","0","99.70"
"CBAY0055_BF_B","BCHAR912-18[BOLD:AAB3041]","Arthropoda","Insecta","Diptera","Simuliidae","Simuliinae","Simuliini","Metacnephia","Metacnephia borealis","0","99.69"
"CBAY0055_BF_B","FCHAR4863-19[BOLD:AAB3041]","Arthropoda","Insecta","Diptera","Simuliidae","Simuliinae","Simuliini","Metacnephia","Metacnephia borealis","0","99.69"
"CBAY0055_BF_B","FCHAR9123-19[BOLD:AAB3041]","Arthropoda","Insecta","Diptera","Simuliidae","Simuliinae","Simuliini","Metacnephia","Metacnephia borealis","0","99.69"
"CBAY0055_BF_B","MCHAD605-19[BOLD:AAB3041]","Arthropoda","Insecta","Diptera","Simuliidae","Simuliinae","Simuliini","Metacnephia","Metacnephia borealis","0","99.69"
"CBAY0055_BF_B","MCHAD713-19[BOLD:AAB3041]","Arthropoda","Insecta","Diptera","Simuliidae","Simuliinae","Simuliini","Metacnephia","Metacnephia borealis","0","99.69"
"CBAY0055_BF_B","ECIPY178-10[BOLD:AAB3041]","Arthropoda","Insecta","Diptera","Simuliidae","Simuliinae","Simuliini","Metacnephia","","0","99.54"
"CBAY0055_BF_B","ECIPY179-10[BOLD:AAB3041]","Arthropoda","Insecta","Diptera","Simuliidae","Simuliinae","Simuliini","Metacnephia","","0","99.54"
"CBAY0055_BF_B","ACHAR1485-18[BOLD:AAB3041]","Arthropoda","Insecta","Diptera","Simuliidae","Simuliinae","Simuliini","Metacnephia","Metacnephia borealis","0","99.54"
"CBAY0055_BF_B","DNARB3698-23[BOLD:AAB3041]","Arthropoda","Insecta","Diptera","Simuliidae","Simuliinae","Simuliini","Metacnephia","Metacnephia borealis","0","99.54"
"CBAY0055_BF_B","MCHAD837-19[BOLD:AAB3041]","Arthropoda","Insecta","Diptera","Simuliidae","Simuliinae","Simuliini","Metacnephia","Metacnephia borealis","0","99.54"
"CBAY0055_BF_E","DNARA019-21[BOLD:AAB3041]","Arthropoda","Insecta","Diptera","Simuliidae","Simuliinae","Simuliini","Metacnephia","Metacnephia borealis","0","100.00"
"CBAY0055_BF_E","DNARA392-21[BOLD:AAB3041]","Arthropoda","Insecta","Diptera","Simuliidae","Simuliinae","Simuliini","Metacnephia","Metacnephia borealis","0","100.00"
"CBAY0055_BF_E","MCHAA1055-19[BOLD:AAB3041]","Arthropoda","Insecta","Diptera","Simuliidae","Simuliinae","Simuliini","Metacnephia","Metacnephia borealis","0","100.00"
"CBAY0055_BF_E","MCHAB352-19[BOLD:AAB3041]","Arthropoda","Insecta","Diptera","Simuliidae","Simuliinae","Simuliini","Metacnephia","Metacnephia borealis","0","100.00"
"CBAY0055_BF_E","MCHAE149-19[BOLD:AAB3041]","Arthropoda","Insecta","Diptera","Simuliidae","Simuliinae","Simuliini","Metacnephia","Metacnephia borealis","0","100.00"
"CBAY0055_BF_E","ECIPY182-10[BOLD:AAB3041]","Arthropoda","Insecta","Diptera","Simuliidae","Simuliinae","Simuliini","Metacnephia","","0","99.85"
"CBAY0055_BF_E","BCHAR912-18[BOLD:AAB3041]","Arthropoda","Insecta","Diptera","Simuliidae","Simuliinae","Simuliini","Metacnephia","Metacnephia borealis","0","99.85"
"CBAY0055_BF_E","DNARB2082-23[BOLD:AAB3041]","Arthropoda","Insecta","Diptera","Simuliidae","Simuliinae","Simuliini","Metacnephia","Metacnephia borealis","0","99.85"
"CBAY0055_BF_E","DNARB2088-23[BOLD:AAB3041]","Arthropoda","Insecta","Diptera","Simuliidae","Simuliinae","Simuliini","Metacnephia","Metacnephia borealis","0","99.85"
"CBAY0055_BF_E","DNARB2319-23[BOLD:AAB3041]","Arthropoda","Insecta","Diptera","Simuliidae","Simuliinae","Simuliini","Metacnephia","Metacnephia borealis","0","99.85"
"CBAY0055_BF_E","DNARB2511-23[BOLD:AAB3041]","Arthropoda","Insecta","Diptera","Simuliidae","Simuliinae","Simuliini","Metacnephia","Metacnephia borealis","0","99.85"
"CBAY0055_BF_E","DNARB3710-23[BOLD:AAB3041]","Arthropoda","Insecta","Diptera","Simuliidae","Simuliinae","Simuliini","Metacnephia","Metacnephia borealis","0","99.85"
"CBAY0055_BF_E","FCHAR4863-19[BOLD:AAB3041]","Arthropoda","Insecta","Diptera","Simuliidae","Simuliinae","Simuliini","Metacnephia","Metacnephia borealis","0","99.85"
"CBAY0055_BF_E","FCHAR9102-19[BOLD:AAB3041]","Arthropoda","Insecta","Diptera","Simuliidae","Simuliinae","Simuliini","Metacnephia","Metacnephia borealis","0","99.85"
"CBAY0055_BF_E","FCHAR9123-19[BOLD:AAB3041]","Arthropoda","Insecta","Diptera","Simuliidae","Simuliinae","Simuliini","Metacnephia","Metacnephia borealis","0","99.85"
"CBAY0055_BF_E","MCHAB940-19[BOLD:AAB3041]","Arthropoda","Insecta","Diptera","Simuliidae","Simuliinae","Simuliini","Metacnephia","Metacnephia borealis","0","99.85"
"CBAY0055_BF_E","MCHAC498-19[BOLD:AAB3041]","Arthropoda","Insecta","Diptera","Simuliidae","Simuliinae","Simuliini","Metacnephia","Metacnephia borealis","0","99.85"
"CBAY0055_BF_E","MCHAD1417-19[BOLD:AAB3041]","Arthropoda","Insecta","Diptera","Simuliidae","Simuliinae","Simuliini","Metacnephia","Metacnephia borealis","0","99.85"
"CBAY0055_BF_E","MCHAD605-19[BOLD:AAB3041]","Arthropoda","Insecta","Diptera","Simuliidae","Simuliinae","Simuliini","Metacnephia","Metacnephia borealis","0","99.85"
"CBAY0055_BF_E","POLCO7646-20[BOLD:AAB3041]","Arthropoda","Insecta","Diptera","Simuliidae","Simuliinae","Simuliini","Metacnephia","Metacnephia borealis","0","99.85"
"CBAY0055_BF_E","ECIPY178-10[BOLD:AAB3041]","Arthropoda","Insecta","Diptera","Simuliidae","Simuliinae","Simuliini","Metacnephia","","0","99.70"
"CBAY0055_BF_E","ECIPY179-10[BOLD:AAB3041]","Arthropoda","Insecta","Diptera","Simuliidae","Simuliinae","Simuliini","Metacnephia","","0","99.70"
"CBAY0055_BF_E","ACHAR1485-18[BOLD:AAB3041]","Arthropoda","Insecta","Diptera","Simuliidae","Simuliinae","Simuliini","Metacnephia","Metacnephia borealis","0","99.70"
"CBAY0055_BF_E","DNARB3698-23[BOLD:AAB3041]","Arthropoda","Insecta","Diptera","Simuliidae","Simuliinae","Simuliini","Metacnephia","Metacnephia borealis","0","99.70"
"CBAY0055_BF_E","MCHAD837-19[BOLD:AAB3041]","Arthropoda","Insecta","Diptera","Simuliidae","Simuliinae","Simuliini","Metacnephia","Metacnephia borealis","0","99.70"
"CBAY0071_BF_A","MCHAC432-19[BOLD:AAB3041]","Arthropoda","Insecta","Diptera","Simuliidae","Simuliinae","Simuliini","Metacnephia","Metacnephia borealis","0","100.00"
"CBAY0071_BF_A","DNARB3735-23[BOLD:AAB3041]","Arthropoda","Insecta","Diptera","Simuliidae","Simuliinae","Simuliini","Metacnephia","Metacnephia borealis","0","99.85"
"CBAY0071_BF_A","MCHAC2365-19[BOLD:AAB3041]","Arthropoda","Insecta","Diptera","Simuliidae","Simuliinae","Simuliini","Metacnephia","Metacnephia borealis","0","99.54"
"CBAY0071_BF_A","MCHAC387-19[BOLD:AAB3041]","Arthropoda","Insecta","Diptera","Simuliidae","Simuliinae","Simuliini","Metacnephia","Metacnephia borealis","0","99.54"
"CBAY0071_BF_A","MCHAD615-19[BOLD:AAB3041]","Arthropoda","Insecta","Diptera","Simuliidae","Simuliinae","Simuliini","Metacnephia","Metacnephia borealis","0","99.54"
"CBAY0071_BF_A","BCHAR2715-18[BOLD:AAB3041]","Arthropoda","Insecta","Diptera","Simuliidae","Simuliinae","Simuliini","Metacnephia","Metacnephia borealis","0","99.39"
"CBAY0071_BF_A","BCHAR2721-18[BOLD:AAB3041]","Arthropoda","Insecta","Diptera","Simuliidae","Simuliinae","Simuliini","Metacnephia","Metacnephia borealis","0","99.39"
"CBAY0071_BF_A","DNARB2195-23[BOLD:AAB3041]","Arthropoda","Insecta","Diptera","Simuliidae","Simuliinae","Simuliini","Metacnephia","Metacnephia borealis","0","99.39"
"CBAY0071_BF_A","DNARB2351-23[BOLD:AAB3041]","Arthropoda","Insecta","Diptera","Simuliidae","Simuliinae","Simuliini","Metacnephia","Metacnephia borealis","0","99.39"
"CBAY0071_BF_A","DNARB3677-23[BOLD:AAB3041]","Arthropoda","Insecta","Diptera","Simuliidae","Simuliinae","Simuliini","Metacnephia","Metacnephia borealis","0","99.39"
"CBAY0071_BF_A","DNARB573-23[BOLD:AAB3041]","Arthropoda","Insecta","Diptera","Simuliidae","Simuliinae","Simuliini","Metacnephia","Metacnephia borealis","0","99.39"
"CBAY0071_BF_A","FCHAR9058-19[BOLD:AAB3041]","Arthropoda","Insecta","Diptera","Simuliidae","Simuliinae","Simuliini","Metacnephia","Metacnephia borealis","0","99.39"
"CBAY0071_BF_A","GCHAR932-19[BOLD:AAB3041]","Arthropoda","Insecta","Diptera","Simuliidae","Simuliinae","Simuliini","Metacnephia","Metacnephia borealis","0","99.39"
"CBAY0071_BF_A","MCHAB235-19[BOLD:AAB3041]","Arthropoda","Insecta","Diptera","Simuliidae","Simuliinae","Simuliini","Metacnephia","Metacnephia borealis","0","99.39"
"CBAY0071_BF_A","ECIPY182-10[BOLD:AAB3041]","Arthropoda","Insecta","Diptera","Simuliidae","Simuliinae","Simuliini","Metacnephia","","0","99.24"
"CBAY0071_BF_A","DNARB2082-23[BOLD:AAB3041]","Arthropoda","Insecta","Diptera","Simuliidae","Simuliinae","Simuliini","Metacnephia","Metacnephia borealis","0","99.24"
"CBAY0071_BF_A","DNARB2511-23[BOLD:AAB3041]","Arthropoda","Insecta","Diptera","Simuliidae","Simuliinae","Simuliini","Metacnephia","Metacnephia borealis","0","99.24"
"CBAY0071_BF_A","DNARB3710-23[BOLD:AAB3041]","Arthropoda","Insecta","Diptera","Simuliidae","Simuliinae","Simuliini","Metacnephia","Metacnephia borealis","0","99.24"
"CBAY0071_BF_A","FCHAR9102-19[BOLD:AAB3041]","Arthropoda","Insecta","Diptera","Simuliidae","Simuliinae","Simuliini","Metacnephia","Metacnephia borealis","0","99.24"
"CBAY0071_BF_A","MCHAB940-19[BOLD:AAB3041]","Arthropoda","Insecta","Diptera","Simuliidae","Simuliinae","Simuliini","Metacnephia","Metacnephia borealis","0","99.24"
"CBAY0071_BF_A","MCHAC302-19[BOLD:AAB3041]","Arthropoda","Insecta","Diptera","Simuliidae","Simuliinae","Simuliini","Metacnephia","Metacnephia borealis","0","99.24"
"CBAY0071_BF_A","MCHAC498-19[BOLD:AAB3041]","Arthropoda","Insecta","Diptera","Simuliidae","Simuliinae","Simuliini","Metacnephia","Metacnephia borealis","0","99.24"
"CBAY0071_BF_A","MCHAD1417-19[BOLD:AAB3041]","Arthropoda","Insecta","Diptera","Simuliidae","Simuliinae","Simuliini","Metacnephia","Metacnephia borealis","0","99.24"
"CBAY0071_BF_A","MCHAD622-19[BOLD:AAB3041]","Arthropoda","Insecta","Diptera","Simuliidae","Simuliinae","Simuliini","Metacnephia","Metacnephia borealis","0","99.24"
"CBAY0071_BF_A","POLCO7646-20[BOLD:AAB3041]","Arthropoda","Insecta","Diptera","Simuliidae","Simuliinae","Simuliini","Metacnephia","Metacnephia borealis","0","99.24"
"CBAY0071_BF_G","MCHAA676-19[BOLD:AAB3041]","Arthropoda","Insecta","Diptera","Simuliidae","Simuliinae","Simuliini","Metacnephia","Metacnephia borealis","0","100.00"
"CBAY0071_BF_G","ECIPY182-10[BOLD:AAB3041]","Arthropoda","Insecta","Diptera","Simuliidae","Simuliinae","Simuliini","Metacnephia","","0","99.70"
"CBAY0071_BF_G","DNARB2082-23[BOLD:AAB3041]","Arthropoda","Insecta","Diptera","Simuliidae","Simuliinae","Simuliini","Metacnephia","Metacnephia borealis","0","99.70"
"CBAY0071_BF_G","DNARB2088-23[BOLD:AAB3041]","Arthropoda","Insecta","Diptera","Simuliidae","Simuliinae","Simuliini","Metacnephia","Metacnephia borealis","0","99.70"
"CBAY0071_BF_G","DNARB2319-23[BOLD:AAB3041]","Arthropoda","Insecta","Diptera","Simuliidae","Simuliinae","Simuliini","Metacnephia","Metacnephia borealis","0","99.70"
"CBAY0071_BF_G","DNARB2511-23[BOLD:AAB3041]","Arthropoda","Insecta","Diptera","Simuliidae","Simuliinae","Simuliini","Metacnephia","Metacnephia borealis","0","99.70"
"CBAY0071_BF_G","DNARB3710-23[BOLD:AAB3041]","Arthropoda","Insecta","Diptera","Simuliidae","Simuliinae","Simuliini","Metacnephia","Metacnephia borealis","0","99.70"
"CBAY0071_BF_G","FCHAR9102-19[BOLD:AAB3041]","Arthropoda","Insecta","Diptera","Simuliidae","Simuliinae","Simuliini","Metacnephia","Metacnephia borealis","0","99.70"
"CBAY0071_BF_G","MCHAB940-19[BOLD:AAB3041]","Arthropoda","Insecta","Diptera","Simuliidae","Simuliinae","Simuliini","Metacnephia","Metacnephia borealis","0","99.70"
"CBAY0071_BF_G","MCHAC336-19[BOLD:AAB3041]","Arthropoda","Insecta","Diptera","Simuliidae","Simuliinae","Simuliini","Metacnephia","Metacnephia borealis","0","99.70"
"CBAY0071_BF_G","MCHAC498-19[BOLD:AAB3041]","Arthropoda","Insecta","Diptera","Simuliidae","Simuliinae","Simuliini","Metacnephia","Metacnephia borealis","0","99.70"
"CBAY0071_BF_G","MCHAD1417-19[BOLD:AAB3041]","Arthropoda","Insecta","Diptera","Simuliidae","Simuliinae","Simuliini","Metacnephia","Metacnephia borealis","0","99.70"
"CBAY0071_BF_G","POLCO7646-20[BOLD:AAB3041]","Arthropoda","Insecta","Diptera","Simuliidae","Simuliinae","Simuliini","Metacnephia","Metacnephia borealis","0","99.70"
"CBAY0071_BF_G","ACHAR1270-18[BOLD:AAB3041]","Arthropoda","Insecta","Diptera","Simuliidae","Simuliinae","Simuliini","Metacnephia","Metacnephia borealis","0","99.69"
"CBAY0071_BF_G","BCHAR912-18[BOLD:AAB3041]","Arthropoda","Insecta","Diptera","Simuliidae","Simuliinae","Simuliini","Metacnephia","Metacnephia borealis","0","99.69"
"CBAY0071_BF_G","FCHAR4863-19[BOLD:AAB3041]","Arthropoda","Insecta","Diptera","Simuliidae","Simuliinae","Simuliini","Metacnephia","Metacnephia borealis","0","99.69"
"CBAY0071_BF_G","FCHAR9123-19[BOLD:AAB3041]","Arthropoda","Insecta","Diptera","Simuliidae","Simuliinae","Simuliini","Metacnephia","Metacnephia borealis","0","99.69"
"CBAY0071_BF_G","MCHAC528-19[BOLD:AAB3041]","Arthropoda","Insecta","Diptera","Simuliidae","Simuliinae","Simuliini","Metacnephia","Metacnephia borealis","0","99.69"
"CBAY0071_BF_G","MCHAD605-19[BOLD:AAB3041]","Arthropoda","Insecta","Diptera","Simuliidae","Simuliinae","Simuliini","Metacnephia","Metacnephia borealis","0","99.69"
"CBAY0071_BF_G","ECIPY178-10[BOLD:AAB3041]","Arthropoda","Insecta","Diptera","Simuliidae","Simuliinae","Simuliini","Metacnephia","","0","99.54"
"CBAY0071_BF_G","ECIPY179-10[BOLD:AAB3041]","Arthropoda","Insecta","Diptera","Simuliidae","Simuliinae","Simuliini","Metacnephia","","0","99.54"
"CBAY0071_BF_G","ACHAR1485-18[BOLD:AAB3041]","Arthropoda","Insecta","Diptera","Simuliidae","Simuliinae","Simuliini","Metacnephia","Metacnephia borealis","0","99.54"
"CBAY0071_BF_G","DNARB3698-23[BOLD:AAB3041]","Arthropoda","Insecta","Diptera","Simuliidae","Simuliinae","Simuliini","Metacnephia","Metacnephia borealis","0","99.54"
"CBAY0071_BF_G","MCHAD657-19[BOLD:AAB3041]","Arthropoda","Insecta","Diptera","Simuliidae","Simuliinae","Simuliini","Metacnephia","Metacnephia borealis","0","99.54"
"CBAY0071_BF_G","MCHAD837-19[BOLD:AAB3041]","Arthropoda","Insecta","Diptera","Simuliidae","Simuliinae","Simuliini","Metacnephia","Metacnephia borealis","0","99.54"
"CBAY0071_BF_H","ACHAR1485-18[BOLD:AAB3041]","Arthropoda","Insecta","Diptera","Simuliidae","Simuliinae","Simuliini","Metacnephia","Metacnephia borealis","0","99.85"
"CBAY0071_BF_H","BCHAR2040-18[BOLD:AAB3041]","Arthropoda","Insecta","Diptera","Simuliidae","Simuliinae","Simuliini","Metacnephia","Metacnephia borealis","0","99.85"
"CBAY0071_BF_H","DNARB2042-23[BOLD:AAB3041]","Arthropoda","Insecta","Diptera","Simuliidae","Simuliinae","Simuliini","Metacnephia","Metacnephia borealis","0","99.85"
"CBAY0071_BF_H","DNARB2077-23[BOLD:AAB3041]","Arthropoda","Insecta","Diptera","Simuliidae","Simuliinae","Simuliini","Metacnephia","Metacnephia borealis","0","99.85"
"CBAY0071_BF_H","DNARB2196-23[BOLD:AAB3041]","Arthropoda","Insecta","Diptera","Simuliidae","Simuliinae","Simuliini","Metacnephia","Metacnephia borealis","0","99.85"
"CBAY0071_BF_H","DNARB224-23[BOLD:AAB3041]","Arthropoda","Insecta","Diptera","Simuliidae","Simuliinae","Simuliini","Metacnephia","Metacnephia borealis","0","99.85"
"CBAY0071_BF_H","DNARB2298-23[BOLD:AAB3041]","Arthropoda","Insecta","Diptera","Simuliidae","Simuliinae","Simuliini","Metacnephia","Metacnephia borealis","0","99.85"
"CBAY0071_BF_H","DNARB2323-23[BOLD:AAB3041]","Arthropoda","Insecta","Diptera","Simuliidae","Simuliinae","Simuliini","Metacnephia","Metacnephia borealis","0","99.85"
"CBAY0071_BF_H","DNARB2331-23[BOLD:AAB3041]","Arthropoda","Insecta","Diptera","Simuliidae","Simuliinae","Simuliini","Metacnephia","Metacnephia borealis","0","99.85"
"CBAY0071_BF_H","DNARB3644-23[BOLD:AAB3041]","Arthropoda","Insecta","Diptera","Simuliidae","Simuliinae","Simuliini","Metacnephia","Metacnephia borealis","0","99.85"
"CBAY0071_BF_H","DNARB3695-23[BOLD:AAB3041]","Arthropoda","Insecta","Diptera","Simuliidae","Simuliinae","Simuliini","Metacnephia","Metacnephia borealis","0","99.85"
"CBAY0071_BF_H","DNARB3698-23[BOLD:AAB3041]","Arthropoda","Insecta","Diptera","Simuliidae","Simuliinae","Simuliini","Metacnephia","Metacnephia borealis","0","99.85"
"CBAY0071_BF_H","DNARB617-23[BOLD:AAB3041]","Arthropoda","Insecta","Diptera","Simuliidae","Simuliinae","Simuliini","Metacnephia","Metacnephia borealis","0","99.85"
"CBAY0071_BF_H","DNARB619-23[BOLD:AAB3041]","Arthropoda","Insecta","Diptera","Simuliidae","Simuliinae","Simuliini","Metacnephia","Metacnephia borealis","0","99.85"
"CBAY0071_BF_H","DNARB635-23[BOLD:AAB3041]","Arthropoda","Insecta","Diptera","Simuliidae","Simuliinae","Simuliini","Metacnephia","Metacnephia borealis","0","99.85"
"CBAY0071_BF_H","FCHAR9124-19[BOLD:AAB3041]","Arthropoda","Insecta","Diptera","Simuliidae","Simuliinae","Simuliini","Metacnephia","Metacnephia borealis","0","99.85"
"CBAY0071_BF_H","MCHAA364-19[BOLD:AAB3041]","Arthropoda","Insecta","Diptera","Simuliidae","Simuliinae","Simuliini","Metacnephia","Metacnephia borealis","0","99.85"
"CBAY0071_BF_H","MCHAA397-19[BOLD:AAB3041]","Arthropoda","Insecta","Diptera","Simuliidae","Simuliinae","Simuliini","Metacnephia","Metacnephia borealis","0","99.85"
"CBAY0071_BF_H","MCHAB584-19[BOLD:AAB3041]","Arthropoda","Insecta","Diptera","Simuliidae","Simuliinae","Simuliini","Metacnephia","Metacnephia borealis","0","99.85"
"CBAY0071_BF_H","MCHAB708-19[BOLD:AAB3041]","Arthropoda","Insecta","Diptera","Simuliidae","Simuliinae","Simuliini","Metacnephia","Metacnephia borealis","0","99.85"
"CBAY0071_BF_H","MCHAD657-19[BOLD:AAB3041]","Arthropoda","Insecta","Diptera","Simuliidae","Simuliinae","Simuliini","Metacnephia","Metacnephia borealis","0","99.85"
"CBAY0071_BF_H","MCHAD837-19[BOLD:AAB3041]","Arthropoda","Insecta","Diptera","Simuliidae","Simuliinae","Simuliini","Metacnephia","Metacnephia borealis","0","99.85"
"CBAY0071_BF_H","ECIPY182-10[BOLD:AAB3041]","Arthropoda","Insecta","Diptera","Simuliidae","Simuliinae","Simuliini","Metacnephia","","0","99.70"
"CBAY0071_BF_H","MCHAB940-19[BOLD:AAB3041]","Arthropoda","Insecta","Diptera","Simuliidae","Simuliinae","Simuliini","Metacnephia","Metacnephia borealis","0","99.70"
"CBAY0071_BF_H","MCHAD1437-19[BOLD:AAB3041]","Arthropoda","Insecta","Diptera","Simuliidae","Simuliinae","Simuliini","Metacnephia","Metacnephia borealis","0","99.70"
"CBAY0073_BF_J","ECIPY182-10[BOLD:AAB3041]","Arthropoda","Insecta","Diptera","Simuliidae","Simuliinae","Simuliini","Metacnephia","","0","99.85"
"CBAY0073_BF_J","BCHAR912-18[BOLD:AAB3041]","Arthropoda","Insecta","Diptera","Simuliidae","Simuliinae","Simuliini","Metacnephia","Metacnephia borealis","0","99.85"
"CBAY0073_BF_J","DNARB2082-23[BOLD:AAB3041]","Arthropoda","Insecta","Diptera","Simuliidae","Simuliinae","Simuliini","Metacnephia","Metacnephia borealis","0","99.85"
"CBAY0073_BF_J","DNARB2088-23[BOLD:AAB3041]","Arthropoda","Insecta","Diptera","Simuliidae","Simuliinae","Simuliini","Metacnephia","Metacnephia borealis","0","99.85"
"CBAY0073_BF_J","DNARB2319-23[BOLD:AAB3041]","Arthropoda","Insecta","Diptera","Simuliidae","Simuliinae","Simuliini","Metacnephia","Metacnephia borealis","0","99.85"
"CBAY0073_BF_J","DNARB2511-23[BOLD:AAB3041]","Arthropoda","Insecta","Diptera","Simuliidae","Simuliinae","Simuliini","Metacnephia","Metacnephia borealis","0","99.85"
"CBAY0073_BF_J","DNARB3710-23[BOLD:AAB3041]","Arthropoda","Insecta","Diptera","Simuliidae","Simuliinae","Simuliini","Metacnephia","Metacnephia borealis","0","99.85"
"CBAY0073_BF_J","FCHAR4863-19[BOLD:AAB3041]","Arthropoda","Insecta","Diptera","Simuliidae","Simuliinae","Simuliini","Metacnephia","Metacnephia borealis","0","99.85"
"CBAY0073_BF_J","FCHAR9102-19[BOLD:AAB3041]","Arthropoda","Insecta","Diptera","Simuliidae","Simuliinae","Simuliini","Metacnephia","Metacnephia borealis","0","99.85"
"CBAY0073_BF_J","FCHAR9123-19[BOLD:AAB3041]","Arthropoda","Insecta","Diptera","Simuliidae","Simuliinae","Simuliini","Metacnephia","Metacnephia borealis","0","99.85"
"CBAY0073_BF_J","MCHAB940-19[BOLD:AAB3041]","Arthropoda","Insecta","Diptera","Simuliidae","Simuliinae","Simuliini","Metacnephia","Metacnephia borealis","0","99.85"
"CBAY0073_BF_J","MCHAC498-19[BOLD:AAB3041]","Arthropoda","Insecta","Diptera","Simuliidae","Simuliinae","Simuliini","Metacnephia","Metacnephia borealis","0","99.85"
"CBAY0073_BF_J","MCHAC528-19[BOLD:AAB3041]","Arthropoda","Insecta","Diptera","Simuliidae","Simuliinae","Simuliini","Metacnephia","Metacnephia borealis","0","99.85"
"CBAY0073_BF_J","MCHAD1417-19[BOLD:AAB3041]","Arthropoda","Insecta","Diptera","Simuliidae","Simuliinae","Simuliini","Metacnephia","Metacnephia borealis","0","99.85"
"CBAY0073_BF_J","MCHAD605-19[BOLD:AAB3041]","Arthropoda","Insecta","Diptera","Simuliidae","Simuliinae","Simuliini","Metacnephia","Metacnephia borealis","0","99.85"
"CBAY0073_BF_J","POLCO7646-20[BOLD:AAB3041]","Arthropoda","Insecta","Diptera","Simuliidae","Simuliinae","Simuliini","Metacnephia","Metacnephia borealis","0","99.85"
"CBAY0073_BF_J","ECIPY178-10[BOLD:AAB3041]","Arthropoda","Insecta","Diptera","Simuliidae","Simuliinae","Simuliini","Metacnephia","","0","99.70"
"CBAY0073_BF_J","ECIPY179-10[BOLD:AAB3041]","Arthropoda","Insecta","Diptera","Simuliidae","Simuliinae","Simuliini","Metacnephia","","0","99.70"
"CBAY0073_BF_J","ACHAR1485-18[BOLD:AAB3041]","Arthropoda","Insecta","Diptera","Simuliidae","Simuliinae","Simuliini","Metacnephia","Metacnephia borealis","0","99.70"
"CBAY0073_BF_J","DNARB3698-23[BOLD:AAB3041]","Arthropoda","Insecta","Diptera","Simuliidae","Simuliinae","Simuliini","Metacnephia","Metacnephia borealis","0","99.70"
"CBAY0073_BF_J","FCHAR9056-19[BOLD:AAB3041]","Arthropoda","Insecta","Diptera","Simuliidae","Simuliinae","Simuliini","Metacnephia","Metacnephia borealis","0","99.70"
"CBAY0073_BF_J","FCHAR9058-19[BOLD:AAB3041]","Arthropoda","Insecta","Diptera","Simuliidae","Simuliinae","Simuliini","Metacnephia","Metacnephia borealis","0","99.70"
"CBAY0073_BF_J","FCHAR9124-19[BOLD:AAB3041]","Arthropoda","Insecta","Diptera","Simuliidae","Simuliinae","Simuliini","Metacnephia","Metacnephia borealis","0","99.70"
"CBAY0073_BF_J","MCHAD657-19[BOLD:AAB3041]","Arthropoda","Insecta","Diptera","Simuliidae","Simuliinae","Simuliini","Metacnephia","Metacnephia borealis","0","99.70"
"CBAY0073_BF_J","MCHAD837-19[BOLD:AAB3041]","Arthropoda","Insecta","Diptera","Simuliidae","Simuliinae","Simuliini","Metacnephia","Metacnephia borealis","0","99.70"
"CBAY0099_BF_Y","GJOAA2588-22[BOLD:AFG1354]","Arthropoda","Insecta","Diptera","Simuliidae","Simuliinae","Simuliini","Metacnephia","","0","96.03"
"CBAY0099_BF_Y","MCHAC653-19[BOLD:AAB3041]","Arthropoda","Insecta","Diptera","Simuliidae","Simuliinae","Simuliini","Metacnephia","Metacnephia borealis","2","94.50"
"CBAY0099_BF_Y","DNARB2079-23[BOLD:AAB3041]","Arthropoda","Insecta","Diptera","Simuliidae","Simuliinae","Simuliini","Metacnephia","Metacnephia borealis","2","94.48"
"CBAY0099_BF_Y","DNARB2082-23[BOLD:AAB3041]","Arthropoda","Insecta","Diptera","Simuliidae","Simuliinae","Simuliini","Metacnephia","Metacnephia borealis","2","94.34"
"CBAY0099_BF_Y","DNARB3710-23[BOLD:AAB3041]","Arthropoda","Insecta","Diptera","Simuliidae","Simuliinae","Simuliini","Metacnephia","Metacnephia borealis","2","94.34"
"CBAY0099_BF_Y","FCHAR4863-19[BOLD:AAB3041]","Arthropoda","Insecta","Diptera","Simuliidae","Simuliinae","Simuliini","Metacnephia","Metacnephia borealis","2","94.34"
"CBAY0099_BF_Y","FCHAR9102-19[BOLD:AAB3041]","Arthropoda","Insecta","Diptera","Simuliidae","Simuliinae","Simuliini","Metacnephia","Metacnephia borealis","2","94.34"
"CBAY0099_BF_Y","FCHAR9123-19[BOLD:AAB3041]","Arthropoda","Insecta","Diptera","Simuliidae","Simuliinae","Simuliini","Metacnephia","Metacnephia borealis","2","94.34"
"CBAY0099_BF_Y","MCHAC528-19[BOLD:AAB3041]","Arthropoda","Insecta","Diptera","Simuliidae","Simuliinae","Simuliini","Metacnephia","Metacnephia borealis","2","94.34"
"CBAY0099_BF_Y","BCHAR2011-18[BOLD:AAB3041]","Arthropoda","Insecta","Diptera","Simuliidae","Simuliinae","Simuliini","Metacnephia","Metacnephia borealis","2","94.33"
"CBAY0099_BF_Y","BCHAR2148-18[BOLD:AAB3041]","Arthropoda","Insecta","Diptera","Simuliidae","Simuliinae","Simuliini","Metacnephia","Metacnephia borealis","2","94.33"
"CBAY0099_BF_Y","BCHAR2200-18[BOLD:AAB3041]","Arthropoda","Insecta","Diptera","Simuliidae","Simuliinae","Simuliini","Metacnephia","Metacnephia borealis","2","94.33"
"CBAY0099_BF_Y","BCHAR912-18[BOLD:AAB3041]","Arthropoda","Insecta","Diptera","Simuliidae","Simuliinae","Simuliini","Metacnephia","Metacnephia borealis","2","94.33"
"CBAY0099_BF_Y","DNARA1242-21[BOLD:AAB3041]","Arthropoda","Insecta","Diptera","Simuliidae","Simuliinae","Simuliini","Metacnephia","Metacnephia borealis","2","94.33"
"CBAY0099_BF_Y","DNARB2083-23[BOLD:AAB3041]","Arthropoda","Insecta","Diptera","Simuliidae","Simuliinae","Simuliini","Metacnephia","Metacnephia borealis","2","94.33"
"CBAY0099_BF_Y","DNARB604-23[BOLD:AAB3041]","Arthropoda","Insecta","Diptera","Simuliidae","Simuliinae","Simuliini","Metacnephia","Metacnephia borealis","2","94.33"
"CBAY0099_BF_Y","GCHAR1338-19[BOLD:AAB3041]","Arthropoda","Insecta","Diptera","Simuliidae","Simuliinae","Simuliini","Metacnephia","Metacnephia borealis","2","94.33"
"CBAY0099_BF_Y","MCHAA1371-19[BOLD:AAB3041]","Arthropoda","Insecta","Diptera","Simuliidae","Simuliinae","Simuliini","Metacnephia","Metacnephia borealis","2","94.33"
"CBAY0099_BF_Y","MCHAC2261-19[BOLD:AAB3041]","Arthropoda","Insecta","Diptera","Simuliidae","Simuliinae","Simuliini","Metacnephia","Metacnephia borealis","2","94.33"
"CBAY0099_BF_Y","MCHAC498-19[BOLD:AAB3041]","Arthropoda","Insecta","Diptera","Simuliidae","Simuliinae","Simuliini","Metacnephia","Metacnephia borealis","2","94.33"
"CBAY0099_BF_Y","MCHAD1354-19[BOLD:AAB3041]","Arthropoda","Insecta","Diptera","Simuliidae","Simuliinae","Simuliini","Metacnephia","Metacnephia borealis","2","94.33"
"CBAY0099_BF_Y","MCHAD605-19[BOLD:AAB3041]","Arthropoda","Insecta","Diptera","Simuliidae","Simuliinae","Simuliini","Metacnephia","Metacnephia borealis","2","94.33"
"CBAY0099_BF_Y","MCHAD653-19[BOLD:AAB3041]","Arthropoda","Insecta","Diptera","Simuliidae","Simuliinae","Simuliini","Metacnephia","Metacnephia borealis","2","94.33"
"CBAY0099_BF_Y","FCHAR4859-19[BOLD:AAB3041]","Arthropoda","Insecta","Diptera","Simuliidae","Simuliinae","Simuliini","Metacnephia","Metacnephia borealis","1","94.18"
"CBAY0099_BF_Y","ECIPY179-10[BOLD:AAB3041]","Arthropoda","Insecta","Diptera","Simuliidae","Simuliinae","Simuliini","Metacnephia","","0","94.07"
"CBAY0147_BF_A","ECIPY182-10[BOLD:AAB3041]","Arthropoda","Insecta","Diptera","Simuliidae","Simuliinae","Simuliini","Metacnephia","","0","100.00"
"CBAY0147_BF_A","BCHAR912-18[BOLD:AAB3041]","Arthropoda","Insecta","Diptera","Simuliidae","Simuliinae","Simuliini","Metacnephia","Metacnephia borealis","0","100.00"
"CBAY0147_BF_A","DNARB2082-23[BOLD:AAB3041]","Arthropoda","Insecta","Diptera","Simuliidae","Simuliinae","Simuliini","Metacnephia","Metacnephia borealis","0","100.00"
"CBAY0147_BF_A","DNARB2088-23[BOLD:AAB3041]","Arthropoda","Insecta","Diptera","Simuliidae","Simuliinae","Simuliini","Metacnephia","Metacnephia borealis","0","100.00"
"CBAY0147_BF_A","DNARB2319-23[BOLD:AAB3041]","Arthropoda","Insecta","Diptera","Simuliidae","Simuliinae","Simuliini","Metacnephia","Metacnephia borealis","0","100.00"
"CBAY0147_BF_A","DNARB2511-23[BOLD:AAB3041]","Arthropoda","Insecta","Diptera","Simuliidae","Simuliinae","Simuliini","Metacnephia","Metacnephia borealis","0","100.00"
"CBAY0147_BF_A","DNARB3710-23[BOLD:AAB3041]","Arthropoda","Insecta","Diptera","Simuliidae","Simuliinae","Simuliini","Metacnephia","Metacnephia borealis","0","100.00"
"CBAY0147_BF_A","FCHAR4863-19[BOLD:AAB3041]","Arthropoda","Insecta","Diptera","Simuliidae","Simuliinae","Simuliini","Metacnephia","Metacnephia borealis","0","100.00"
"CBAY0147_BF_A","FCHAR9102-19[BOLD:AAB3041]","Arthropoda","Insecta","Diptera","Simuliidae","Simuliinae","Simuliini","Metacnephia","Metacnephia borealis","0","100.00"
"CBAY0147_BF_A","FCHAR9123-19[BOLD:AAB3041]","Arthropoda","Insecta","Diptera","Simuliidae","Simuliinae","Simuliini","Metacnephia","Metacnephia borealis","0","100.00"
"CBAY0147_BF_A","MCHAB940-19[BOLD:AAB3041]","Arthropoda","Insecta","Diptera","Simuliidae","Simuliinae","Simuliini","Metacnephia","Metacnephia borealis","0","100.00"
"CBAY0147_BF_A","MCHAC498-19[BOLD:AAB3041]","Arthropoda","Insecta","Diptera","Simuliidae","Simuliinae","Simuliini","Metacnephia","Metacnephia borealis","0","100.00"
"CBAY0147_BF_A","MCHAC528-19[BOLD:AAB3041]","Arthropoda","Insecta","Diptera","Simuliidae","Simuliinae","Simuliini","Metacnephia","Metacnephia borealis","0","100.00"
"CBAY0147_BF_A","MCHAD1417-19[BOLD:AAB3041]","Arthropoda","Insecta","Diptera","Simuliidae","Simuliinae","Simuliini","Metacnephia","Metacnephia borealis","0","100.00"
"CBAY0147_BF_A","MCHAD605-19[BOLD:AAB3041]","Arthropoda","Insecta","Diptera","Simuliidae","Simuliinae","Simuliini","Metacnephia","Metacnephia borealis","0","100.00"
"CBAY0147_BF_A","POLCO7646-20[BOLD:AAB3041]","Arthropoda","Insecta","Diptera","Simuliidae","Simuliinae","Simuliini","Metacnephia","Metacnephia borealis","0","100.00"
"CBAY0147_BF_A","ECIPY178-10[BOLD:AAB3041]","Arthropoda","Insecta","Diptera","Simuliidae","Simuliinae","Simuliini","Metacnephia","","0","99.85"
"CBAY0147_BF_A","ECIPY179-10[BOLD:AAB3041]","Arthropoda","Insecta","Diptera","Simuliidae","Simuliinae","Simuliini","Metacnephia","","0","99.85"
"CBAY0147_BF_A","ACHAR1485-18[BOLD:AAB3041]","Arthropoda","Insecta","Diptera","Simuliidae","Simuliinae","Simuliini","Metacnephia","Metacnephia borealis","0","99.85"
"CBAY0147_BF_A","DNARB3698-23[BOLD:AAB3041]","Arthropoda","Insecta","Diptera","Simuliidae","Simuliinae","Simuliini","Metacnephia","Metacnephia borealis","0","99.85"
"CBAY0147_BF_A","FCHAR9056-19[BOLD:AAB3041]","Arthropoda","Insecta","Diptera","Simuliidae","Simuliinae","Simuliini","Metacnephia","Metacnephia borealis","0","99.85"
"CBAY0147_BF_A","FCHAR9058-19[BOLD:AAB3041]","Arthropoda","Insecta","Diptera","Simuliidae","Simuliinae","Simuliini","Metacnephia","Metacnephia borealis","0","99.85"
"CBAY0147_BF_A","FCHAR9124-19[BOLD:AAB3041]","Arthropoda","Insecta","Diptera","Simuliidae","Simuliinae","Simuliini","Metacnephia","Metacnephia borealis","0","99.85"
"CBAY0147_BF_A","MCHAD657-19[BOLD:AAB3041]","Arthropoda","Insecta","Diptera","Simuliidae","Simuliinae","Simuliini","Metacnephia","Metacnephia borealis","0","99.85"
"CBAY0147_BF_A","MCHAD837-19[BOLD:AAB3041]","Arthropoda","Insecta","Diptera","Simuliidae","Simuliinae","Simuliini","Metacnephia","Metacnephia borealis","0","99.85"
"CBAY0237_BF_B","FCHAR9216-19[BOLD:AAB3041]","Arthropoda","Insecta","Diptera","Simuliidae","Simuliinae","Simuliini","Metacnephia","Metacnephia borealis","0","94.34"
"CBAY0237_BF_B","MCHAD1437-19[BOLD:AAB3041]","Arthropoda","Insecta","Diptera","Simuliidae","Simuliinae","Simuliini","Metacnephia","Metacnephia borealis","0","94.22"
"CBAY0237_BF_B","DNARB2499-23[BOLD:AAB3041]","Arthropoda","Insecta","Diptera","Simuliidae","Simuliinae","Simuliini","Metacnephia","Metacnephia borealis","0","94.21"
"CBAY0237_BF_B","MCHAA381-19[BOLD:AAB3041]","Arthropoda","Insecta","Diptera","Simuliidae","Simuliinae","Simuliini","Metacnephia","Metacnephia borealis","0","94.21"
"CBAY0237_BF_B","MCHAC336-19[BOLD:AAB3041]","Arthropoda","Insecta","Diptera","Simuliidae","Simuliinae","Simuliini","Metacnephia","Metacnephia borealis","0","94.21"
"CBAY0237_BF_B","MCHAC491-19[BOLD:AAB3041]","Arthropoda","Insecta","Diptera","Simuliidae","Simuliinae","Simuliini","Metacnephia","Metacnephia borealis","0","94.21"
"CBAY0237_BF_B","GCHAR937-19[BOLD:AAB3041]","Arthropoda","Insecta","Diptera","Simuliidae","Simuliinae","Simuliini","Metacnephia","Metacnephia borealis","0","94.20"
"CBAY0237_BF_B","MCHAA1051-19[BOLD:AAB3041]","Arthropoda","Insecta","Diptera","Simuliidae","Simuliinae","Simuliini","Metacnephia","Metacnephia borealis","0","94.20"
"CBAY0237_BF_B","MCHAE1091-19[BOLD:AAB3041]","Arthropoda","Insecta","Diptera","Simuliidae","Simuliinae","Simuliini","Metacnephia","Metacnephia borealis","0","94.20"
"CBAY0237_BF_B","MCHAA1059-19[BOLD:AAB3041]","Arthropoda","Insecta","Diptera","Simuliidae","Simuliinae","Simuliini","Metacnephia","Metacnephia borealis","0","94.19"
"CBAY0237_BF_B","MCHAC383-19[BOLD:AAB3041]","Arthropoda","Insecta","Diptera","Simuliidae","Simuliinae","Simuliini","Metacnephia","Metacnephia borealis","0","94.19"
"CBAY0237_BF_B","ACHAR1485-18[BOLD:AAB3041]","Arthropoda","Insecta","Diptera","Simuliidae","Simuliinae","Simuliini","Metacnephia","Metacnephia borealis","0","94.07"
"CBAY0237_BF_B","ACHAR454-18[BOLD:AAB3041]","Arthropoda","Insecta","Diptera","Simuliidae","Simuliinae","Simuliini","Metacnephia","Metacnephia borealis","0","94.07"
"CBAY0237_BF_B","DNARB3698-23[BOLD:AAB3041]","Arthropoda","Insecta","Diptera","Simuliidae","Simuliinae","Simuliini","Metacnephia","Metacnephia borealis","0","94.07"
"CBAY0237_BF_B","MCHAD837-19[BOLD:AAB3041]","Arthropoda","Insecta","Diptera","Simuliidae","Simuliinae","Simuliini","Metacnephia","Metacnephia borealis","0","94.07"
"CBAY0237_BF_B","DNARB2042-23[BOLD:AAB3041]","Arthropoda","Insecta","Diptera","Simuliidae","Simuliinae","Simuliini","Metacnephia","Metacnephia borealis","0","94.06"
"CBAY0237_BF_B","DNARB617-23[BOLD:AAB3041]","Arthropoda","Insecta","Diptera","Simuliidae","Simuliinae","Simuliini","Metacnephia","Metacnephia borealis","0","94.06"
"CBAY0237_BF_B","FCHAR9056-19[BOLD:AAB3041]","Arthropoda","Insecta","Diptera","Simuliidae","Simuliinae","Simuliini","Metacnephia","Metacnephia borealis","0","94.06"
"CBAY0237_BF_B","FCHAR9124-19[BOLD:AAB3041]","Arthropoda","Insecta","Diptera","Simuliidae","Simuliinae","Simuliini","Metacnephia","Metacnephia borealis","0","94.06"
"CBAY0237_BF_B","MCHAD657-19[BOLD:AAB3041]","Arthropoda","Insecta","Diptera","Simuliidae","Simuliinae","Simuliini","Metacnephia","Metacnephia borealis","0","94.06"
"CBAY0237_BF_B","DNARB3695-23[BOLD:AAB3041]","Arthropoda","Insecta","Diptera","Simuliidae","Simuliinae","Simuliini","Metacnephia","Metacnephia borealis","0","94.05"
"CBAY0237_BF_B","GCHAR931-19[BOLD:AAB3041]","Arthropoda","Insecta","Diptera","Simuliidae","Simuliinae","Simuliini","Metacnephia","Metacnephia borealis","0","94.05"
"CBAY0237_BF_B","MCHAA364-19[BOLD:AAB3041]","Arthropoda","Insecta","Diptera","Simuliidae","Simuliinae","Simuliini","Metacnephia","Metacnephia borealis","0","94.05"
"CBAY0237_BF_B","MCHAB1006-19[BOLD:AAB3041]","Arthropoda","Insecta","Diptera","Simuliidae","Simuliinae","Simuliini","Metacnephia","Metacnephia borealis","0","94.05"
"CBAY0237_BF_B","MCHAD622-19[BOLD:AAB3041]","Arthropoda","Insecta","Diptera","Simuliidae","Simuliinae","Simuliini","Metacnephia","Metacnephia borealis","0","94.05"
"CBAY0237_BF_D","GJOAA2588-22[BOLD:AFG1354]","Arthropoda","Insecta","Diptera","Simuliidae","Simuliinae","Simuliini","Metacnephia","","0","96.21"
"CBAY0237_BF_D","MCHAC653-19[BOLD:AAB3041]","Arthropoda","Insecta","Diptera","Simuliidae","Simuliinae","Simuliini","Metacnephia","Metacnephia borealis","2","94.65"
"CBAY0237_BF_D","DNARB2079-23[BOLD:AAB3041]","Arthropoda","Insecta","Diptera","Simuliidae","Simuliinae","Simuliini","Metacnephia","Metacnephia borealis","2","94.63"
"CBAY0237_BF_D","DNARB2082-23[BOLD:AAB3041]","Arthropoda","Insecta","Diptera","Simuliidae","Simuliinae","Simuliini","Metacnephia","Metacnephia borealis","2","94.50"
"CBAY0237_BF_D","DNARB2356-23[BOLD:AAB3041]","Arthropoda","Insecta","Diptera","Simuliidae","Simuliinae","Simuliini","Metacnephia","Metacnephia borealis","2","94.50"
"CBAY0237_BF_D","DNARB3710-23[BOLD:AAB3041]","Arthropoda","Insecta","Diptera","Simuliidae","Simuliinae","Simuliini","Metacnephia","Metacnephia borealis","2","94.50"
"CBAY0237_BF_D","FCHAR4863-19[BOLD:AAB3041]","Arthropoda","Insecta","Diptera","Simuliidae","Simuliinae","Simuliini","Metacnephia","Metacnephia borealis","2","94.50"
"CBAY0237_BF_D","FCHAR9102-19[BOLD:AAB3041]","Arthropoda","Insecta","Diptera","Simuliidae","Simuliinae","Simuliini","Metacnephia","Metacnephia borealis","2","94.50"
"CBAY0237_BF_D","FCHAR9123-19[BOLD:AAB3041]","Arthropoda","Insecta","Diptera","Simuliidae","Simuliinae","Simuliini","Metacnephia","Metacnephia borealis","2","94.50"
"CBAY0237_BF_D","GCHAR931-19[BOLD:AAB3041]","Arthropoda","Insecta","Diptera","Simuliidae","Simuliinae","Simuliini","Metacnephia","Metacnephia borealis","2","94.50"
"CBAY0237_BF_D","MCHAC528-19[BOLD:AAB3041]","Arthropoda","Insecta","Diptera","Simuliidae","Simuliinae","Simuliini","Metacnephia","Metacnephia borealis","2","94.50"
"CBAY0237_BF_D","BCHAR2200-18[BOLD:AAB3041]","Arthropoda","Insecta","Diptera","Simuliidae","Simuliinae","Simuliini","Metacnephia","Metacnephia borealis","2","94.49"
"CBAY0237_BF_D","BCHAR912-18[BOLD:AAB3041]","Arthropoda","Insecta","Diptera","Simuliidae","Simuliinae","Simuliini","Metacnephia","Metacnephia borealis","2","94.49"
"CBAY0237_BF_D","DNARB2083-23[BOLD:AAB3041]","Arthropoda","Insecta","Diptera","Simuliidae","Simuliinae","Simuliini","Metacnephia","Metacnephia borealis","2","94.49"
"CBAY0237_BF_D","DNARB2359-23[BOLD:AAB3041]","Arthropoda","Insecta","Diptera","Simuliidae","Simuliinae","Simuliini","Metacnephia","Metacnephia borealis","2","94.49"
"CBAY0237_BF_D","DNARB616-23[BOLD:AAB3041]","Arthropoda","Insecta","Diptera","Simuliidae","Simuliinae","Simuliini","Metacnephia","Metacnephia borealis","2","94.49"
"CBAY0237_BF_D","MCHAA1371-19[BOLD:AAB3041]","Arthropoda","Insecta","Diptera","Simuliidae","Simuliinae","Simuliini","Metacnephia","Metacnephia borealis","2","94.49"
"CBAY0237_BF_D","MCHAC2261-19[BOLD:AAB3041]","Arthropoda","Insecta","Diptera","Simuliidae","Simuliinae","Simuliini","Metacnephia","Metacnephia borealis","2","94.49"
"CBAY0237_BF_D","MCHAC498-19[BOLD:AAB3041]","Arthropoda","Insecta","Diptera","Simuliidae","Simuliinae","Simuliini","Metacnephia","Metacnephia borealis","2","94.49"
"CBAY0237_BF_D","MCHAD653-19[BOLD:AAB3041]","Arthropoda","Insecta","Diptera","Simuliidae","Simuliinae","Simuliini","Metacnephia","Metacnephia borealis","2","94.49"
"CBAY0237_BF_D","ECIPY179-10[BOLD:AAB3041]","Arthropoda","Insecta","Diptera","Simuliidae","Simuliinae","Simuliini","Metacnephia","","0","94.22"
"CBAY0237_BF_D","ECIPY182-10[BOLD:AAB3041]","Arthropoda","Insecta","Diptera","Simuliidae","Simuliinae","Simuliini","Metacnephia","","0","94.07"
"CBAY0237_BF_D","MCHAB940-19[BOLD:AAB3041]","Arthropoda","Insecta","Diptera","Simuliidae","Simuliinae","Simuliini","Metacnephia","Metacnephia borealis","0","94.07"
"CBAY0237_BF_D","MCHAD1417-19[BOLD:AAB3041]","Arthropoda","Insecta","Diptera","Simuliidae","Simuliinae","Simuliini","Metacnephia","Metacnephia borealis","0","94.06"
"CBAY0237_BF_D","POLCO7646-20[BOLD:AAB3041]","Arthropoda","Insecta","Diptera","Simuliidae","Simuliinae","Simuliini","Metacnephia","Metacnephia borealis","0","94.06"
"CBAY0264_BF_B","ECIPY178-10[BOLD:AAB3041]","Arthropoda","Insecta","Diptera","Simuliidae","Simuliinae","Simuliini","Metacnephia","","0","100.00"
"CBAY0264_BF_B","BCHAR2256-18[BOLD:AAB3041]","Arthropoda","Insecta","Diptera","Simuliidae","Simuliinae","Simuliini","Metacnephia","Metacnephia borealis","0","100.00"
"CBAY0264_BF_B","DNARA273-21[BOLD:AAB3041]","Arthropoda","Insecta","Diptera","Simuliidae","Simuliinae","Simuliini","Metacnephia","Metacnephia borealis","0","100.00"
"CBAY0264_BF_B","DNARB238-23[BOLD:AAB3041]","Arthropoda","Insecta","Diptera","Simuliidae","Simuliinae","Simuliini","Metacnephia","Metacnephia borealis","0","100.00"
"CBAY0264_BF_B","DNARB3643-23[BOLD:AAB3041]","Arthropoda","Insecta","Diptera","Simuliidae","Simuliinae","Simuliini","Metacnephia","Metacnephia borealis","0","100.00"
"CBAY0264_BF_B","MCHAC417-19[BOLD:AAB3041]","Arthropoda","Insecta","Diptera","Simuliidae","Simuliinae","Simuliini","Metacnephia","Metacnephia borealis","0","100.00"
"CBAY0264_BF_B","ECIPY182-10[BOLD:AAB3041]","Arthropoda","Insecta","Diptera","Simuliidae","Simuliinae","Simuliini","Metacnephia","","0","99.85"
"CBAY0264_BF_B","BCHAR912-18[BOLD:AAB3041]","Arthropoda","Insecta","Diptera","Simuliidae","Simuliinae","Simuliini","Metacnephia","Metacnephia borealis","0","99.85"
"CBAY0264_BF_B","DNARB2082-23[BOLD:AAB3041]","Arthropoda","Insecta","Diptera","Simuliidae","Simuliinae","Simuliini","Metacnephia","Metacnephia borealis","0","99.85"
"CBAY0264_BF_B","DNARB2088-23[BOLD:AAB3041]","Arthropoda","Insecta","Diptera","Simuliidae","Simuliinae","Simuliini","Metacnephia","Metacnephia borealis","0","99.85"
"CBAY0264_BF_B","DNARB2319-23[BOLD:AAB3041]","Arthropoda","Insecta","Diptera","Simuliidae","Simuliinae","Simuliini","Metacnephia","Metacnephia borealis","0","99.85"
"CBAY0264_BF_B","DNARB2511-23[BOLD:AAB3041]","Arthropoda","Insecta","Diptera","Simuliidae","Simuliinae","Simuliini","Metacnephia","Metacnephia borealis","0","99.85"
"CBAY0264_BF_B","DNARB3710-23[BOLD:AAB3041]","Arthropoda","Insecta","Diptera","Simuliidae","Simuliinae","Simuliini","Metacnephia","Metacnephia borealis","0","99.85"
"CBAY0264_BF_B","FCHAR4863-19[BOLD:AAB3041]","Arthropoda","Insecta","Diptera","Simuliidae","Simuliinae","Simuliini","Metacnephia","Metacnephia borealis","0","99.85"
"CBAY0264_BF_B","FCHAR9102-19[BOLD:AAB3041]","Arthropoda","Insecta","Diptera","Simuliidae","Simuliinae","Simuliini","Metacnephia","Metacnephia borealis","0","99.85"
"CBAY0264_BF_B","FCHAR9123-19[BOLD:AAB3041]","Arthropoda","Insecta","Diptera","Simuliidae","Simuliinae","Simuliini","Metacnephia","Metacnephia borealis","0","99.85"
"CBAY0264_BF_B","MCHAB940-19[BOLD:AAB3041]","Arthropoda","Insecta","Diptera","Simuliidae","Simuliinae","Simuliini","Metacnephia","Metacnephia borealis","0","99.85"
"CBAY0264_BF_B","MCHAC498-19[BOLD:AAB3041]","Arthropoda","Insecta","Diptera","Simuliidae","Simuliinae","Simuliini","Metacnephia","Metacnephia borealis","0","99.85"
"CBAY0264_BF_B","MCHAD1310-19[BOLD:AAB3041]","Arthropoda","Insecta","Diptera","Simuliidae","Simuliinae","Simuliini","Metacnephia","Metacnephia borealis","0","99.85"
"CBAY0264_BF_B","MCHAD1417-19[BOLD:AAB3041]","Arthropoda","Insecta","Diptera","Simuliidae","Simuliinae","Simuliini","Metacnephia","Metacnephia borealis","0","99.85"
"CBAY0264_BF_B","MCHAD605-19[BOLD:AAB3041]","Arthropoda","Insecta","Diptera","Simuliidae","Simuliinae","Simuliini","Metacnephia","Metacnephia borealis","0","99.85"
"CBAY0264_BF_B","POLCO7646-20[BOLD:AAB3041]","Arthropoda","Insecta","Diptera","Simuliidae","Simuliinae","Simuliini","Metacnephia","Metacnephia borealis","0","99.85"
"CBAY0264_BF_B","ECIPY179-10[BOLD:AAB3041]","Arthropoda","Insecta","Diptera","Simuliidae","Simuliinae","Simuliini","Metacnephia","","0","99.70"
"CBAY0264_BF_B","DNARB3698-23[BOLD:AAB3041]","Arthropoda","Insecta","Diptera","Simuliidae","Simuliinae","Simuliini","Metacnephia","Metacnephia borealis","0","99.70"
"CBAY0264_BF_B","MCHAD837-19[BOLD:AAB3041]","Arthropoda","Insecta","Diptera","Simuliidae","Simuliinae","Simuliini","Metacnephia","Metacnephia borealis","0","99.70"
"CBAY0264_BF_D","CNTUA2993-14[BOLD:AAB3041]","Arthropoda","Insecta","Diptera","Simuliidae","Simuliinae","Simuliini","Metacnephia","Metacnephia borealis","0","94.89"
"CBAY0264_BF_D","CNTUA737-14[BOLD:AAB3041]","Arthropoda","Insecta","Diptera","Simuliidae","Simuliinae","Simuliini","Metacnephia","Metacnephia borealis","0","94.72"
"CBAY0264_BF_D","CNTUA3740-14[BOLD:AAB3041]","Arthropoda","Insecta","Diptera","Simuliidae","Simuliinae","Simuliini","Metacnephia","Metacnephia borealis","0","94.67"
"CBAY0264_BF_D","CNTUB3762-14[BOLD:AAB3041]","Arthropoda","Insecta","Diptera","Simuliidae","Simuliinae","Simuliini","Metacnephia","Metacnephia borealis","0","94.67"
"CBAY0264_BF_D","CNTUB4567-14[BOLD:AAB3041]","Arthropoda","Insecta","Diptera","Simuliidae","Simuliinae","Simuliini","Metacnephia","Metacnephia borealis","0","94.67"
"CBAY0264_BF_D","CNTUA3023-14[BOLD:AAB3041]","Arthropoda","Insecta","Diptera","Simuliidae","Simuliinae","Simuliini","Metacnephia","Metacnephia borealis","0","94.64"
"CBAY0264_BF_D","CNTUA1669-14[BOLD:AAB3041]","Arthropoda","Insecta","Diptera","Simuliidae","Simuliinae","Simuliini","Metacnephia","Metacnephia borealis","0","94.59"
"CBAY0264_BF_D","CNTUA1866-14[BOLD:AAB3041]","Arthropoda","Insecta","Diptera","Simuliidae","Simuliinae","Simuliini","Metacnephia","Metacnephia borealis","0","94.59"
"CBAY0264_BF_D","CNTUA4328-14[BOLD:AAB3041]","Arthropoda","Insecta","Diptera","Simuliidae","Simuliinae","Simuliini","Metacnephia","Metacnephia borealis","1","94.58"
"CBAY0264_BF_D","CNTUA2395-14[BOLD:AAB3041]","Arthropoda","Insecta","Diptera","Simuliidae","Simuliinae","Simuliini","Metacnephia","Metacnephia borealis","0","94.52"
"CBAY0264_BF_D","CNTUA4369-14[BOLD:AAB3041]","Arthropoda","Insecta","Diptera","Simuliidae","Simuliinae","Simuliini","Metacnephia","Metacnephia borealis","0","94.52"
"CBAY0264_BF_D","CNAUY120-14[BOLD:AAB3041]","Arthropoda","Insecta","Diptera","Simuliidae","Simuliinae","Simuliini","Metacnephia","Metacnephia borealis","0","94.50"
"CBAY0264_BF_D","CNAUY373-14[BOLD:AAB3041]","Arthropoda","Insecta","Diptera","Simuliidae","Simuliinae","Simuliini","Metacnephia","Metacnephia borealis","0","94.50"
"CBAY0264_BF_D","CNTUB2491-14[BOLD:AAB3041]","Arthropoda","Insecta","Diptera","Simuliidae","Simuliinae","Simuliini","Metacnephia","Metacnephia borealis","0","94.47"
"CBAY0264_BF_D","CNTUA1121-14[BOLD:AAB3041]","Arthropoda","Insecta","Diptera","Simuliidae","Simuliinae","Simuliini","Metacnephia","Metacnephia borealis","0","94.44"
"CBAY0264_BF_D","CNTUA4498-14[BOLD:AAB3041]","Arthropoda","Insecta","Diptera","Simuliidae","Simuliinae","Simuliini","Metacnephia","Metacnephia borealis","0","94.44"
"CBAY0264_BF_D","CNAUY464-14[BOLD:AAB3041]","Arthropoda","Insecta","Diptera","Simuliidae","Simuliinae","Simuliini","Metacnephia","Metacnephia borealis","0","94.35"
"CBAY0264_BF_D","CNAUY080-14[BOLD:AAB3041]","Arthropoda","Insecta","Diptera","Simuliidae","Simuliinae","Simuliini","Metacnephia","Metacnephia borealis","0","94.33"
"CBAY0264_BF_D","CNAUY564-14[BOLD:AAB3041]","Arthropoda","Insecta","Diptera","Simuliidae","Simuliinae","Simuliini","Metacnephia","Metacnephia borealis","0","94.33"
"CBAY0264_BF_D","CNTUA4253-14[BOLD:AAB3041]","Arthropoda","Insecta","Diptera","Simuliidae","Simuliinae","Simuliini","Metacnephia","Metacnephia borealis","1","94.25"
"CBAY0264_BF_D","CNAUY169-14[BOLD:AAB3041]","Arthropoda","Insecta","Diptera","Simuliidae","Simuliinae","Simuliini","Metacnephia","Metacnephia borealis","0","94.17"
"CBAY0264_BF_D","CNAUY484-14[BOLD:AAB3041]","Arthropoda","Insecta","Diptera","Simuliidae","Simuliinae","Simuliini","Metacnephia","Metacnephia borealis","0","94.17"
"CBAY0264_BF_D","CNAUY567-14[BOLD:AAB3041]","Arthropoda","Insecta","Diptera","Simuliidae","Simuliinae","Simuliini","Metacnephia","Metacnephia borealis","0","94.17"
"CBAY0264_BF_D","CNAUY590-14[BOLD:AAB3041]","Arthropoda","Insecta","Diptera","Simuliidae","Simuliinae","Simuliini","Metacnephia","Metacnephia borealis","0","94.17"
"CBAY0264_BF_D","CNTUA1855-14[BOLD:AAB3041]","Arthropoda","Insecta","Diptera","Simuliidae","Simuliinae","Simuliini","Metacnephia","Metacnephia borealis","0","94.17"
"CBAY0265_BF_A","BCHAR2715-18[BOLD:AAB3041]","Arthropoda","Insecta","Diptera","Simuliidae","Simuliinae","Simuliini","Metacnephia","Metacnephia borealis","0","99.85"
"CBAY0265_BF_A","BCHAR2721-18[BOLD:AAB3041]","Arthropoda","Insecta","Diptera","Simuliidae","Simuliinae","Simuliini","Metacnephia","Metacnephia borealis","0","99.85"
"CBAY0265_BF_A","DNARA1604-21[BOLD:AAB3041]","Arthropoda","Insecta","Diptera","Simuliidae","Simuliinae","Simuliini","Metacnephia","Metacnephia borealis","0","99.85"
"CBAY0265_BF_A","DNARB2351-23[BOLD:AAB3041]","Arthropoda","Insecta","Diptera","Simuliidae","Simuliinae","Simuliini","Metacnephia","Metacnephia borealis","0","99.85"
"CBAY0265_BF_A","DNARB3677-23[BOLD:AAB3041]","Arthropoda","Insecta","Diptera","Simuliidae","Simuliinae","Simuliini","Metacnephia","Metacnephia borealis","0","99.85"
"CBAY0265_BF_A","DNARB573-23[BOLD:AAB3041]","Arthropoda","Insecta","Diptera","Simuliidae","Simuliinae","Simuliini","Metacnephia","Metacnephia borealis","0","99.85"
"CBAY0265_BF_A","FCHAR9058-19[BOLD:AAB3041]","Arthropoda","Insecta","Diptera","Simuliidae","Simuliinae","Simuliini","Metacnephia","Metacnephia borealis","0","99.85"
"CBAY0265_BF_A","GCHAR932-19[BOLD:AAB3041]","Arthropoda","Insecta","Diptera","Simuliidae","Simuliinae","Simuliini","Metacnephia","Metacnephia borealis","0","99.85"
"CBAY0265_BF_A","MCHAA417-19[BOLD:AAB3041]","Arthropoda","Insecta","Diptera","Simuliidae","Simuliinae","Simuliini","Metacnephia","Metacnephia borealis","0","99.85"
"CBAY0265_BF_A","MCHAC2255-19[BOLD:AAB3041]","Arthropoda","Insecta","Diptera","Simuliidae","Simuliinae","Simuliini","Metacnephia","Metacnephia borealis","0","99.85"
"CBAY0265_BF_A","MCHAD1344-19[BOLD:AAB3041]","Arthropoda","Insecta","Diptera","Simuliidae","Simuliinae","Simuliini","Metacnephia","Metacnephia borealis","0","99.85"
"CBAY0265_BF_A","ECIPY182-10[BOLD:AAB3041]","Arthropoda","Insecta","Diptera","Simuliidae","Simuliinae","Simuliini","Metacnephia","","0","99.70"
"CBAY0265_BF_A","DNARB2082-23[BOLD:AAB3041]","Arthropoda","Insecta","Diptera","Simuliidae","Simuliinae","Simuliini","Metacnephia","Metacnephia borealis","0","99.70"
"CBAY0265_BF_A","DNARB2088-23[BOLD:AAB3041]","Arthropoda","Insecta","Diptera","Simuliidae","Simuliinae","Simuliini","Metacnephia","Metacnephia borealis","0","99.70"
"CBAY0265_BF_A","DNARB2319-23[BOLD:AAB3041]","Arthropoda","Insecta","Diptera","Simuliidae","Simuliinae","Simuliini","Metacnephia","Metacnephia borealis","0","99.70"
"CBAY0265_BF_A","DNARB2511-23[BOLD:AAB3041]","Arthropoda","Insecta","Diptera","Simuliidae","Simuliinae","Simuliini","Metacnephia","Metacnephia borealis","0","99.70"
"CBAY0265_BF_A","DNARB3710-23[BOLD:AAB3041]","Arthropoda","Insecta","Diptera","Simuliidae","Simuliinae","Simuliini","Metacnephia","Metacnephia borealis","0","99.70"
"CBAY0265_BF_A","FCHAR9102-19[BOLD:AAB3041]","Arthropoda","Insecta","Diptera","Simuliidae","Simuliinae","Simuliini","Metacnephia","Metacnephia borealis","0","99.70"
"CBAY0265_BF_A","MCHAB940-19[BOLD:AAB3041]","Arthropoda","Insecta","Diptera","Simuliidae","Simuliinae","Simuliini","Metacnephia","Metacnephia borealis","0","99.70"
"CBAY0265_BF_A","MCHAC335-19[BOLD:AAB3041]","Arthropoda","Insecta","Diptera","Simuliidae","Simuliinae","Simuliini","Metacnephia","Metacnephia borealis","0","99.70"
"CBAY0265_BF_A","MCHAC498-19[BOLD:AAB3041]","Arthropoda","Insecta","Diptera","Simuliidae","Simuliinae","Simuliini","Metacnephia","Metacnephia borealis","0","99.70"
"CBAY0265_BF_A","MCHAD1417-19[BOLD:AAB3041]","Arthropoda","Insecta","Diptera","Simuliidae","Simuliinae","Simuliini","Metacnephia","Metacnephia borealis","0","99.70"
"CBAY0265_BF_A","MCHAD622-19[BOLD:AAB3041]","Arthropoda","Insecta","Diptera","Simuliidae","Simuliinae","Simuliini","Metacnephia","Metacnephia borealis","0","99.70"
"CBAY0265_BF_A","POLCO7646-20[BOLD:AAB3041]","Arthropoda","Insecta","Diptera","Simuliidae","Simuliinae","Simuliini","Metacnephia","Metacnephia borealis","0","99.70"
"CBAY0265_BF_A","NBPSI173-11[BOLD:AAB3041]","Arthropoda","Insecta","Diptera","Simuliidae","Simuliinae","Simuliini","Metacnephia","Metacnephia borealis","0","99.54"
"CBAY0284_BF_A","ACHAR1485-18[BOLD:AAB3041]","Arthropoda","Insecta","Diptera","Simuliidae","Simuliinae","Simuliini","Metacnephia","Metacnephia borealis","0","99.85"
"CBAY0284_BF_A","BCHAR2040-18[BOLD:AAB3041]","Arthropoda","Insecta","Diptera","Simuliidae","Simuliinae","Simuliini","Metacnephia","Metacnephia borealis","0","99.85"
"CBAY0284_BF_A","DNARB2042-23[BOLD:AAB3041]","Arthropoda","Insecta","Diptera","Simuliidae","Simuliinae","Simuliini","Metacnephia","Metacnephia borealis","0","99.85"
"CBAY0284_BF_A","DNARB2077-23[BOLD:AAB3041]","Arthropoda","Insecta","Diptera","Simuliidae","Simuliinae","Simuliini","Metacnephia","Metacnephia borealis","0","99.85"
"CBAY0284_BF_A","DNARB2196-23[BOLD:AAB3041]","Arthropoda","Insecta","Diptera","Simuliidae","Simuliinae","Simuliini","Metacnephia","Metacnephia borealis","0","99.85"
"CBAY0284_BF_A","DNARB224-23[BOLD:AAB3041]","Arthropoda","Insecta","Diptera","Simuliidae","Simuliinae","Simuliini","Metacnephia","Metacnephia borealis","0","99.85"
"CBAY0284_BF_A","DNARB2298-23[BOLD:AAB3041]","Arthropoda","Insecta","Diptera","Simuliidae","Simuliinae","Simuliini","Metacnephia","Metacnephia borealis","0","99.85"
"CBAY0284_BF_A","DNARB2323-23[BOLD:AAB3041]","Arthropoda","Insecta","Diptera","Simuliidae","Simuliinae","Simuliini","Metacnephia","Metacnephia borealis","0","99.85"
"CBAY0284_BF_A","DNARB2331-23[BOLD:AAB3041]","Arthropoda","Insecta","Diptera","Simuliidae","Simuliinae","Simuliini","Metacnephia","Metacnephia borealis","0","99.85"
"CBAY0284_BF_A","DNARB3644-23[BOLD:AAB3041]","Arthropoda","Insecta","Diptera","Simuliidae","Simuliinae","Simuliini","Metacnephia","Metacnephia borealis","0","99.85"
"CBAY0284_BF_A","DNARB3695-23[BOLD:AAB3041]","Arthropoda","Insecta","Diptera","Simuliidae","Simuliinae","Simuliini","Metacnephia","Metacnephia borealis","0","99.85"
"CBAY0284_BF_A","DNARB3698-23[BOLD:AAB3041]","Arthropoda","Insecta","Diptera","Simuliidae","Simuliinae","Simuliini","Metacnephia","Metacnephia borealis","0","99.85"
"CBAY0284_BF_A","DNARB617-23[BOLD:AAB3041]","Arthropoda","Insecta","Diptera","Simuliidae","Simuliinae","Simuliini","Metacnephia","Metacnephia borealis","0","99.85"
"CBAY0284_BF_A","DNARB619-23[BOLD:AAB3041]","Arthropoda","Insecta","Diptera","Simuliidae","Simuliinae","Simuliini","Metacnephia","Metacnephia borealis","0","99.85"
"CBAY0284_BF_A","DNARB635-23[BOLD:AAB3041]","Arthropoda","Insecta","Diptera","Simuliidae","Simuliinae","Simuliini","Metacnephia","Metacnephia borealis","0","99.85"
"CBAY0284_BF_A","FCHAR9124-19[BOLD:AAB3041]","Arthropoda","Insecta","Diptera","Simuliidae","Simuliinae","Simuliini","Metacnephia","Metacnephia borealis","0","99.85"
"CBAY0284_BF_A","MCHAA364-19[BOLD:AAB3041]","Arthropoda","Insecta","Diptera","Simuliidae","Simuliinae","Simuliini","Metacnephia","Metacnephia borealis","0","99.85"
"CBAY0284_BF_A","MCHAA397-19[BOLD:AAB3041]","Arthropoda","Insecta","Diptera","Simuliidae","Simuliinae","Simuliini","Metacnephia","Metacnephia borealis","0","99.85"
"CBAY0284_BF_A","MCHAB584-19[BOLD:AAB3041]","Arthropoda","Insecta","Diptera","Simuliidae","Simuliinae","Simuliini","Metacnephia","Metacnephia borealis","0","99.85"
"CBAY0284_BF_A","MCHAB708-19[BOLD:AAB3041]","Arthropoda","Insecta","Diptera","Simuliidae","Simuliinae","Simuliini","Metacnephia","Metacnephia borealis","0","99.85"
"CBAY0284_BF_A","MCHAD657-19[BOLD:AAB3041]","Arthropoda","Insecta","Diptera","Simuliidae","Simuliinae","Simuliini","Metacnephia","Metacnephia borealis","0","99.85"
"CBAY0284_BF_A","MCHAD837-19[BOLD:AAB3041]","Arthropoda","Insecta","Diptera","Simuliidae","Simuliinae","Simuliini","Metacnephia","Metacnephia borealis","0","99.85"
"CBAY0284_BF_A","ECIPY182-10[BOLD:AAB3041]","Arthropoda","Insecta","Diptera","Simuliidae","Simuliinae","Simuliini","Metacnephia","","0","99.70"
"CBAY0284_BF_A","MCHAB940-19[BOLD:AAB3041]","Arthropoda","Insecta","Diptera","Simuliidae","Simuliinae","Simuliini","Metacnephia","Metacnephia borealis","0","99.70"
"CBAY0284_BF_A","MCHAD1437-19[BOLD:AAB3041]","Arthropoda","Insecta","Diptera","Simuliidae","Simuliinae","Simuliini","Metacnephia","Metacnephia borealis","0","99.70"
"CBAY0294_BF_A","MCHAB688-19[BOLD:AAB3041]","Arthropoda","Insecta","Diptera","Simuliidae","Simuliinae","Simuliini","Metacnephia","Metacnephia borealis","0","100.00"
"CBAY0294_BF_A","MCHAC646-19[BOLD:AAB3041]","Arthropoda","Insecta","Diptera","Simuliidae","Simuliinae","Simuliini","Metacnephia","Metacnephia borealis","0","100.00"
"CBAY0294_BF_A","MCHAD1488-19[BOLD:AAB3041]","Arthropoda","Insecta","Diptera","Simuliidae","Simuliinae","Simuliini","Metacnephia","Metacnephia borealis","0","100.00"
"CBAY0294_BF_A","ACHAR1485-18[BOLD:AAB3041]","Arthropoda","Insecta","Diptera","Simuliidae","Simuliinae","Simuliini","Metacnephia","Metacnephia borealis","0","99.85"
"CBAY0294_BF_A","BCHAR2040-18[BOLD:AAB3041]","Arthropoda","Insecta","Diptera","Simuliidae","Simuliinae","Simuliini","Metacnephia","Metacnephia borealis","0","99.85"
"CBAY0294_BF_A","DNARB2042-23[BOLD:AAB3041]","Arthropoda","Insecta","Diptera","Simuliidae","Simuliinae","Simuliini","Metacnephia","Metacnephia borealis","0","99.85"
"CBAY0294_BF_A","DNARB2077-23[BOLD:AAB3041]","Arthropoda","Insecta","Diptera","Simuliidae","Simuliinae","Simuliini","Metacnephia","Metacnephia borealis","0","99.85"
"CBAY0294_BF_A","DNARB2196-23[BOLD:AAB3041]","Arthropoda","Insecta","Diptera","Simuliidae","Simuliinae","Simuliini","Metacnephia","Metacnephia borealis","0","99.85"
"CBAY0294_BF_A","DNARB224-23[BOLD:AAB3041]","Arthropoda","Insecta","Diptera","Simuliidae","Simuliinae","Simuliini","Metacnephia","Metacnephia borealis","0","99.85"
"CBAY0294_BF_A","DNARB2298-23[BOLD:AAB3041]","Arthropoda","Insecta","Diptera","Simuliidae","Simuliinae","Simuliini","Metacnephia","Metacnephia borealis","0","99.85"
"CBAY0294_BF_A","DNARB2311-23[BOLD:AAB3041]","Arthropoda","Insecta","Diptera","Simuliidae","Simuliinae","Simuliini","Metacnephia","Metacnephia borealis","0","99.85"
"CBAY0294_BF_A","DNARB3644-23[BOLD:AAB3041]","Arthropoda","Insecta","Diptera","Simuliidae","Simuliinae","Simuliini","Metacnephia","Metacnephia borealis","0","99.85"
"CBAY0294_BF_A","DNARB3695-23[BOLD:AAB3041]","Arthropoda","Insecta","Diptera","Simuliidae","Simuliinae","Simuliini","Metacnephia","Metacnephia borealis","0","99.85"
"CBAY0294_BF_A","DNARB3698-23[BOLD:AAB3041]","Arthropoda","Insecta","Diptera","Simuliidae","Simuliinae","Simuliini","Metacnephia","Metacnephia borealis","0","99.85"
"CBAY0294_BF_A","DNARB617-23[BOLD:AAB3041]","Arthropoda","Insecta","Diptera","Simuliidae","Simuliinae","Simuliini","Metacnephia","Metacnephia borealis","0","99.85"
"CBAY0294_BF_A","FCHAR9121-19[BOLD:AAB3041]","Arthropoda","Insecta","Diptera","Simuliidae","Simuliinae","Simuliini","Metacnephia","Metacnephia borealis","0","99.85"
"CBAY0294_BF_A","FCHAR9124-19[BOLD:AAB3041]","Arthropoda","Insecta","Diptera","Simuliidae","Simuliinae","Simuliini","Metacnephia","Metacnephia borealis","0","99.85"
"CBAY0294_BF_A","MCHAA364-19[BOLD:AAB3041]","Arthropoda","Insecta","Diptera","Simuliidae","Simuliinae","Simuliini","Metacnephia","Metacnephia borealis","0","99.85"
"CBAY0294_BF_A","MCHAA397-19[BOLD:AAB3041]","Arthropoda","Insecta","Diptera","Simuliidae","Simuliinae","Simuliini","Metacnephia","Metacnephia borealis","0","99.85"
"CBAY0294_BF_A","MCHAB584-19[BOLD:AAB3041]","Arthropoda","Insecta","Diptera","Simuliidae","Simuliinae","Simuliini","Metacnephia","Metacnephia borealis","0","99.85"
"CBAY0294_BF_A","MCHAB708-19[BOLD:AAB3041]","Arthropoda","Insecta","Diptera","Simuliidae","Simuliinae","Simuliini","Metacnephia","Metacnephia borealis","0","99.85"
"CBAY0294_BF_A","MCHAD657-19[BOLD:AAB3041]","Arthropoda","Insecta","Diptera","Simuliidae","Simuliinae","Simuliini","Metacnephia","Metacnephia borealis","0","99.85"
"CBAY0294_BF_A","MCHAD837-19[BOLD:AAB3041]","Arthropoda","Insecta","Diptera","Simuliidae","Simuliinae","Simuliini","Metacnephia","Metacnephia borealis","0","99.85"
"CBAY0294_BF_A","MCHAB940-19[BOLD:AAB3041]","Arthropoda","Insecta","Diptera","Simuliidae","Simuliinae","Simuliini","Metacnephia","Metacnephia borealis","0","99.70"
"CBAY0294_BF_A","MCHAD1437-19[BOLD:AAB3041]","Arthropoda","Insecta","Diptera","Simuliidae","Simuliinae","Simuliini","Metacnephia","Metacnephia borealis","0","99.70"
"CBAY0294_BF_C","DNARB2083-23[BOLD:AAB3041]","Arthropoda","Insecta","Diptera","Simuliidae","Simuliinae","Simuliini","Metacnephia","Metacnephia borealis","2","95.41"
"CBAY0294_BF_C","GCHAR1338-19[BOLD:AAB3041]","Arthropoda","Insecta","Diptera","Simuliidae","Simuliinae","Simuliini","Metacnephia","Metacnephia borealis","2","95.39"
"CBAY0294_BF_C","ACHAR1485-18[BOLD:AAB3041]","Arthropoda","Insecta","Diptera","Simuliidae","Simuliinae","Simuliini","Metacnephia","Metacnephia borealis","2","95.28"
"CBAY0294_BF_C","DNARB3698-23[BOLD:AAB3041]","Arthropoda","Insecta","Diptera","Simuliidae","Simuliinae","Simuliini","Metacnephia","Metacnephia borealis","2","95.28"
"CBAY0294_BF_C","MCHAD837-19[BOLD:AAB3041]","Arthropoda","Insecta","Diptera","Simuliidae","Simuliinae","Simuliini","Metacnephia","Metacnephia borealis","2","95.28"
"CBAY0294_BF_C","BCHAR2040-18[BOLD:AAB3041]","Arthropoda","Insecta","Diptera","Simuliidae","Simuliinae","Simuliini","Metacnephia","Metacnephia borealis","2","95.27"
"CBAY0294_BF_C","DNARB2042-23[BOLD:AAB3041]","Arthropoda","Insecta","Diptera","Simuliidae","Simuliinae","Simuliini","Metacnephia","Metacnephia borealis","2","95.27"
"CBAY0294_BF_C","DNARB2077-23[BOLD:AAB3041]","Arthropoda","Insecta","Diptera","Simuliidae","Simuliinae","Simuliini","Metacnephia","Metacnephia borealis","2","95.27"
"CBAY0294_BF_C","DNARB2196-23[BOLD:AAB3041]","Arthropoda","Insecta","Diptera","Simuliidae","Simuliinae","Simuliini","Metacnephia","Metacnephia borealis","2","95.27"
"CBAY0294_BF_C","DNARB224-23[BOLD:AAB3041]","Arthropoda","Insecta","Diptera","Simuliidae","Simuliinae","Simuliini","Metacnephia","Metacnephia borealis","2","95.27"
"CBAY0294_BF_C","DNARB2298-23[BOLD:AAB3041]","Arthropoda","Insecta","Diptera","Simuliidae","Simuliinae","Simuliini","Metacnephia","Metacnephia borealis","2","95.27"
"CBAY0294_BF_C","DNARB3644-23[BOLD:AAB3041]","Arthropoda","Insecta","Diptera","Simuliidae","Simuliinae","Simuliini","Metacnephia","Metacnephia borealis","2","95.27"
"CBAY0294_BF_C","DNARB3695-23[BOLD:AAB3041]","Arthropoda","Insecta","Diptera","Simuliidae","Simuliinae","Simuliini","Metacnephia","Metacnephia borealis","2","95.27"
"CBAY0294_BF_C","DNARB617-23[BOLD:AAB3041]","Arthropoda","Insecta","Diptera","Simuliidae","Simuliinae","Simuliini","Metacnephia","Metacnephia borealis","2","95.27"
"CBAY0294_BF_C","FCHAR9124-19[BOLD:AAB3041]","Arthropoda","Insecta","Diptera","Simuliidae","Simuliinae","Simuliini","Metacnephia","Metacnephia borealis","2","95.27"
"CBAY0294_BF_C","MCHAA364-19[BOLD:AAB3041]","Arthropoda","Insecta","Diptera","Simuliidae","Simuliinae","Simuliini","Metacnephia","Metacnephia borealis","2","95.27"
"CBAY0294_BF_C","MCHAD657-19[BOLD:AAB3041]","Arthropoda","Insecta","Diptera","Simuliidae","Simuliinae","Simuliini","Metacnephia","Metacnephia borealis","2","95.27"
"CBAY0294_BF_C","DNARB635-23[BOLD:AAB3041]","Arthropoda","Insecta","Diptera","Simuliidae","Simuliinae","Simuliini","Metacnephia","Metacnephia borealis","2","95.26"
"CBAY0294_BF_C","MCHAA397-19[BOLD:AAB3041]","Arthropoda","Insecta","Diptera","Simuliidae","Simuliinae","Simuliini","Metacnephia","Metacnephia borealis","2","95.26"
"CBAY0294_BF_C","MCHAB584-19[BOLD:AAB3041]","Arthropoda","Insecta","Diptera","Simuliidae","Simuliinae","Simuliini","Metacnephia","Metacnephia borealis","2","95.26"
"CBAY0294_BF_C","MCHAB708-19[BOLD:AAB3041]","Arthropoda","Insecta","Diptera","Simuliidae","Simuliinae","Simuliini","Metacnephia","Metacnephia borealis","2","95.26"
"CBAY0294_BF_C","MCHAC653-19[BOLD:AAB3041]","Arthropoda","Insecta","Diptera","Simuliidae","Simuliinae","Simuliini","Metacnephia","Metacnephia borealis","2","95.26"
"CBAY0294_BF_C","ECIPY182-10[BOLD:AAB3041]","Arthropoda","Insecta","Diptera","Simuliidae","Simuliinae","Simuliini","Metacnephia","","2","95.13"
"CBAY0294_BF_C","MCHAB940-19[BOLD:AAB3041]","Arthropoda","Insecta","Diptera","Simuliidae","Simuliinae","Simuliini","Metacnephia","Metacnephia borealis","2","95.13"
"CBAY0294_BF_C","MCHAD1437-19[BOLD:AAB3041]","Arthropoda","Insecta","Diptera","Simuliidae","Simuliinae","Simuliini","Metacnephia","Metacnephia borealis","2","95.13"
"CBAY0308_BF_A","MCHAE1092-19[BOLD:AAB3041]","Arthropoda","Insecta","Diptera","Simuliidae","Simuliinae","Simuliini","Metacnephia","Metacnephia borealis","0","99.85"
"CBAY0308_BF_A","ECIPY182-10[BOLD:AAB3041]","Arthropoda","Insecta","Diptera","Simuliidae","Simuliinae","Simuliini","Metacnephia","","0","99.70"
"CBAY0308_BF_A","DNARB2082-23[BOLD:AAB3041]","Arthropoda","Insecta","Diptera","Simuliidae","Simuliinae","Simuliini","Metacnephia","Metacnephia borealis","0","99.70"
"CBAY0308_BF_A","DNARB2088-23[BOLD:AAB3041]","Arthropoda","Insecta","Diptera","Simuliidae","Simuliinae","Simuliini","Metacnephia","Metacnephia borealis","0","99.70"
"CBAY0308_BF_A","DNARB2319-23[BOLD:AAB3041]","Arthropoda","Insecta","Diptera","Simuliidae","Simuliinae","Simuliini","Metacnephia","Metacnephia borealis","0","99.70"
"CBAY0308_BF_A","DNARB2511-23[BOLD:AAB3041]","Arthropoda","Insecta","Diptera","Simuliidae","Simuliinae","Simuliini","Metacnephia","Metacnephia borealis","0","99.70"
"CBAY0308_BF_A","DNARB3710-23[BOLD:AAB3041]","Arthropoda","Insecta","Diptera","Simuliidae","Simuliinae","Simuliini","Metacnephia","Metacnephia borealis","0","99.70"
"CBAY0308_BF_A","FCHAR9102-19[BOLD:AAB3041]","Arthropoda","Insecta","Diptera","Simuliidae","Simuliinae","Simuliini","Metacnephia","Metacnephia borealis","0","99.70"
"CBAY0308_BF_A","MCHAB940-19[BOLD:AAB3041]","Arthropoda","Insecta","Diptera","Simuliidae","Simuliinae","Simuliini","Metacnephia","Metacnephia borealis","0","99.70"
"CBAY0308_BF_A","MCHAC498-19[BOLD:AAB3041]","Arthropoda","Insecta","Diptera","Simuliidae","Simuliinae","Simuliini","Metacnephia","Metacnephia borealis","0","99.70"
"CBAY0308_BF_A","MCHAD1417-19[BOLD:AAB3041]","Arthropoda","Insecta","Diptera","Simuliidae","Simuliinae","Simuliini","Metacnephia","Metacnephia borealis","0","99.70"
"CBAY0308_BF_A","POLCO7646-20[BOLD:AAB3041]","Arthropoda","Insecta","Diptera","Simuliidae","Simuliinae","Simuliini","Metacnephia","Metacnephia borealis","0","99.70"
"CBAY0308_BF_A","BCHAR912-18[BOLD:AAB3041]","Arthropoda","Insecta","Diptera","Simuliidae","Simuliinae","Simuliini","Metacnephia","Metacnephia borealis","0","99.69"
"CBAY0308_BF_A","FCHAR4863-19[BOLD:AAB3041]","Arthropoda","Insecta","Diptera","Simuliidae","Simuliinae","Simuliini","Metacnephia","Metacnephia borealis","0","99.69"
"CBAY0308_BF_A","FCHAR9123-19[BOLD:AAB3041]","Arthropoda","Insecta","Diptera","Simuliidae","Simuliinae","Simuliini","Metacnephia","Metacnephia borealis","0","99.69"
"CBAY0308_BF_A","MCHAC528-19[BOLD:AAB3041]","Arthropoda","Insecta","Diptera","Simuliidae","Simuliinae","Simuliini","Metacnephia","Metacnephia borealis","0","99.69"
"CBAY0308_BF_A","MCHAD605-19[BOLD:AAB3041]","Arthropoda","Insecta","Diptera","Simuliidae","Simuliinae","Simuliini","Metacnephia","Metacnephia borealis","0","99.69"
"CBAY0308_BF_A","ECIPY178-10[BOLD:AAB3041]","Arthropoda","Insecta","Diptera","Simuliidae","Simuliinae","Simuliini","Metacnephia","","0","99.54"
"CBAY0308_BF_A","ECIPY179-10[BOLD:AAB3041]","Arthropoda","Insecta","Diptera","Simuliidae","Simuliinae","Simuliini","Metacnephia","","0","99.54"
"CBAY0308_BF_A","ACHAR1485-18[BOLD:AAB3041]","Arthropoda","Insecta","Diptera","Simuliidae","Simuliinae","Simuliini","Metacnephia","Metacnephia borealis","0","99.54"
"CBAY0308_BF_A","DNARB3698-23[BOLD:AAB3041]","Arthropoda","Insecta","Diptera","Simuliidae","Simuliinae","Simuliini","Metacnephia","Metacnephia borealis","0","99.54"
"CBAY0308_BF_A","FCHAR9058-19[BOLD:AAB3041]","Arthropoda","Insecta","Diptera","Simuliidae","Simuliinae","Simuliini","Metacnephia","Metacnephia borealis","0","99.54"
"CBAY0308_BF_A","FCHAR9124-19[BOLD:AAB3041]","Arthropoda","Insecta","Diptera","Simuliidae","Simuliinae","Simuliini","Metacnephia","Metacnephia borealis","0","99.54"
"CBAY0308_BF_A","MCHAD657-19[BOLD:AAB3041]","Arthropoda","Insecta","Diptera","Simuliidae","Simuliinae","Simuliini","Metacnephia","Metacnephia borealis","0","99.54"
"CBAY0308_BF_A","MCHAD837-19[BOLD:AAB3041]","Arthropoda","Insecta","Diptera","Simuliidae","Simuliinae","Simuliini","Metacnephia","Metacnephia borealis","0","99.54"
"CBAY0308_BF_D","CNAUY647-14[BOLD:AAB3041]","Arthropoda","Insecta","Diptera","Simuliidae","Simuliinae","Simuliini","Metacnephia","Metacnephia borealis","0","96.38"
"CBAY0308_BF_D","MCHAA717-19[BOLD:AAB3041]","Arthropoda","Insecta","Diptera","Simuliidae","Simuliinae","Simuliini","Metacnephia","Metacnephia borealis","0","94.66"
"CBAY0308_BF_D","ECIPY182-10[BOLD:AAB3041]","Arthropoda","Insecta","Diptera","Simuliidae","Simuliinae","Simuliini","Metacnephia","","0","94.53"
"CBAY0308_BF_D","MCHAB940-19[BOLD:AAB3041]","Arthropoda","Insecta","Diptera","Simuliidae","Simuliinae","Simuliini","Metacnephia","Metacnephia borealis","0","94.53"
"CBAY0308_BF_D","DNARB2082-23[BOLD:AAB3041]","Arthropoda","Insecta","Diptera","Simuliidae","Simuliinae","Simuliini","Metacnephia","Metacnephia borealis","0","94.52"
"CBAY0308_BF_D","DNARB3710-23[BOLD:AAB3041]","Arthropoda","Insecta","Diptera","Simuliidae","Simuliinae","Simuliini","Metacnephia","Metacnephia borealis","0","94.52"
"CBAY0308_BF_D","MCHAD1417-19[BOLD:AAB3041]","Arthropoda","Insecta","Diptera","Simuliidae","Simuliinae","Simuliini","Metacnephia","Metacnephia borealis","0","94.52"
"CBAY0308_BF_D","POLCO7646-20[BOLD:AAB3041]","Arthropoda","Insecta","Diptera","Simuliidae","Simuliinae","Simuliini","Metacnephia","Metacnephia borealis","0","94.52"
"CBAY0308_BF_D","DNARB2088-23[BOLD:AAB3041]","Arthropoda","Insecta","Diptera","Simuliidae","Simuliinae","Simuliini","Metacnephia","Metacnephia borealis","0","94.51"
"CBAY0308_BF_D","DNARB2319-23[BOLD:AAB3041]","Arthropoda","Insecta","Diptera","Simuliidae","Simuliinae","Simuliini","Metacnephia","Metacnephia borealis","0","94.51"
"CBAY0308_BF_D","DNARB2511-23[BOLD:AAB3041]","Arthropoda","Insecta","Diptera","Simuliidae","Simuliinae","Simuliini","Metacnephia","Metacnephia borealis","0","94.51"
"CBAY0308_BF_D","FCHAR9102-19[BOLD:AAB3041]","Arthropoda","Insecta","Diptera","Simuliidae","Simuliinae","Simuliini","Metacnephia","Metacnephia borealis","0","94.51"
"CBAY0308_BF_D","MCHAA1065-19[BOLD:AAB3041]","Arthropoda","Insecta","Diptera","Simuliidae","Simuliinae","Simuliini","Metacnephia","Metacnephia borealis","0","94.51"
"CBAY0308_BF_D","MCHAC498-19[BOLD:AAB3041]","Arthropoda","Insecta","Diptera","Simuliidae","Simuliinae","Simuliini","Metacnephia","Metacnephia borealis","0","94.51"
"CBAY0308_BF_D","BCHAR912-18[BOLD:AAB3041]","Arthropoda","Insecta","Diptera","Simuliidae","Simuliinae","Simuliini","Metacnephia","Metacnephia borealis","0","94.50"
"CBAY0308_BF_D","FCHAR4863-19[BOLD:AAB3041]","Arthropoda","Insecta","Diptera","Simuliidae","Simuliinae","Simuliini","Metacnephia","Metacnephia borealis","0","94.50"
"CBAY0308_BF_D","FCHAR9123-19[BOLD:AAB3041]","Arthropoda","Insecta","Diptera","Simuliidae","Simuliinae","Simuliini","Metacnephia","Metacnephia borealis","0","94.50"
"CBAY0308_BF_D","GCHAR937-19[BOLD:AAB3041]","Arthropoda","Insecta","Diptera","Simuliidae","Simuliinae","Simuliini","Metacnephia","Metacnephia borealis","0","94.50"
"CBAY0308_BF_D","MCHAD605-19[BOLD:AAB3041]","Arthropoda","Insecta","Diptera","Simuliidae","Simuliinae","Simuliini","Metacnephia","Metacnephia borealis","0","94.50"
"CBAY0308_BF_D","MCHAD671-19[BOLD:AAB3041]","Arthropoda","Insecta","Diptera","Simuliidae","Simuliinae","Simuliini","Metacnephia","Metacnephia borealis","0","94.50"
"CBAY0308_BF_D","ECIPY178-10[BOLD:AAB3041]","Arthropoda","Insecta","Diptera","Simuliidae","Simuliinae","Simuliini","Metacnephia","","0","94.38"
"CBAY0308_BF_D","ECIPY179-10[BOLD:AAB3041]","Arthropoda","Insecta","Diptera","Simuliidae","Simuliinae","Simuliini","Metacnephia","","0","94.38"
"CBAY0308_BF_D","ACHAR1485-18[BOLD:AAB3041]","Arthropoda","Insecta","Diptera","Simuliidae","Simuliinae","Simuliini","Metacnephia","Metacnephia borealis","0","94.38"
"CBAY0308_BF_D","DNARB3698-23[BOLD:AAB3041]","Arthropoda","Insecta","Diptera","Simuliidae","Simuliinae","Simuliini","Metacnephia","Metacnephia borealis","0","94.38"
"CBAY0308_BF_D","MCHAD837-19[BOLD:AAB3041]","Arthropoda","Insecta","Diptera","Simuliidae","Simuliinae","Simuliini","Metacnephia","Metacnephia borealis","0","94.38"
"KGLTK0102_BF_A","AMCAM079-20[BOLD:AAA9630]","Arthropoda","Insecta","Diptera","Simuliidae","Simuliinae","Simuliini","Metacnephia","Metacnephia saileri","0","99.85"
"KGLTK0102_BF_A","FCHAR6696-19[BOLD:AAA9630]","Arthropoda","Insecta","Diptera","Simuliidae","Simuliinae","Simuliini","Metacnephia","Metacnephia saileri","0","99.85"
"KGLTK0102_BF_A","NBPSI159-11[BOLD:AAA9630]","Arthropoda","Insecta","Diptera","Simuliidae","Simuliinae","Simuliini","Metacnephia","Metacnephia saileri","0","99.85"
"KGLTK0102_BF_A","SIIP4431-24[BOLD:AAA9630]","Arthropoda","Insecta","Diptera","Simuliidae","","","","","0","99.70"
"KGLTK0102_BF_A","BSNHM1883-25[BOLD:AAA9630]","Arthropoda","Insecta","Diptera","Simuliidae","","","","","0","99.54"
"KGLTK0102_BF_A","SIIP4200-24[BOLD:AAA9630]","Arthropoda","Insecta","Diptera","Simuliidae","","","","","0","99.54"
"KGLTK0102_BF_A","EBADI006-16[BOLD:AAA9630]","Arthropoda","Insecta","Diptera","Simuliidae","Simuliinae","Simuliini","Metacnephia","","0","99.54"
"KGLTK0102_BF_A","FISIM048-11[BOLD:AAA9630]","Arthropoda","Insecta","Diptera","Simuliidae","Simuliinae","Simuliini","Metacnephia","Metacnephia bilineata","0","99.54"
"KGLTK0102_BF_A","SIIP4652-24[BOLD:AAA9630]","Arthropoda","Insecta","Diptera","Simuliidae","","","","","0","99.39"
"KGLTK0102_BF_A","SIIP5500-24[BOLD:AAA9630]","Arthropoda","Insecta","Diptera","Simuliidae","","","","","0","99.39"
"KGLTK0102_BF_A","EBADI009-16[BOLD:AAA9630]","Arthropoda","Insecta","Diptera","Simuliidae","Simuliinae","Simuliini","Metacnephia","","0","99.39"
"KGLTK0102_BF_A","FISIM046-11[BOLD:AAA9630]","Arthropoda","Insecta","Diptera","Simuliidae","Simuliinae","Simuliini","Metacnephia","Metacnephia bilineata","0","99.39"
"KGLTK0102_BF_A","TRDNE030-15[BOLD:AAA9630]","Arthropoda","Insecta","Diptera","Simuliidae","Simuliinae","Simuliini","Metacnephia","Metacnephia bilineata","0","99.39"
"KGLTK0102_BF_A","TRDNE064-15[BOLD:AAA9630]","Arthropoda","Insecta","Diptera","Simuliidae","Simuliinae","Simuliini","Metacnephia","Metacnephia bilineata","0","99.39"
"KGLTK0102_BF_A","SIIP2411-24[BOLD:AAA9630]","Arthropoda","Insecta","Diptera","Simuliidae","","","","","0","99.24"
"KGLTK0102_BF_A","SIIP5012-24[BOLD:AAA9630]","Arthropoda","Insecta","Diptera","Simuliidae","","","","","0","99.24"
"KGLTK0102_BF_A","SIIP5100-24[BOLD:AAA9630]","Arthropoda","Insecta","Diptera","Simuliidae","","","","","0","99.24"
"KGLTK0102_BF_A","SSKNC714-24[BOLD:AAA9630]","Arthropoda","Insecta","Diptera","Simuliidae","Simuliinae","","","","0","99.24"
"KGLTK0102_BF_A","EBADI013-16[BOLD:AAA9630]","Arthropoda","Insecta","Diptera","Simuliidae","Simuliinae","Simuliini","Metacnephia","","0","99.24"
"KGLTK0102_BF_A","EBADI016-16[BOLD:AAA9630]","Arthropoda","Insecta","Diptera","Simuliidae","Simuliinae","Simuliini","Metacnephia","","0","99.24"
"KGLTK0102_BF_A","FISIM047-11[BOLD:AAA9630]","Arthropoda","Insecta","Diptera","Simuliidae","Simuliinae","Simuliini","Metacnephia","Metacnephia bilineata","0","99.24"
"KGLTK0102_BF_A","FISIM050-11[BOLD:AAA9630]","Arthropoda","Insecta","Diptera","Simuliidae","Simuliinae","Simuliini","Metacnephia","Metacnephia bilineata","0","99.24"
"KGLTK0102_BF_A","AMCAM277-20[BOLD:AAA9630]","Arthropoda","Insecta","Diptera","Simuliidae","Simuliinae","Simuliini","Metacnephia","Metacnephia saileri","0","99.08"
"KGLTK0102_BF_A","AMCAM270-20[BOLD:AAA9630]","Arthropoda","Insecta","Diptera","Simuliidae","Simuliinae","Simuliini","Metacnephia","Metacnephia saileri","0","98.93"
"KGLTK0102_BF_A","AMCAM123-20[BOLD:AAA9630]","Arthropoda","Insecta","Diptera","Simuliidae","Simuliinae","Simuliini","Metacnephia","Metacnephia saileri","0","98.78"
"KGLTK0111_BF_A","AMCAM079-20[BOLD:AAA9630]","Arthropoda","Insecta","Diptera","Simuliidae","Simuliinae","Simuliini","Metacnephia","Metacnephia saileri","0","100.00"
"KGLTK0111_BF_A","NBPSI159-11[BOLD:AAA9630]","Arthropoda","Insecta","Diptera","Simuliidae","Simuliinae","Simuliini","Metacnephia","Metacnephia saileri","0","100.00"
"KGLTK0111_BF_A","SIIP4431-24[BOLD:AAA9630]","Arthropoda","Insecta","Diptera","Simuliidae","","","","","0","99.85"
"KGLTK0111_BF_A","SIIP4200-24[BOLD:AAA9630]","Arthropoda","Insecta","Diptera","Simuliidae","","","","","0","99.70"
"KGLTK0111_BF_A","EBADI006-16[BOLD:AAA9630]","Arthropoda","Insecta","Diptera","Simuliidae","Simuliinae","Simuliini","Metacnephia","","0","99.70"
"KGLTK0111_BF_A","FISIM048-11[BOLD:AAA9630]","Arthropoda","Insecta","Diptera","Simuliidae","Simuliinae","Simuliini","Metacnephia","Metacnephia bilineata","0","99.70"
"KGLTK0111_BF_A","BSNHM1883-25[BOLD:AAA9630]","Arthropoda","Insecta","Diptera","Simuliidae","","","","","0","99.69"
"KGLTK0111_BF_A","FCHAR6696-19[BOLD:AAA9630]","Arthropoda","Insecta","Diptera","Simuliidae","Simuliinae","Simuliini","Metacnephia","Metacnephia saileri","0","99.69"
"KGLTK0111_BF_A","SIIP4652-24[BOLD:AAA9630]","Arthropoda","Insecta","Diptera","Simuliidae","","","","","0","99.54"
"KGLTK0111_BF_A","SIIP5500-24[BOLD:AAA9630]","Arthropoda","Insecta","Diptera","Simuliidae","","","","","0","99.54"
"KGLTK0111_BF_A","EBADI009-16[BOLD:AAA9630]","Arthropoda","Insecta","Diptera","Simuliidae","Simuliinae","Simuliini","Metacnephia","","0","99.54"
"KGLTK0111_BF_A","FISIM046-11[BOLD:AAA9630]","Arthropoda","Insecta","Diptera","Simuliidae","Simuliinae","Simuliini","Metacnephia","Metacnephia bilineata","0","99.54"
"KGLTK0111_BF_A","TRDNE030-15[BOLD:AAA9630]","Arthropoda","Insecta","Diptera","Simuliidae","Simuliinae","Simuliini","Metacnephia","Metacnephia bilineata","0","99.54"
"KGLTK0111_BF_A","TRDNE064-15[BOLD:AAA9630]","Arthropoda","Insecta","Diptera","Simuliidae","Simuliinae","Simuliini","Metacnephia","Metacnephia bilineata","0","99.54"
"KGLTK0111_BF_A","SIIP2411-24[BOLD:AAA9630]","Arthropoda","Insecta","Diptera","Simuliidae","","","","","0","99.39"
"KGLTK0111_BF_A","SIIP5012-24[BOLD:AAA9630]","Arthropoda","Insecta","Diptera","Simuliidae","","","","","0","99.39"
"KGLTK0111_BF_A","SIIP5100-24[BOLD:AAA9630]","Arthropoda","Insecta","Diptera","Simuliidae","","","","","0","99.39"
"KGLTK0111_BF_A","SSKNC714-24[BOLD:AAA9630]","Arthropoda","Insecta","Diptera","Simuliidae","Simuliinae","","","","0","99.39"
"KGLTK0111_BF_A","EBADI013-16[BOLD:AAA9630]","Arthropoda","Insecta","Diptera","Simuliidae","Simuliinae","Simuliini","Metacnephia","","0","99.39"
"KGLTK0111_BF_A","EBADI016-16[BOLD:AAA9630]","Arthropoda","Insecta","Diptera","Simuliidae","Simuliinae","Simuliini","Metacnephia","","0","99.39"
"KGLTK0111_BF_A","FISIM047-11[BOLD:AAA9630]","Arthropoda","Insecta","Diptera","Simuliidae","Simuliinae","Simuliini","Metacnephia","Metacnephia bilineata","0","99.39"
"KGLTK0111_BF_A","FISIM050-11[BOLD:AAA9630]","Arthropoda","Insecta","Diptera","Simuliidae","Simuliinae","Simuliini","Metacnephia","Metacnephia bilineata","0","99.39"
"KGLTK0111_BF_A","AMCAM277-20[BOLD:AAA9630]","Arthropoda","Insecta","Diptera","Simuliidae","Simuliinae","Simuliini","Metacnephia","Metacnephia saileri","0","99.24"
"KGLTK0111_BF_A","AMCAM270-20[BOLD:AAA9630]","Arthropoda","Insecta","Diptera","Simuliidae","Simuliinae","Simuliini","Metacnephia","Metacnephia saileri","0","99.08"
"KGLTK0111_BF_A","AMCAM123-20[BOLD:AAA9630]","Arthropoda","Insecta","Diptera","Simuliidae","Simuliinae","Simuliini","Metacnephia","Metacnephia saileri","0","98.93"
"KGLTK0113_BF_B","AMCAM079-20[BOLD:AAA9630]","Arthropoda","Insecta","Diptera","Simuliidae","Simuliinae","Simuliini","Metacnephia","Metacnephia saileri","0","99.85"
"KGLTK0113_BF_B","NBPSI159-11[BOLD:AAA9630]","Arthropoda","Insecta","Diptera","Simuliidae","Simuliinae","Simuliini","Metacnephia","Metacnephia saileri","0","99.85"
"KGLTK0113_BF_B","SIIP4431-24[BOLD:AAA9630]","Arthropoda","Insecta","Diptera","Simuliidae","","","","","0","99.70"
"KGLTK0113_BF_B","BSNHM1883-25[BOLD:AAA9630]","Arthropoda","Insecta","Diptera","Simuliidae","","","","","0","99.54"
"KGLTK0113_BF_B","SIIP4200-24[BOLD:AAA9630]","Arthropoda","Insecta","Diptera","Simuliidae","","","","","0","99.54"
"KGLTK0113_BF_B","EBADI006-16[BOLD:AAA9630]","Arthropoda","Insecta","Diptera","Simuliidae","Simuliinae","Simuliini","Metacnephia","","0","99.54"
"KGLTK0113_BF_B","FISIM048-11[BOLD:AAA9630]","Arthropoda","Insecta","Diptera","Simuliidae","Simuliinae","Simuliini","Metacnephia","Metacnephia bilineata","0","99.54"
"KGLTK0113_BF_B","FCHAR6696-19[BOLD:AAA9630]","Arthropoda","Insecta","Diptera","Simuliidae","Simuliinae","Simuliini","Metacnephia","Metacnephia saileri","0","99.54"
"KGLTK0113_BF_B","SIIP4652-24[BOLD:AAA9630]","Arthropoda","Insecta","Diptera","Simuliidae","","","","","0","99.39"
"KGLTK0113_BF_B","SIIP5500-24[BOLD:AAA9630]","Arthropoda","Insecta","Diptera","Simuliidae","","","","","0","99.39"
"KGLTK0113_BF_B","EBADI009-16[BOLD:AAA9630]","Arthropoda","Insecta","Diptera","Simuliidae","Simuliinae","Simuliini","Metacnephia","","0","99.39"
"KGLTK0113_BF_B","FISIM046-11[BOLD:AAA9630]","Arthropoda","Insecta","Diptera","Simuliidae","Simuliinae","Simuliini","Metacnephia","Metacnephia bilineata","0","99.39"
"KGLTK0113_BF_B","TRDNE030-15[BOLD:AAA9630]","Arthropoda","Insecta","Diptera","Simuliidae","Simuliinae","Simuliini","Metacnephia","Metacnephia bilineata","0","99.39"
"KGLTK0113_BF_B","TRDNE064-15[BOLD:AAA9630]","Arthropoda","Insecta","Diptera","Simuliidae","Simuliinae","Simuliini","Metacnephia","Metacnephia bilineata","0","99.39"
"KGLTK0113_BF_B","SIIP2411-24[BOLD:AAA9630]","Arthropoda","Insecta","Diptera","Simuliidae","","","","","0","99.24"
"KGLTK0113_BF_B","SIIP5012-24[BOLD:AAA9630]","Arthropoda","Insecta","Diptera","Simuliidae","","","","","0","99.24"
"KGLTK0113_BF_B","SIIP5100-24[BOLD:AAA9630]","Arthropoda","Insecta","Diptera","Simuliidae","","","","","0","99.24"
"KGLTK0113_BF_B","SSKNC714-24[BOLD:AAA9630]","Arthropoda","Insecta","Diptera","Simuliidae","Simuliinae","","","","0","99.24"
"KGLTK0113_BF_B","EBADI013-16[BOLD:AAA9630]","Arthropoda","Insecta","Diptera","Simuliidae","Simuliinae","Simuliini","Metacnephia","","0","99.24"
"KGLTK0113_BF_B","EBADI016-16[BOLD:AAA9630]","Arthropoda","Insecta","Diptera","Simuliidae","Simuliinae","Simuliini","Metacnephia","","0","99.24"
"KGLTK0113_BF_B","FISIM047-11[BOLD:AAA9630]","Arthropoda","Insecta","Diptera","Simuliidae","Simuliinae","Simuliini","Metacnephia","Metacnephia bilineata","0","99.24"
"KGLTK0113_BF_B","FISIM050-11[BOLD:AAA9630]","Arthropoda","Insecta","Diptera","Simuliidae","Simuliinae","Simuliini","Metacnephia","Metacnephia bilineata","0","99.24"
"KGLTK0113_BF_B","AMCAM277-20[BOLD:AAA9630]","Arthropoda","Insecta","Diptera","Simuliidae","Simuliinae","Simuliini","Metacnephia","Metacnephia saileri","0","99.08"
"KGLTK0113_BF_B","AMCAM270-20[BOLD:AAA9630]","Arthropoda","Insecta","Diptera","Simuliidae","Simuliinae","Simuliini","Metacnephia","Metacnephia saileri","0","98.93"
"KGLTK0113_BF_B","AMCAM123-20[BOLD:AAA9630]","Arthropoda","Insecta","Diptera","Simuliidae","Simuliinae","Simuliini","Metacnephia","Metacnephia saileri","0","98.78"
"KGLTK0113_BF_C","AMCAM079-20[BOLD:AAA9630]","Arthropoda","Insecta","Diptera","Simuliidae","Simuliinae","Simuliini","Metacnephia","Metacnephia saileri","0","99.24"
"KGLTK0113_BF_C","NBPSI159-11[BOLD:AAA9630]","Arthropoda","Insecta","Diptera","Simuliidae","Simuliinae","Simuliini","Metacnephia","Metacnephia saileri","0","99.24"
"KGLTK0113_BF_C","SIIP4431-24[BOLD:AAA9630]","Arthropoda","Insecta","Diptera","Simuliidae","","","","","0","99.09"
"KGLTK0113_BF_C","SIIP4200-24[BOLD:AAA9630]","Arthropoda","Insecta","Diptera","Simuliidae","","","","","0","98.94"
"KGLTK0113_BF_C","EBADI006-16[BOLD:AAA9630]","Arthropoda","Insecta","Diptera","Simuliidae","Simuliinae","Simuliini","Metacnephia","","0","98.94"
"KGLTK0113_BF_C","FISIM048-11[BOLD:AAA9630]","Arthropoda","Insecta","Diptera","Simuliidae","Simuliinae","Simuliini","Metacnephia","Metacnephia bilineata","0","98.94"
"KGLTK0113_BF_C","BSNHM1883-25[BOLD:AAA9630]","Arthropoda","Insecta","Diptera","Simuliidae","","","","","0","98.93"
"KGLTK0113_BF_C","FCHAR6696-19[BOLD:AAA9630]","Arthropoda","Insecta","Diptera","Simuliidae","Simuliinae","Simuliini","Metacnephia","Metacnephia saileri","0","98.93"
"KGLTK0113_BF_C","SIIP4652-24[BOLD:AAA9630]","Arthropoda","Insecta","Diptera","Simuliidae","","","","","0","98.78"
"KGLTK0113_BF_C","SIIP5500-24[BOLD:AAA9630]","Arthropoda","Insecta","Diptera","Simuliidae","","","","","0","98.78"
"KGLTK0113_BF_C","EBADI009-16[BOLD:AAA9630]","Arthropoda","Insecta","Diptera","Simuliidae","Simuliinae","Simuliini","Metacnephia","","0","98.78"
"KGLTK0113_BF_C","FISIM046-11[BOLD:AAA9630]","Arthropoda","Insecta","Diptera","Simuliidae","Simuliinae","Simuliini","Metacnephia","Metacnephia bilineata","0","98.78"
"KGLTK0113_BF_C","TRDNE030-15[BOLD:AAA9630]","Arthropoda","Insecta","Diptera","Simuliidae","Simuliinae","Simuliini","Metacnephia","Metacnephia bilineata","0","98.78"
"KGLTK0113_BF_C","TRDNE064-15[BOLD:AAA9630]","Arthropoda","Insecta","Diptera","Simuliidae","Simuliinae","Simuliini","Metacnephia","Metacnephia bilineata","0","98.78"
"KGLTK0113_BF_C","SIIP2411-24[BOLD:AAA9630]","Arthropoda","Insecta","Diptera","Simuliidae","","","","","0","98.63"
"KGLTK0113_BF_C","SIIP5012-24[BOLD:AAA9630]","Arthropoda","Insecta","Diptera","Simuliidae","","","","","0","98.63"
"KGLTK0113_BF_C","SIIP5100-24[BOLD:AAA9630]","Arthropoda","Insecta","Diptera","Simuliidae","","","","","0","98.63"
"KGLTK0113_BF_C","SSKNC714-24[BOLD:AAA9630]","Arthropoda","Insecta","Diptera","Simuliidae","Simuliinae","","","","0","98.63"
"KGLTK0113_BF_C","EBADI013-16[BOLD:AAA9630]","Arthropoda","Insecta","Diptera","Simuliidae","Simuliinae","Simuliini","Metacnephia","","0","98.63"
"KGLTK0113_BF_C","EBADI016-16[BOLD:AAA9630]","Arthropoda","Insecta","Diptera","Simuliidae","Simuliinae","Simuliini","Metacnephia","","0","98.63"
"KGLTK0113_BF_C","FISIM047-11[BOLD:AAA9630]","Arthropoda","Insecta","Diptera","Simuliidae","Simuliinae","Simuliini","Metacnephia","Metacnephia bilineata","0","98.63"
"KGLTK0113_BF_C","FISIM050-11[BOLD:AAA9630]","Arthropoda","Insecta","Diptera","Simuliidae","Simuliinae","Simuliini","Metacnephia","Metacnephia bilineata","0","98.63"
"KGLTK0113_BF_C","AMCAM277-20[BOLD:AAA9630]","Arthropoda","Insecta","Diptera","Simuliidae","Simuliinae","Simuliini","Metacnephia","Metacnephia saileri","0","98.47"
"KGLTK0113_BF_C","AMCAM270-20[BOLD:AAA9630]","Arthropoda","Insecta","Diptera","Simuliidae","Simuliinae","Simuliini","Metacnephia","Metacnephia saileri","0","98.32"
"KGLTK0113_BF_C","AMCAM123-20[BOLD:AAA9630]","Arthropoda","Insecta","Diptera","Simuliidae","Simuliinae","Simuliini","Metacnephia","Metacnephia saileri","0","98.17"
"KGLTK0113_BF_D","DRYAS18236-15[BOLD:AAA9630]","Arthropoda","Insecta","Diptera","Simuliidae","Simuliinae","Simuliini","Metacnephia","","0","96.45"
"KGLTK0113_BF_D","SSKNA892-15[BOLD:AAA9630]","Arthropoda","Insecta","Diptera","Simuliidae","Simuliinae","Simuliini","Metacnephia","","0","96.23"
"KGLTK0113_BF_D","SIIP4431-24[BOLD:AAA9630]","Arthropoda","Insecta","Diptera","Simuliidae","","","","","0","95.14"
"KGLTK0113_BF_D","NBPSI159-11[BOLD:AAA9630]","Arthropoda","Insecta","Diptera","Simuliidae","Simuliinae","Simuliini","Metacnephia","Metacnephia saileri","0","95.14"
"KGLTK0113_BF_D","AMCAM079-20[BOLD:AAA9630]","Arthropoda","Insecta","Diptera","Simuliidae","Simuliinae","Simuliini","Metacnephia","Metacnephia saileri","0","95.11"
"KGLTK0113_BF_D","SIIP4200-24[BOLD:AAA9630]","Arthropoda","Insecta","Diptera","Simuliidae","","","","","0","94.98"
"KGLTK0113_BF_D","EBADI006-16[BOLD:AAA9630]","Arthropoda","Insecta","Diptera","Simuliidae","Simuliinae","Simuliini","Metacnephia","","0","94.98"
"KGLTK0113_BF_D","FISIM048-11[BOLD:AAA9630]","Arthropoda","Insecta","Diptera","Simuliidae","Simuliinae","Simuliini","Metacnephia","Metacnephia bilineata","0","94.98"
"KGLTK0113_BF_D","BSNHM1883-25[BOLD:AAA9630]","Arthropoda","Insecta","Diptera","Simuliidae","","","","","0","94.96"
"KGLTK0113_BF_D","SIIP4652-24[BOLD:AAA9630]","Arthropoda","Insecta","Diptera","Simuliidae","","","","","0","94.83"
"KGLTK0113_BF_D","SIIP5500-24[BOLD:AAA9630]","Arthropoda","Insecta","Diptera","Simuliidae","","","","","0","94.83"
"KGLTK0113_BF_D","SSKNC714-24[BOLD:AAA9630]","Arthropoda","Insecta","Diptera","Simuliidae","Simuliinae","","","","0","94.83"
"KGLTK0113_BF_D","EBADI009-16[BOLD:AAA9630]","Arthropoda","Insecta","Diptera","Simuliidae","Simuliinae","Simuliini","Metacnephia","","0","94.83"
"KGLTK0113_BF_D","FISIM046-11[BOLD:AAA9630]","Arthropoda","Insecta","Diptera","Simuliidae","Simuliinae","Simuliini","Metacnephia","Metacnephia bilineata","0","94.83"
"KGLTK0113_BF_D","TRDNE030-15[BOLD:AAA9630]","Arthropoda","Insecta","Diptera","Simuliidae","Simuliinae","Simuliini","Metacnephia","Metacnephia bilineata","0","94.83"
"KGLTK0113_BF_D","TRDNE064-15[BOLD:AAA9630]","Arthropoda","Insecta","Diptera","Simuliidae","Simuliinae","Simuliini","Metacnephia","Metacnephia bilineata","0","94.83"
"KGLTK0113_BF_D","AMCAM277-20[BOLD:AAA9630]","Arthropoda","Insecta","Diptera","Simuliidae","Simuliinae","Simuliini","Metacnephia","Metacnephia saileri","0","94.80"
"KGLTK0113_BF_D","FCHAR6696-19[BOLD:AAA9630]","Arthropoda","Insecta","Diptera","Simuliidae","Simuliinae","Simuliini","Metacnephia","Metacnephia saileri","0","94.79"
"KGLTK0113_BF_D","SIIP2411-24[BOLD:AAA9630]","Arthropoda","Insecta","Diptera","Simuliidae","","","","","0","94.68"
"KGLTK0113_BF_D","SIIP5012-24[BOLD:AAA9630]","Arthropoda","Insecta","Diptera","Simuliidae","","","","","0","94.68"
"KGLTK0113_BF_D","SIIP5100-24[BOLD:AAA9630]","Arthropoda","Insecta","Diptera","Simuliidae","","","","","0","94.68"
"KGLTK0113_BF_D","EBADI013-16[BOLD:AAA9630]","Arthropoda","Insecta","Diptera","Simuliidae","Simuliinae","Simuliini","Metacnephia","","0","94.68"
"KGLTK0113_BF_D","EBADI016-16[BOLD:AAA9630]","Arthropoda","Insecta","Diptera","Simuliidae","Simuliinae","Simuliini","Metacnephia","","0","94.68"
"KGLTK0113_BF_D","FISIM047-11[BOLD:AAA9630]","Arthropoda","Insecta","Diptera","Simuliidae","Simuliinae","Simuliini","Metacnephia","Metacnephia bilineata","0","94.68"
"KGLTK0113_BF_D","FISIM050-11[BOLD:AAA9630]","Arthropoda","Insecta","Diptera","Simuliidae","Simuliinae","Simuliini","Metacnephia","Metacnephia bilineata","0","94.68"
"KGLTK0278_BF_A","NBPSI159-11[BOLD:AAA9630]","Arthropoda","Insecta","Diptera","Simuliidae","Simuliinae","Simuliini","Metacnephia","Metacnephia saileri","0","99.70"
"KGLTK0278_BF_A","AMCAM079-20[BOLD:AAA9630]","Arthropoda","Insecta","Diptera","Simuliidae","Simuliinae","Simuliini","Metacnephia","Metacnephia saileri","0","99.69"
"KGLTK0278_BF_A","SIIP4431-24[BOLD:AAA9630]","Arthropoda","Insecta","Diptera","Simuliidae","","","","","0","99.54"
"KGLTK0278_BF_A","BSNHM1883-25[BOLD:AAA9630]","Arthropoda","Insecta","Diptera","Simuliidae","","","","","0","99.39"
"KGLTK0278_BF_A","SIIP4200-24[BOLD:AAA9630]","Arthropoda","Insecta","Diptera","Simuliidae","","","","","0","99.39"
"KGLTK0278_BF_A","EBADI006-16[BOLD:AAA9630]","Arthropoda","Insecta","Diptera","Simuliidae","Simuliinae","Simuliini","Metacnephia","","0","99.39"
"KGLTK0278_BF_A","EBADI013-16[BOLD:AAA9630]","Arthropoda","Insecta","Diptera","Simuliidae","Simuliinae","Simuliini","Metacnephia","","0","99.39"
"KGLTK0278_BF_A","FISIM047-11[BOLD:AAA9630]","Arthropoda","Insecta","Diptera","Simuliidae","Simuliinae","Simuliini","Metacnephia","Metacnephia bilineata","0","99.39"
"KGLTK0278_BF_A","FISIM048-11[BOLD:AAA9630]","Arthropoda","Insecta","Diptera","Simuliidae","Simuliinae","Simuliini","Metacnephia","Metacnephia bilineata","0","99.39"
"KGLTK0278_BF_A","FCHAR6696-19[BOLD:AAA9630]","Arthropoda","Insecta","Diptera","Simuliidae","Simuliinae","Simuliini","Metacnephia","Metacnephia saileri","0","99.39"
"KGLTK0278_BF_A","SIIP4652-24[BOLD:AAA9630]","Arthropoda","Insecta","Diptera","Simuliidae","","","","","0","99.24"
"KGLTK0278_BF_A","SIIP5500-24[BOLD:AAA9630]","Arthropoda","Insecta","Diptera","Simuliidae","","","","","0","99.24"
"KGLTK0278_BF_A","EBADI009-16[BOLD:AAA9630]","Arthropoda","Insecta","Diptera","Simuliidae","Simuliinae","Simuliini","Metacnephia","","0","99.24"
"KGLTK0278_BF_A","FISIM046-11[BOLD:AAA9630]","Arthropoda","Insecta","Diptera","Simuliidae","Simuliinae","Simuliini","Metacnephia","Metacnephia bilineata","0","99.24"
"KGLTK0278_BF_A","TRDNE030-15[BOLD:AAA9630]","Arthropoda","Insecta","Diptera","Simuliidae","Simuliinae","Simuliini","Metacnephia","Metacnephia bilineata","0","99.24"
"KGLTK0278_BF_A","TRDNE064-15[BOLD:AAA9630]","Arthropoda","Insecta","Diptera","Simuliidae","Simuliinae","Simuliini","Metacnephia","Metacnephia bilineata","0","99.24"
"KGLTK0278_BF_A","SIIP2411-24[BOLD:AAA9630]","Arthropoda","Insecta","Diptera","Simuliidae","","","","","0","99.09"
"KGLTK0278_BF_A","SIIP5012-24[BOLD:AAA9630]","Arthropoda","Insecta","Diptera","Simuliidae","","","","","0","99.09"
"KGLTK0278_BF_A","SIIP5100-24[BOLD:AAA9630]","Arthropoda","Insecta","Diptera","Simuliidae","","","","","0","99.09"
"KGLTK0278_BF_A","SSKNC714-24[BOLD:AAA9630]","Arthropoda","Insecta","Diptera","Simuliidae","Simuliinae","","","","0","99.09"
"KGLTK0278_BF_A","EBADI016-16[BOLD:AAA9630]","Arthropoda","Insecta","Diptera","Simuliidae","Simuliinae","Simuliini","Metacnephia","","0","99.09"
"KGLTK0278_BF_A","FISIM050-11[BOLD:AAA9630]","Arthropoda","Insecta","Diptera","Simuliidae","Simuliinae","Simuliini","Metacnephia","Metacnephia bilineata","0","99.09"
"KGLTK0278_BF_A","AMCAM270-20[BOLD:AAA9630]","Arthropoda","Insecta","Diptera","Simuliidae","Simuliinae","Simuliini","Metacnephia","Metacnephia saileri","0","99.08"
"KGLTK0278_BF_A","AMCAM123-20[BOLD:AAA9630]","Arthropoda","Insecta","Diptera","Simuliidae","Simuliinae","Simuliini","Metacnephia","Metacnephia saileri","0","98.93"
"KGLTK0278_BF_A","AMCAM277-20[BOLD:AAA9630]","Arthropoda","Insecta","Diptera","Simuliidae","Simuliinae","Simuliini","Metacnephia","Metacnephia saileri","0","98.93"
"KGLTK0279_BF_A","AMCAM270-20[BOLD:AAA9630]","Arthropoda","Insecta","Diptera","Simuliidae","Simuliinae","Simuliini","Metacnephia","Metacnephia saileri","0","100.00"
"KGLTK0279_BF_A","AMCAM123-20[BOLD:AAA9630]","Arthropoda","Insecta","Diptera","Simuliidae","Simuliinae","Simuliini","Metacnephia","Metacnephia saileri","0","99.54"
"KGLTK0279_BF_A","BSNHM1883-25[BOLD:AAA9630]","Arthropoda","Insecta","Diptera","Simuliidae","","","","","0","99.39"
"KGLTK0279_BF_A","SIIP4200-24[BOLD:AAA9630]","Arthropoda","Insecta","Diptera","Simuliidae","","","","","0","99.39"
"KGLTK0279_BF_A","EBADI006-16[BOLD:AAA9630]","Arthropoda","Insecta","Diptera","Simuliidae","Simuliinae","Simuliini","Metacnephia","","0","99.39"
"KGLTK0279_BF_A","FISIM048-11[BOLD:AAA9630]","Arthropoda","Insecta","Diptera","Simuliidae","Simuliinae","Simuliini","Metacnephia","Metacnephia bilineata","0","99.39"
"KGLTK0279_BF_A","SIIP4431-24[BOLD:AAA9630]","Arthropoda","Insecta","Diptera","Simuliidae","","","","","0","99.24"
"KGLTK0279_BF_A","SIIP4652-24[BOLD:AAA9630]","Arthropoda","Insecta","Diptera","Simuliidae","","","","","0","99.24"
"KGLTK0279_BF_A","SIIP5500-24[BOLD:AAA9630]","Arthropoda","Insecta","Diptera","Simuliidae","","","","","0","99.24"
"KGLTK0279_BF_A","EBADI009-16[BOLD:AAA9630]","Arthropoda","Insecta","Diptera","Simuliidae","Simuliinae","Simuliini","Metacnephia","","0","99.24"
"KGLTK0279_BF_A","FISIM046-11[BOLD:AAA9630]","Arthropoda","Insecta","Diptera","Simuliidae","Simuliinae","Simuliini","Metacnephia","Metacnephia bilineata","0","99.24"
"KGLTK0279_BF_A","TRDNE030-15[BOLD:AAA9630]","Arthropoda","Insecta","Diptera","Simuliidae","Simuliinae","Simuliini","Metacnephia","Metacnephia bilineata","0","99.24"
"KGLTK0279_BF_A","TRDNE064-15[BOLD:AAA9630]","Arthropoda","Insecta","Diptera","Simuliidae","Simuliinae","Simuliini","Metacnephia","Metacnephia bilineata","0","99.24"
"KGLTK0279_BF_A","SIIP2411-24[BOLD:AAA9630]","Arthropoda","Insecta","Diptera","Simuliidae","","","","","0","99.09"
"KGLTK0279_BF_A","SIIP5012-24[BOLD:AAA9630]","Arthropoda","Insecta","Diptera","Simuliidae","","","","","0","99.09"
"KGLTK0279_BF_A","SIIP5100-24[BOLD:AAA9630]","Arthropoda","Insecta","Diptera","Simuliidae","","","","","0","99.09"
"KGLTK0279_BF_A","SSKNC714-24[BOLD:AAA9630]","Arthropoda","Insecta","Diptera","Simuliidae","Simuliinae","","","","0","99.09"
"KGLTK0279_BF_A","EBADI013-16[BOLD:AAA9630]","Arthropoda","Insecta","Diptera","Simuliidae","Simuliinae","Simuliini","Metacnephia","","0","99.09"
"KGLTK0279_BF_A","FISIM047-11[BOLD:AAA9630]","Arthropoda","Insecta","Diptera","Simuliidae","Simuliinae","Simuliini","Metacnephia","Metacnephia bilineata","0","99.09"
"KGLTK0279_BF_A","FISIM050-11[BOLD:AAA9630]","Arthropoda","Insecta","Diptera","Simuliidae","Simuliinae","Simuliini","Metacnephia","Metacnephia bilineata","0","99.09"
"KGLTK0279_BF_A","NBPSI159-11[BOLD:AAA9630]","Arthropoda","Insecta","Diptera","Simuliidae","Simuliinae","Simuliini","Metacnephia","Metacnephia saileri","0","99.09"
"KGLTK0279_BF_A","AMCAM079-20[BOLD:AAA9630]","Arthropoda","Insecta","Diptera","Simuliidae","Simuliinae","Simuliini","Metacnephia","Metacnephia saileri","0","99.08"
"KGLTK0279_BF_A","AMCAM277-20[BOLD:AAA9630]","Arthropoda","Insecta","Diptera","Simuliidae","Simuliinae","Simuliini","Metacnephia","Metacnephia saileri","0","98.93"
"KGLTK0279_BF_A","EBADI016-16[BOLD:AAA9630]","Arthropoda","Insecta","Diptera","Simuliidae","Simuliinae","Simuliini","Metacnephia","","0","98.78"
"KGLTK0279_BF_A","FCHAR6696-19[BOLD:AAA9630]","Arthropoda","Insecta","Diptera","Simuliidae","Simuliinae","Simuliini","Metacnephia","Metacnephia saileri","0","98.77"
"Outgroup","CHAOF001-18[BOLD:ACG1345]","Arthropoda","Insecta","Diptera","Chaoboridae","Chaoborinae","","Mochlonyx","Mochlonyx velutinus","0","100.00"
"Outgroup","CHAOF028-18[BOLD:ACG1345]","Arthropoda","Insecta","Diptera","Chaoboridae","Chaoborinae","","Mochlonyx","Mochlonyx velutinus","0","99.85"
"Outgroup","CHAOF029-18[BOLD:ACG1345]","Arthropoda","Insecta","Diptera","Chaoboridae","Chaoborinae","","Mochlonyx","Mochlonyx velutinus","0","99.85"
"Outgroup","CHAOF080-18[BOLD:ACG1345]","Arthropoda","Insecta","Diptera","Chaoboridae","Chaoborinae","","Mochlonyx","Mochlonyx velutinus","0","99.85"
"Outgroup","GMKUG186-12[BOLD:ACG1345]","Arthropoda","Insecta","Diptera","Chaoboridae","Chaoborinae","","Mochlonyx","Mochlonyx velutinus","0","99.85"
"Outgroup","SCFI713-16[BOLD:ACG1345]","Arthropoda","Insecta","Diptera","Chaoboridae","Chaoborinae","","Mochlonyx","Mochlonyx velutinus","0","99.85"
"Outgroup","DTULO15931-25","Arthropoda","Insecta","Diptera","","","","","","0","99.69"
"Outgroup","CHAOF012-18[BOLD:ACG1345]","Arthropoda","Insecta","Diptera","Chaoboridae","Chaoborinae","","Mochlonyx","Mochlonyx velutinus","0","99.69"
"Outgroup","CHAOF049-18[BOLD:ACG1345]","Arthropoda","Insecta","Diptera","Chaoboridae","Chaoborinae","","Mochlonyx","Mochlonyx velutinus","0","99.69"
"Outgroup","CHAOF051-18[BOLD:ACG1345]","Arthropoda","Insecta","Diptera","Chaoboridae","Chaoborinae","","Mochlonyx","Mochlonyx velutinus","0","99.69"
"Outgroup","CHAOF060-18[BOLD:ACG1345]","Arthropoda","Insecta","Diptera","Chaoboridae","Chaoborinae","","Mochlonyx","Mochlonyx velutinus","0","99.69"
"Outgroup","CHAOF079-18[BOLD:ACG1345]","Arthropoda","Insecta","Diptera","Chaoboridae","Chaoborinae","","Mochlonyx","Mochlonyx velutinus","0","99.69"
"Outgroup","CHAOF004-18[BOLD:ACG1345]","Arthropoda","Insecta","Diptera","Chaoboridae","Chaoborinae","","Mochlonyx","Mochlonyx velutinus","0","99.54"
"Outgroup","CHAOF048-18[BOLD:ACG1345]","Arthropoda","Insecta","Diptera","Chaoboridae","Chaoborinae","","Mochlonyx","Mochlonyx velutinus","0","99.54"
"Outgroup","ROMAC620-22[BOLD:ACG1345]","Arthropoda","Insecta","Diptera","Chaoboridae","Chaoborinae","","Mochlonyx","Mochlonyx velutinus","0","99.54"
"Outgroup","ROMAC619-22[BOLD:ACG1345]","Arthropoda","Insecta","Diptera","Chaoboridae","Chaoborinae","","Mochlonyx","Mochlonyx velutinus","0","99.53"
"Outgroup","CHAOF050-18[BOLD:ACG1345]","Arthropoda","Insecta","Diptera","Chaoboridae","Chaoborinae","","Mochlonyx","Mochlonyx velutinus","0","99.23"
"Outgroup","CHAOF003-18[BOLD:ADJ8074]","Arthropoda","Insecta","Diptera","Chaoboridae","Chaoborinae","","Mochlonyx","Mochlonyx velutinus","0","98.16"
"Outgroup","CHAOF030-18[BOLD:ADJ8074]","Arthropoda","Insecta","Diptera","Chaoboridae","Chaoborinae","","Mochlonyx","Mochlonyx velutinus","0","98.16"
"Outgroup","CHAOF090-18[BOLD:ADJ8074]","Arthropoda","Insecta","Diptera","Chaoboridae","Chaoborinae","","Mochlonyx","Mochlonyx velutinus","0","98.16"
"Outgroup","CHAOF026-18[BOLD:ADJ8074]","Arthropoda","Insecta","Diptera","Chaoboridae","Chaoborinae","","Mochlonyx","Mochlonyx velutinus","0","98.01"
"Outgroup","RIKPS051-17[BOLD:ADJ8074]","Arthropoda","Insecta","Diptera","Chaoboridae","Chaoborinae","","Mochlonyx","Mochlonyx velutinus","0","97.85"
"Outgroup","FCHAR5262-19[BOLD:AEC0515]","Arthropoda","Insecta","Diptera","Chaoboridae","Chaoborinae","","Mochlonyx","","0","97.53"
"Outgroup","FCHAR6866-19[BOLD:AEC0515]","Arthropoda","Insecta","Diptera","Chaoboridae","Chaoborinae","","Mochlonyx","","0","97.53"
"Outgroup","MMADL036-09[BOLD:AAI3268]","Arthropoda","Insecta","Diptera","Chaoboridae","Chaoborinae","","Mochlonyx","","0","96.47"

