"Query ID","PID [BIN]","Phylum","Class","Order","Family","Subfamily","Tribe","Genus","Species","Indels","ID%"
"CBAY0027_BF_A","CBAYB411-23[BOLD:ACR3914]","Arthropoda","Insecta","Diptera","Simuliidae","Simuliinae","Simuliini","Simulium","","0","99.85"
"CBAY0027_BF_A","MCHAA399-19[BOLD:ACR3914]","Arthropoda","Insecta","Diptera","Simuliidae","Simuliinae","Simuliini","Simulium","","0","99.85"
"CBAY0027_BF_A","MCHAA666-19[BOLD:ACR3914]","Arthropoda","Insecta","Diptera","Simuliidae","Simuliinae","Simuliini","Simulium","","0","99.85"
"CBAY0027_BF_A","MCHAC2246-19[BOLD:ACR3914]","Arthropoda","Insecta","Diptera","Simuliidae","Simuliinae","Simuliini","Simulium","","0","99.85"
"CBAY0027_BF_A","MCHAD1334-19[BOLD:ACR3914]","Arthropoda","Insecta","Diptera","Simuliidae","Simuliinae","Simuliini","Simulium","","0","99.85"
"CBAY0027_BF_A","MCHAE161-19[BOLD:ACR3914]","Arthropoda","Insecta","Diptera","Simuliidae","Simuliinae","Simuliini","Simulium","","0","99.85"
"CBAY0027_BF_A","MCHAA690-19[BOLD:ACR3914]","Arthropoda","Insecta","Diptera","Simuliidae","Simuliinae","Simuliini","Simulium","","1","99.84"
"CBAY0027_BF_A","CNTUA1389-14[BOLD:ACR3914]","Arthropoda","Insecta","Diptera","Simuliidae","Simuliinae","Simuliini","Simulium","","0","99.83"
"CBAY0027_BF_A","CNTUA1373-14[BOLD:ACR3914]","Arthropoda","Insecta","Diptera","Simuliidae","Simuliinae","Simuliini","Simulium","","0","99.70"
"CBAY0027_BF_A","MCHAC567-19[BOLD:ACR3914]","Arthropoda","Insecta","Diptera","Simuliidae","Simuliinae","Simuliini","Simulium","","0","99.54"
"CBAY0027_BF_A","CNTUA1304-14[BOLD:ACR3914]","Arthropoda","Insecta","Diptera","Simuliidae","Simuliinae","Simuliini","Simulium","","0","99.24"
"CBAY0027_BF_A","NOSIM031-10[BOLD:AAE1413]","Arthropoda","Insecta","Diptera","Simuliidae","Simuliinae","Simuliini","Simulium","Simulium pusillum","0","95.04"
"CBAY0027_BF_A","NOSIM032-10[BOLD:AAE1413]","Arthropoda","Insecta","Diptera","Simuliidae","Simuliinae","Simuliini","Simulium","Simulium pusillum","0","95.04"
"CBAY0027_BF_A","NOSIM030-10[BOLD:AAE1413]","Arthropoda","Insecta","Diptera","Simuliidae","Simuliinae","Simuliini","Simulium","Simulium pusillum","0","94.73"
"CBAY0027_BF_A","NOSIM033-10[BOLD:AAE1413]","Arthropoda","Insecta","Diptera","Simuliidae","Simuliinae","Simuliini","Simulium","Simulium pusillum","0","94.73"
"CBAY0027_BF_A","SIIP8864-24[BOLD:AAE1413]","Arthropoda","Insecta","Diptera","Simuliidae","","","","","0","94.68"
"CBAY0027_BF_A","BSNHM5613-25[BOLD:AAE1413]","Arthropoda","Insecta","Diptera","","","","","","0","94.66"
"CBAY0027_BF_A","ACB437-06[BOLD:AAE1413]","Arthropoda","Insecta","Diptera","Simuliidae","Simuliinae","Simuliini","Simulium","Simulium pusillum","0","94.66"
"CBAY0027_BF_A","LPKIL1199-22[BOLD:AAE1413]","Arthropoda","Insecta","Diptera","Simuliidae","Simuliinae","Simuliini","Simulium","Simulium pusillum","0","94.62"
"CBAY0027_BF_B","CBAYB411-23[BOLD:ACR3914]","Arthropoda","Insecta","Diptera","Simuliidae","Simuliinae","Simuliini","Simulium","","0","99.85"
"CBAY0027_BF_B","MCHAA399-19[BOLD:ACR3914]","Arthropoda","Insecta","Diptera","Simuliidae","Simuliinae","Simuliini","Simulium","","0","99.85"
"CBAY0027_BF_B","MCHAA666-19[BOLD:ACR3914]","Arthropoda","Insecta","Diptera","Simuliidae","Simuliinae","Simuliini","Simulium","","0","99.85"
"CBAY0027_BF_B","MCHAC2246-19[BOLD:ACR3914]","Arthropoda","Insecta","Diptera","Simuliidae","Simuliinae","Simuliini","Simulium","","0","99.85"
"CBAY0027_BF_B","MCHAD1334-19[BOLD:ACR3914]","Arthropoda","Insecta","Diptera","Simuliidae","Simuliinae","Simuliini","Simulium","","0","99.85"
"CBAY0027_BF_B","MCHAE161-19[BOLD:ACR3914]","Arthropoda","Insecta","Diptera","Simuliidae","Simuliinae","Simuliini","Simulium","","0","99.85"
"CBAY0027_BF_B","MCHAA690-19[BOLD:ACR3914]","Arthropoda","Insecta","Diptera","Simuliidae","Simuliinae","Simuliini","Simulium","","1","99.84"
"CBAY0027_BF_B","CNTUA1389-14[BOLD:ACR3914]","Arthropoda","Insecta","Diptera","Simuliidae","Simuliinae","Simuliini","Simulium","","0","99.83"
"CBAY0027_BF_B","CNTUA1373-14[BOLD:ACR3914]","Arthropoda","Insecta","Diptera","Simuliidae","Simuliinae","Simuliini","Simulium","","0","99.70"
"CBAY0027_BF_B","MCHAC567-19[BOLD:ACR3914]","Arthropoda","Insecta","Diptera","Simuliidae","Simuliinae","Simuliini","Simulium","","0","99.54"
"CBAY0027_BF_B","CNTUA1304-14[BOLD:ACR3914]","Arthropoda","Insecta","Diptera","Simuliidae","Simuliinae","Simuliini","Simulium","","0","99.24"
"CBAY0027_BF_B","NOSIM031-10[BOLD:AAE1413]","Arthropoda","Insecta","Diptera","Simuliidae","Simuliinae","Simuliini","Simulium","Simulium pusillum","0","95.04"
"CBAY0027_BF_B","NOSIM032-10[BOLD:AAE1413]","Arthropoda","Insecta","Diptera","Simuliidae","Simuliinae","Simuliini","Simulium","Simulium pusillum","0","95.04"
"CBAY0027_BF_B","NOSIM030-10[BOLD:AAE1413]","Arthropoda","Insecta","Diptera","Simuliidae","Simuliinae","Simuliini","Simulium","Simulium pusillum","0","94.73"
"CBAY0027_BF_B","NOSIM033-10[BOLD:AAE1413]","Arthropoda","Insecta","Diptera","Simuliidae","Simuliinae","Simuliini","Simulium","Simulium pusillum","0","94.73"
"CBAY0027_BF_B","SIIP8864-24[BOLD:AAE1413]","Arthropoda","Insecta","Diptera","Simuliidae","","","","","0","94.68"
"CBAY0027_BF_B","BSNHM5613-25[BOLD:AAE1413]","Arthropoda","Insecta","Diptera","","","","","","0","94.66"
"CBAY0027_BF_B","ACB437-06[BOLD:AAE1413]","Arthropoda","Insecta","Diptera","Simuliidae","Simuliinae","Simuliini","Simulium","Simulium pusillum","0","94.66"
"CBAY0027_BF_B","LPKIL1199-22[BOLD:AAE1413]","Arthropoda","Insecta","Diptera","Simuliidae","Simuliinae","Simuliini","Simulium","Simulium pusillum","0","94.62"
"CBAY0032_BF_E","GCHAR705-19[BOLD:AAB0056]","Arthropoda","Insecta","Diptera","Simuliidae","Simuliinae","Simuliini","Simulium","","0","99.85"
"CBAY0032_BF_E","GCHAR706-19[BOLD:AAB0056]","Arthropoda","Insecta","Diptera","Simuliidae","Simuliinae","Simuliini","Simulium","","0","99.85"
"CBAY0032_BF_E","JWDCJ1479-11[BOLD:AAB0056]","Arthropoda","Insecta","Diptera","Simuliidae","Simuliinae","Simuliini","Simulium","Simulium noelleri","0","99.85"
"CBAY0032_BF_E","JWDCH700-10[BOLD:AAB0056]","Arthropoda","Insecta","Diptera","Simuliidae","Simuliinae","Simuliini","Simulium","Simulium noelleri","0","99.70"
"CBAY0032_BF_E","GCHAR707-19[BOLD:AAB0056]","Arthropoda","Insecta","Diptera","Simuliidae","Simuliinae","Simuliini","Simulium","","0","99.69"
"CBAY0032_BF_E","GMGMR2047-18[BOLD:AAB0056]","Arthropoda","Insecta","Diptera","Simuliidae","Simuliinae","Simuliini","Simulium","","0","99.54"
"CBAY0032_BF_E","BAYS1666-24[BOLD:AAB0056]","Arthropoda","Insecta","Diptera","Simuliidae","Simuliinae","Simuliini","Simulium","Simulium noelleri","0","99.54"
"CBAY0032_BF_E","DTNHM2297-21[BOLD:AAB0056]","Arthropoda","Insecta","Diptera","Simuliidae","Simuliinae","Simuliini","Simulium","Simulium noelleri","0","99.54"
"CBAY0032_BF_E","GBAAZ6647-24[BOLD:AAB0056]","Arthropoda","Insecta","Diptera","Simuliidae","Simuliinae","Simuliini","Simulium","Simulium noelleri","0","99.54"
"CBAY0032_BF_E","GBMIN61291-17[BOLD:AAB0056]","Arthropoda","Insecta","Diptera","Simuliidae","Simuliinae","Simuliini","Simulium","Simulium noelleri","0","99.54"
"CBAY0032_BF_E","NLSIM1117-20[BOLD:AAB0056]","Arthropoda","Insecta","Diptera","Simuliidae","Simuliinae","Simuliini","Simulium","Simulium noelleri","0","99.54"
"CBAY0032_BF_E","NLSIM747-18[BOLD:AAB0056]","Arthropoda","Insecta","Diptera","Simuliidae","Simuliinae","Simuliini","Simulium","Simulium noelleri","0","99.54"
"CBAY0032_BF_E","TOYEN076-15[BOLD:AAB0056]","Arthropoda","Insecta","Diptera","Simuliidae","Simuliinae","Simuliini","Simulium","Simulium sp. LOH_1","0","99.54"
"CBAY0032_BF_E","FISIM186-11[BOLD:AAB0056]","Arthropoda","Insecta","Diptera","Simuliidae","Simuliinae","Simuliini","Simulium","Simulium noelleri","0","99.53"
"CBAY0032_BF_E","NOSIM028-10[BOLD:AAB0056]","Arthropoda","Insecta","Diptera","Simuliidae","Simuliinae","Simuliini","Simulium","Simulium noelleri","0","99.53"
"CBAY0032_BF_E","BSNHM1834-25[BOLD:AAB0056]","Arthropoda","Insecta","Diptera","Simuliidae","","","","","0","99.39"
"CBAY0032_BF_E","FISIM190-11[BOLD:AAB0056]","Arthropoda","Insecta","Diptera","Simuliidae","Simuliinae","Simuliini","Simulium","Simulium noelleri","0","99.39"
"CBAY0032_BF_E","FISIM220-11[BOLD:AAB0056]","Arthropoda","Insecta","Diptera","Simuliidae","Simuliinae","Simuliini","Simulium","Simulium noelleri","0","99.39"
"CBAY0032_BF_E","FISIM222-11[BOLD:AAB0056]","Arthropoda","Insecta","Diptera","Simuliidae","Simuliinae","Simuliini","Simulium","Simulium noelleri","0","99.39"
"CBAY0032_BF_E","GBMIN61294-17[BOLD:AAB0056]","Arthropoda","Insecta","Diptera","Simuliidae","Simuliinae","Simuliini","Simulium","Simulium noelleri","0","99.39"
"CBAY0032_BF_E","GBMIN61296-17[BOLD:AAB0056]","Arthropoda","Insecta","Diptera","Simuliidae","Simuliinae","Simuliini","Simulium","Simulium noelleri","0","99.39"
"CBAY0032_BF_E","GBMIN61293-17[BOLD:AAB0056]","Arthropoda","Insecta","Diptera","Simuliidae","Simuliinae","Simuliini","Simulium","Simulium noelleri","0","99.24"
"CBAY0032_BF_E","NBGW14771-25[BOLD:AAB0056]","Arthropoda","Insecta","Diptera","Simuliidae","Simuliinae","Simuliini","Simulium","Simulium noelleri","0","99.24"
"CBAY0032_BF_E","GMBSR1441-18[BOLD:AAB0056]","Arthropoda","Insecta","Diptera","Simuliidae","Simuliinae","Simuliini","Simulium","","0","99.23"
"CBAY0032_BF_E","GBMIN61292-17[BOLD:AAB0056]","Arthropoda","Insecta","Diptera","Simuliidae","Simuliinae","Simuliini","Simulium","Simulium noelleri","0","99.09"
"CBAY0032_BF_I","CBAYB411-23[BOLD:ACR3914]","Arthropoda","Insecta","Diptera","Simuliidae","Simuliinae","Simuliini","Simulium","","0","99.85"
"CBAY0032_BF_I","MCHAA399-19[BOLD:ACR3914]","Arthropoda","Insecta","Diptera","Simuliidae","Simuliinae","Simuliini","Simulium","","0","99.85"
"CBAY0032_BF_I","MCHAA666-19[BOLD:ACR3914]","Arthropoda","Insecta","Diptera","Simuliidae","Simuliinae","Simuliini","Simulium","","0","99.85"
"CBAY0032_BF_I","MCHAC2246-19[BOLD:ACR3914]","Arthropoda","Insecta","Diptera","Simuliidae","Simuliinae","Simuliini","Simulium","","0","99.85"
"CBAY0032_BF_I","MCHAD1334-19[BOLD:ACR3914]","Arthropoda","Insecta","Diptera","Simuliidae","Simuliinae","Simuliini","Simulium","","0","99.85"
"CBAY0032_BF_I","MCHAE161-19[BOLD:ACR3914]","Arthropoda","Insecta","Diptera","Simuliidae","Simuliinae","Simuliini","Simulium","","0","99.85"
"CBAY0032_BF_I","MCHAA690-19[BOLD:ACR3914]","Arthropoda","Insecta","Diptera","Simuliidae","Simuliinae","Simuliini","Simulium","","1","99.84"
"CBAY0032_BF_I","CNTUA1389-14[BOLD:ACR3914]","Arthropoda","Insecta","Diptera","Simuliidae","Simuliinae","Simuliini","Simulium","","0","99.83"
"CBAY0032_BF_I","CNTUA1373-14[BOLD:ACR3914]","Arthropoda","Insecta","Diptera","Simuliidae","Simuliinae","Simuliini","Simulium","","0","99.70"
"CBAY0032_BF_I","MCHAC567-19[BOLD:ACR3914]","Arthropoda","Insecta","Diptera","Simuliidae","Simuliinae","Simuliini","Simulium","","0","99.54"
"CBAY0032_BF_I","CNTUA1304-14[BOLD:ACR3914]","Arthropoda","Insecta","Diptera","Simuliidae","Simuliinae","Simuliini","Simulium","","0","99.24"
"CBAY0032_BF_I","NOSIM031-10[BOLD:AAE1413]","Arthropoda","Insecta","Diptera","Simuliidae","Simuliinae","Simuliini","Simulium","Simulium pusillum","0","95.35"
"CBAY0032_BF_I","NOSIM032-10[BOLD:AAE1413]","Arthropoda","Insecta","Diptera","Simuliidae","Simuliinae","Simuliini","Simulium","Simulium pusillum","0","95.35"
"CBAY0032_BF_I","NOSIM030-10[BOLD:AAE1413]","Arthropoda","Insecta","Diptera","Simuliidae","Simuliinae","Simuliini","Simulium","Simulium pusillum","0","95.04"
"CBAY0032_BF_I","NOSIM033-10[BOLD:AAE1413]","Arthropoda","Insecta","Diptera","Simuliidae","Simuliinae","Simuliini","Simulium","Simulium pusillum","0","95.04"
"CBAY0032_BF_I","SIIP8864-24[BOLD:AAE1413]","Arthropoda","Insecta","Diptera","Simuliidae","","","","","0","94.98"
"CBAY0032_BF_I","ACB437-06[BOLD:AAE1413]","Arthropoda","Insecta","Diptera","Simuliidae","Simuliinae","Simuliini","Simulium","Simulium pusillum","0","94.98"
"CBAY0032_BF_I","BSNHM5613-25[BOLD:AAE1413]","Arthropoda","Insecta","Diptera","","","","","","0","94.97"
"CBAY0032_BF_I","LPKIL1199-22[BOLD:AAE1413]","Arthropoda","Insecta","Diptera","Simuliidae","Simuliinae","Simuliini","Simulium","Simulium pusillum","0","94.93"
"CBAY0032_BF_I","FISIM109-11[BOLD:AAE1413]","Arthropoda","Insecta","Diptera","Simuliidae","Simuliinae","Simuliini","Simulium","Simulium pusillum","0","94.22"
"CBAY0032_BF_I","FISIM108-11[BOLD:AAE1413]","Arthropoda","Insecta","Diptera","Simuliidae","Simuliinae","Simuliini","Simulium","Simulium pusillum","0","94.07"
"CBAY0035_BF_A","BCHAR2711-18[BOLD:AAA8326]","Arthropoda","Insecta","Diptera","Simuliidae","Simuliinae","Simuliini","Simulium","","0","100.00"
"CBAY0035_BF_A","GMOQJ642-19[BOLD:AAA8326]","Arthropoda","Insecta","Diptera","Simuliidae","Simuliinae","Simuliini","Simulium","","0","100.00"
"CBAY0035_BF_A","MCHAA378-19[BOLD:AAA8326]","Arthropoda","Insecta","Diptera","Simuliidae","Simuliinae","Simuliini","Simulium","","0","100.00"
"CBAY0035_BF_A","MCHAA793-19[BOLD:AAA8326]","Arthropoda","Insecta","Diptera","Simuliidae","Simuliinae","Simuliini","Simulium","","0","100.00"
"CBAY0035_BF_A","MCHAC479-19[BOLD:AAA8326]","Arthropoda","Insecta","Diptera","Simuliidae","Simuliinae","Simuliini","Simulium","","0","100.00"
"CBAY0035_BF_A","MCHAD1422-19[BOLD:AAA8326]","Arthropoda","Insecta","Diptera","Simuliidae","Simuliinae","Simuliini","Simulium","","0","100.00"
"CBAY0035_BF_A","MCHAD664-19[BOLD:AAA8326]","Arthropoda","Insecta","Diptera","Simuliidae","Simuliinae","Simuliini","Simulium","","0","100.00"
"CBAY0035_BF_A","CIOSI25166-24[BOLD:AAA8326]","Arthropoda","Insecta","Diptera","Simuliidae","Simuliinae","Simuliini","Simulium","","0","99.85"
"CBAY0035_BF_A","CIOSI43965-24[BOLD:AAA8326]","Arthropoda","Insecta","Diptera","Simuliidae","Simuliinae","Simuliini","Simulium","","0","99.85"
"CBAY0035_BF_A","FCHAR6639-19[BOLD:AAA8326]","Arthropoda","Insecta","Diptera","Simuliidae","Simuliinae","Simuliini","Simulium","","0","99.85"
"CBAY0035_BF_A","GCHAR792-19[BOLD:AAA8326]","Arthropoda","Insecta","Diptera","Simuliidae","Simuliinae","Simuliini","Simulium","","0","99.85"
"CBAY0035_BF_A","MCHAA1091-19[BOLD:AAA8326]","Arthropoda","Insecta","Diptera","Simuliidae","Simuliinae","Simuliini","Simulium","","0","99.85"
"CBAY0035_BF_A","MCHAD178-19[BOLD:AAA8326]","Arthropoda","Insecta","Diptera","Simuliidae","Simuliinae","Simuliini","Simulium","","0","99.85"
"CBAY0035_BF_A","MCHAE740-19[BOLD:AAA8326]","Arthropoda","Insecta","Diptera","Simuliidae","Simuliinae","Simuliini","Simulium","","0","99.85"
"CBAY0035_BF_A","DHSSI945-24[BOLD:AAA8326]","Arthropoda","Insecta","Diptera","Simuliidae","Simuliinae","Simuliini","Simulium","Simulium annulitarse","0","99.85"
"CBAY0035_BF_A","BBDCQ685-10[BOLD:AAA8326]","Arthropoda","Insecta","Diptera","Simuliidae","Simuliinae","Simuliini","Simulium","Simulium tuberosum complex","0","99.85"
"CBAY0035_BF_A","DHSSI163-23[BOLD:AAA8326]","Arthropoda","Insecta","Diptera","Simuliidae","Simuliinae","Simuliini","Simulium","Simulium vandalicum","0","99.85"
"CBAY0035_BF_A","CIOSI50652-24[BOLD:AAA8326]","Arthropoda","Insecta","Diptera","Simuliidae","Simuliinae","Simuliini","Simulium","","0","99.70"
"CBAY0035_BF_A","OPPAM330-17[BOLD:AAA8326]","Arthropoda","Insecta","Diptera","Simuliidae","Simuliinae","Simuliini","Simulium","","0","99.70"
"CBAY0035_BF_A","DHSSI069-23[BOLD:AAA8326]","Arthropoda","Insecta","Diptera","Simuliidae","Simuliinae","Simuliini","Simulium","Simulium tuberosum complex","0","99.70"
"CBAY0035_BF_A","DHSSI1237-24[BOLD:AAA8326]","Arthropoda","Insecta","Diptera","Simuliidae","Simuliinae","Simuliini","Simulium","Simulium tuberosum complex","0","99.70"
"CBAY0035_BF_A","DHSSI1448-24[BOLD:AAA8326]","Arthropoda","Insecta","Diptera","Simuliidae","Simuliinae","Simuliini","Simulium","Simulium tuberosum complex","0","99.70"
"CBAY0035_BF_A","DHSSI711-24[BOLD:AAA8326]","Arthropoda","Insecta","Diptera","Simuliidae","Simuliinae","Simuliini","Simulium","Simulium tuberosum complex","0","99.70"
"CBAY0035_BF_A","JWDCB250-10[BOLD:AAA8326]","Arthropoda","Insecta","Diptera","Simuliidae","Simuliinae","Simuliini","Simulium","Simulium tuberosum complex","0","99.70"
"CBAY0035_BF_A","JWDCC557-10[BOLD:AAA8326]","Arthropoda","Insecta","Diptera","Simuliidae","Simuliinae","Simuliini","Simulium","Simulium tuberosum complex","0","99.70"
"CBAY0046_BF_F","ACBB723-09[BOLD:AAC0730]","Arthropoda","Insecta","Diptera","Simuliidae","Simuliinae","Simuliini","Simulium","","0","100.00"
"CBAY0046_BF_F","ACBB737-09[BOLD:AAC0730]","Arthropoda","Insecta","Diptera","Simuliidae","Simuliinae","Simuliini","Simulium","","0","100.00"
"CBAY0046_BF_F","CNAUY661-14[BOLD:AAC0730]","Arthropoda","Insecta","Diptera","Simuliidae","Simuliinae","Simuliini","Simulium","","0","100.00"
"CBAY0046_BF_F","ACB020-05[BOLD:AAC0730]","Arthropoda","Insecta","Diptera","Simuliidae","Simuliinae","Simuliini","Simulium","Simulium baffinense","0","100.00"
"CBAY0046_BF_F","ECIPY187-10[BOLD:AAC0730]","Arthropoda","Insecta","Diptera","Simuliidae","Simuliinae","Simuliini","Simulium","Simulium baffinense","0","100.00"
"CBAY0046_BF_F","GBDP7319-09[BOLD:AAC0730]","Arthropoda","Insecta","Diptera","Simuliidae","Simuliinae","Simuliini","Simulium","Simulium baffinense","0","100.00"
"CBAY0046_BF_F","NBPSI187-11[BOLD:AAC0730]","Arthropoda","Insecta","Diptera","Simuliidae","Simuliinae","Simuliini","Simulium","Simulium baffinense","0","100.00"
"CBAY0046_BF_F","ACBB747-09[BOLD:AAC0730]","Arthropoda","Insecta","Diptera","Simuliidae","Simuliinae","Simuliini","Simulium","","0","99.85"
"CBAY0046_BF_F","EBADI002-16[BOLD:AAC0730]","Arthropoda","Insecta","Diptera","Simuliidae","Simuliinae","Simuliini","Simulium","","0","99.85"
"CBAY0046_BF_F","MCHAE674-19[BOLD:AAC0730]","Arthropoda","Insecta","Diptera","Simuliidae","Simuliinae","Simuliini","Simulium","","0","99.85"
"CBAY0046_BF_F","FISIM071-11[BOLD:AAC0730]","Arthropoda","Insecta","Diptera","Simuliidae","Simuliinae","Simuliini","Simulium","Simulium baffinense","0","99.85"
"CBAY0046_BF_F","FISIM076-11[BOLD:AAC0730]","Arthropoda","Insecta","Diptera","Simuliidae","Simuliinae","Simuliini","Simulium","Simulium crassum","0","99.85"
"CBAY0046_BF_F","CNAUY097-14[BOLD:AAC0730]","Arthropoda","Insecta","Diptera","Simuliidae","Simuliinae","Simuliini","Simulium","","0","99.83"
"CBAY0046_BF_F","CNTUA601-14[BOLD:AAC0730]","Arthropoda","Insecta","Diptera","Simuliidae","Simuliinae","Simuliini","Simulium","","0","99.83"
"CBAY0046_BF_F","FISIM080-11[BOLD:AAC0730]","Arthropoda","Insecta","Diptera","Simuliidae","Simuliinae","Simuliini","Simulium","Simulium crassum","0","99.70"
"CBAY0046_BF_J","GCHAR705-19[BOLD:AAB0056]","Arthropoda","Insecta","Diptera","Simuliidae","Simuliinae","Simuliini","Simulium","","0","100.00"
"CBAY0046_BF_J","GCHAR706-19[BOLD:AAB0056]","Arthropoda","Insecta","Diptera","Simuliidae","Simuliinae","Simuliini","Simulium","","0","100.00"
"CBAY0046_BF_J","JWDCJ1479-11[BOLD:AAB0056]","Arthropoda","Insecta","Diptera","Simuliidae","Simuliinae","Simuliini","Simulium","Simulium noelleri","0","100.00"
"CBAY0046_BF_J","GCHAR707-19[BOLD:AAB0056]","Arthropoda","Insecta","Diptera","Simuliidae","Simuliinae","Simuliini","Simulium","","0","99.85"
"CBAY0046_BF_J","JWDCH700-10[BOLD:AAB0056]","Arthropoda","Insecta","Diptera","Simuliidae","Simuliinae","Simuliini","Simulium","Simulium noelleri","0","99.85"
"CBAY0046_BF_J","BAYS1666-24[BOLD:AAB0056]","Arthropoda","Insecta","Diptera","Simuliidae","Simuliinae","Simuliini","Simulium","Simulium noelleri","0","99.70"
"CBAY0046_BF_J","DTNHM2297-21[BOLD:AAB0056]","Arthropoda","Insecta","Diptera","Simuliidae","Simuliinae","Simuliini","Simulium","Simulium noelleri","0","99.70"
"CBAY0046_BF_J","GBAAZ6647-24[BOLD:AAB0056]","Arthropoda","Insecta","Diptera","Simuliidae","Simuliinae","Simuliini","Simulium","Simulium noelleri","0","99.70"
"CBAY0046_BF_J","GBMIN61291-17[BOLD:AAB0056]","Arthropoda","Insecta","Diptera","Simuliidae","Simuliinae","Simuliini","Simulium","Simulium noelleri","0","99.70"
"CBAY0046_BF_J","NLSIM747-18[BOLD:AAB0056]","Arthropoda","Insecta","Diptera","Simuliidae","Simuliinae","Simuliini","Simulium","Simulium noelleri","0","99.70"
"CBAY0046_BF_J","TOYEN076-15[BOLD:AAB0056]","Arthropoda","Insecta","Diptera","Simuliidae","Simuliinae","Simuliini","Simulium","Simulium sp. LOH_1","0","99.70"
"CBAY0046_BF_J","GMGMR2047-18[BOLD:AAB0056]","Arthropoda","Insecta","Diptera","Simuliidae","Simuliinae","Simuliini","Simulium","","0","99.69"
"CBAY0046_BF_J","FISIM186-11[BOLD:AAB0056]","Arthropoda","Insecta","Diptera","Simuliidae","Simuliinae","Simuliini","Simulium","Simulium noelleri","0","99.69"
"CBAY0046_BF_J","NLSIM1117-20[BOLD:AAB0056]","Arthropoda","Insecta","Diptera","Simuliidae","Simuliinae","Simuliini","Simulium","Simulium noelleri","0","99.69"
"CBAY0046_BF_J","NOSIM028-10[BOLD:AAB0056]","Arthropoda","Insecta","Diptera","Simuliidae","Simuliinae","Simuliini","Simulium","Simulium noelleri","0","99.69"
"CBAY0046_BF_J","BSNHM1834-25[BOLD:AAB0056]","Arthropoda","Insecta","Diptera","Simuliidae","","","","","0","99.54"
"CBAY0046_BF_J","FISIM190-11[BOLD:AAB0056]","Arthropoda","Insecta","Diptera","Simuliidae","Simuliinae","Simuliini","Simulium","Simulium noelleri","0","99.54"
"CBAY0046_BF_J","FISIM220-11[BOLD:AAB0056]","Arthropoda","Insecta","Diptera","Simuliidae","Simuliinae","Simuliini","Simulium","Simulium noelleri","0","99.54"
"CBAY0046_BF_J","FISIM222-11[BOLD:AAB0056]","Arthropoda","Insecta","Diptera","Simuliidae","Simuliinae","Simuliini","Simulium","Simulium noelleri","0","99.54"
"CBAY0046_BF_J","GBMIN61294-17[BOLD:AAB0056]","Arthropoda","Insecta","Diptera","Simuliidae","Simuliinae","Simuliini","Simulium","Simulium noelleri","0","99.54"
"CBAY0046_BF_J","GBMIN61296-17[BOLD:AAB0056]","Arthropoda","Insecta","Diptera","Simuliidae","Simuliinae","Simuliini","Simulium","Simulium noelleri","0","99.54"
"CBAY0046_BF_J","GMBSR1441-18[BOLD:AAB0056]","Arthropoda","Insecta","Diptera","Simuliidae","Simuliinae","Simuliini","Simulium","","0","99.39"
"CBAY0046_BF_J","GBMIN61293-17[BOLD:AAB0056]","Arthropoda","Insecta","Diptera","Simuliidae","Simuliinae","Simuliini","Simulium","Simulium noelleri","0","99.39"
"CBAY0046_BF_J","NBGW14771-25[BOLD:AAB0056]","Arthropoda","Insecta","Diptera","Simuliidae","Simuliinae","Simuliini","Simulium","Simulium noelleri","0","99.39"
"CBAY0046_BF_J","GBMIN61292-17[BOLD:AAB0056]","Arthropoda","Insecta","Diptera","Simuliidae","Simuliinae","Simuliini","Simulium","Simulium noelleri","0","99.24"
"CBAY0048_BF_I","DNARB2346-23[BOLD:AAD1867]","Arthropoda","Insecta","Diptera","Simuliidae","Simuliinae","Simuliini","Simulium","Simulium subpusillum","0","100.00"
"CBAY0048_BF_I","DNARB3681-23[BOLD:AAD1867]","Arthropoda","Insecta","Diptera","Simuliidae","Simuliinae","Simuliini","Simulium","Simulium subpusillum","0","100.00"
"CBAY0048_BF_I","FCHAR4864-19[BOLD:AAD1867]","Arthropoda","Insecta","Diptera","Simuliidae","Simuliinae","Simuliini","Simulium","Simulium subpusillum","0","100.00"
"CBAY0048_BF_I","FCHAR7957-19[BOLD:AAD1867]","Arthropoda","Insecta","Diptera","Simuliidae","Simuliinae","Simuliini","Simulium","Simulium subpusillum","0","100.00"
"CBAY0048_BF_I","MCHAA1053-19[BOLD:AAD1867]","Arthropoda","Insecta","Diptera","Simuliidae","Simuliinae","Simuliini","Simulium","Simulium subpusillum","0","100.00"
"CBAY0048_BF_I","MCHAA1089-19[BOLD:AAD1867]","Arthropoda","Insecta","Diptera","Simuliidae","Simuliinae","Simuliini","Simulium","Simulium subpusillum","0","100.00"
"CBAY0048_BF_I","MCHAA1101-19[BOLD:AAD1867]","Arthropoda","Insecta","Diptera","Simuliidae","Simuliinae","Simuliini","Simulium","Simulium subpusillum","0","100.00"
"CBAY0048_BF_I","MCHAA1362-19[BOLD:AAD1867]","Arthropoda","Insecta","Diptera","Simuliidae","Simuliinae","Simuliini","Simulium","Simulium subpusillum","0","100.00"
"CBAY0048_BF_I","MCHAA441-19[BOLD:AAD1867]","Arthropoda","Insecta","Diptera","Simuliidae","Simuliinae","Simuliini","Simulium","Simulium subpusillum","0","100.00"
"CBAY0048_BF_I","MCHAB331-19[BOLD:AAD1867]","Arthropoda","Insecta","Diptera","Simuliidae","Simuliinae","Simuliini","Simulium","Simulium subpusillum","0","100.00"
"CBAY0048_BF_I","MCHAB677-19[BOLD:AAD1867]","Arthropoda","Insecta","Diptera","Simuliidae","Simuliinae","Simuliini","Simulium","Simulium subpusillum","0","100.00"
"CBAY0048_BF_I","MCHAB882-19[BOLD:AAD1867]","Arthropoda","Insecta","Diptera","Simuliidae","Simuliinae","Simuliini","Simulium","Simulium subpusillum","0","100.00"
"CBAY0048_BF_I","MCHAB945-19[BOLD:AAD1867]","Arthropoda","Insecta","Diptera","Simuliidae","Simuliinae","Simuliini","Simulium","Simulium subpusillum","0","100.00"
"CBAY0048_BF_I","MCHAC345-19[BOLD:AAD1867]","Arthropoda","Insecta","Diptera","Simuliidae","Simuliinae","Simuliini","Simulium","Simulium subpusillum","0","100.00"
"CBAY0048_BF_I","MCHAC585-19[BOLD:AAD1867]","Arthropoda","Insecta","Diptera","Simuliidae","Simuliinae","Simuliini","Simulium","Simulium subpusillum","0","100.00"
"CBAY0048_BF_I","MCHAD1446-19[BOLD:AAD1867]","Arthropoda","Insecta","Diptera","Simuliidae","Simuliinae","Simuliini","Simulium","Simulium subpusillum","0","100.00"
"CBAY0048_BF_I","MCHAD1533-19[BOLD:AAD1867]","Arthropoda","Insecta","Diptera","Simuliidae","Simuliinae","Simuliini","Simulium","Simulium subpusillum","0","100.00"
"CBAY0048_BF_I","MCHAD821-19[BOLD:AAD1867]","Arthropoda","Insecta","Diptera","Simuliidae","Simuliinae","Simuliini","Simulium","Simulium subpusillum","0","100.00"
"CBAY0048_BF_I","POLCO126-20[BOLD:AAD1867]","Arthropoda","Insecta","Diptera","Simuliidae","Simuliinae","Simuliini","Simulium","Simulium subpusillum","0","100.00"
"CBAY0048_BF_I","MCHAB854-19[BOLD:AAD1867]","Arthropoda","Insecta","Diptera","Simuliidae","Simuliinae","Simuliini","Simulium","Simulium subpusillum","0","99.85"
"CBAY0048_BF_I","MCHAC2233-19[BOLD:AAD1867]","Arthropoda","Insecta","Diptera","Simuliidae","Simuliinae","Simuliini","Simulium","Simulium subpusillum","0","99.85"
"CBAY0048_BF_I","MCHAC612-19[BOLD:AAD1867]","Arthropoda","Insecta","Diptera","Simuliidae","Simuliinae","Simuliini","Simulium","Simulium subpusillum","0","99.85"
"CBAY0048_BF_I","MCHAC662-19[BOLD:AAD1867]","Arthropoda","Insecta","Diptera","Simuliidae","Simuliinae","Simuliini","Simulium","Simulium subpusillum","0","99.85"
"CBAY0048_BF_I","MCHAC680-19[BOLD:AAD1867]","Arthropoda","Insecta","Diptera","Simuliidae","Simuliinae","Simuliini","Simulium","Simulium subpusillum","0","99.85"
"CBAY0048_BF_I","MCHAD1347-19[BOLD:AAD1867]","Arthropoda","Insecta","Diptera","Simuliidae","Simuliinae","Simuliini","Simulium","Simulium subpusillum","0","99.85"
"CBAY0051_BF_A","CBAYB411-23[BOLD:ACR3914]","Arthropoda","Insecta","Diptera","Simuliidae","Simuliinae","Simuliini","Simulium","","0","100.00"
"CBAY0051_BF_A","CNTUA1389-14[BOLD:ACR3914]","Arthropoda","Insecta","Diptera","Simuliidae","Simuliinae","Simuliini","Simulium","","0","100.00"
"CBAY0051_BF_A","MCHAA399-19[BOLD:ACR3914]","Arthropoda","Insecta","Diptera","Simuliidae","Simuliinae","Simuliini","Simulium","","0","100.00"
"CBAY0051_BF_A","MCHAA666-19[BOLD:ACR3914]","Arthropoda","Insecta","Diptera","Simuliidae","Simuliinae","Simuliini","Simulium","","0","100.00"
"CBAY0051_BF_A","MCHAC2246-19[BOLD:ACR3914]","Arthropoda","Insecta","Diptera","Simuliidae","Simuliinae","Simuliini","Simulium","","0","100.00"
"CBAY0051_BF_A","MCHAD1334-19[BOLD:ACR3914]","Arthropoda","Insecta","Diptera","Simuliidae","Simuliinae","Simuliini","Simulium","","0","100.00"
"CBAY0051_BF_A","MCHAE161-19[BOLD:ACR3914]","Arthropoda","Insecta","Diptera","Simuliidae","Simuliinae","Simuliini","Simulium","","0","100.00"
"CBAY0051_BF_A","MCHAA690-19[BOLD:ACR3914]","Arthropoda","Insecta","Diptera","Simuliidae","Simuliinae","Simuliini","Simulium","","1","100.00"
"CBAY0051_BF_A","CNTUA1373-14[BOLD:ACR3914]","Arthropoda","Insecta","Diptera","Simuliidae","Simuliinae","Simuliini","Simulium","","0","99.85"
"CBAY0051_BF_A","MCHAC567-19[BOLD:ACR3914]","Arthropoda","Insecta","Diptera","Simuliidae","Simuliinae","Simuliini","Simulium","","0","99.69"
"CBAY0051_BF_A","CNTUA1304-14[BOLD:ACR3914]","Arthropoda","Insecta","Diptera","Simuliidae","Simuliinae","Simuliini","Simulium","","0","99.39"
"CBAY0051_BF_A","NOSIM031-10[BOLD:AAE1413]","Arthropoda","Insecta","Diptera","Simuliidae","Simuliinae","Simuliini","Simulium","Simulium pusillum","0","95.19"
"CBAY0051_BF_A","NOSIM032-10[BOLD:AAE1413]","Arthropoda","Insecta","Diptera","Simuliidae","Simuliinae","Simuliini","Simulium","Simulium pusillum","0","95.19"
"CBAY0051_BF_A","NOSIM030-10[BOLD:AAE1413]","Arthropoda","Insecta","Diptera","Simuliidae","Simuliinae","Simuliini","Simulium","Simulium pusillum","0","94.88"
"CBAY0051_BF_A","NOSIM033-10[BOLD:AAE1413]","Arthropoda","Insecta","Diptera","Simuliidae","Simuliinae","Simuliini","Simulium","Simulium pusillum","0","94.88"
"CBAY0051_BF_A","SIIP8864-24[BOLD:AAE1413]","Arthropoda","Insecta","Diptera","Simuliidae","","","","","0","94.83"
"CBAY0051_BF_A","BSNHM5613-25[BOLD:AAE1413]","Arthropoda","Insecta","Diptera","","","","","","0","94.82"
"CBAY0051_BF_A","ACB437-06[BOLD:AAE1413]","Arthropoda","Insecta","Diptera","Simuliidae","Simuliinae","Simuliini","Simulium","Simulium pusillum","0","94.82"
"CBAY0051_BF_A","LPKIL1199-22[BOLD:AAE1413]","Arthropoda","Insecta","Diptera","Simuliidae","Simuliinae","Simuliini","Simulium","Simulium pusillum","0","94.78"
"CBAY0051_BF_A","FISIM109-11[BOLD:AAE1413]","Arthropoda","Insecta","Diptera","Simuliidae","Simuliinae","Simuliini","Simulium","Simulium pusillum","0","94.07"
"CBAY0056_BF_B","DNARC453-19[BOLD:AAD1867]","Arthropoda","Insecta","Diptera","Simuliidae","Simuliinae","Simuliini","Simulium","Simulium subpusillum","0","100.00"
"CBAY0056_BF_B","MCHAA425-19[BOLD:AAD1867]","Arthropoda","Insecta","Diptera","Simuliidae","Simuliinae","Simuliini","Simulium","Simulium subpusillum","0","100.00"
"CBAY0056_BF_B","MCHAC2210-19[BOLD:AAD1867]","Arthropoda","Insecta","Diptera","Simuliidae","Simuliinae","Simuliini","Simulium","Simulium subpusillum","0","100.00"
"CBAY0056_BF_B","MCHAC2239-19[BOLD:AAD1867]","Arthropoda","Insecta","Diptera","Simuliidae","Simuliinae","Simuliini","Simulium","Simulium subpusillum","0","100.00"
"CBAY0056_BF_B","MCHAD684-19[BOLD:AAD1867]","Arthropoda","Insecta","Diptera","Simuliidae","Simuliinae","Simuliini","Simulium","Simulium subpusillum","0","100.00"
"CBAY0056_BF_B","MCHAE1073-19[BOLD:AAD1867]","Arthropoda","Insecta","Diptera","Simuliidae","Simuliinae","Simuliini","Simulium","Simulium subpusillum","0","100.00"
"CBAY0056_BF_B","MCHAE650-19[BOLD:AAD1867]","Arthropoda","Insecta","Diptera","Simuliidae","Simuliinae","Simuliini","Simulium","Simulium subpusillum","0","100.00"
"CBAY0056_BF_B","MCHAA1363-19[BOLD:AAD1867]","Arthropoda","Insecta","Diptera","Simuliidae","Simuliinae","Simuliini","Simulium","Simulium subpusillum","0","99.85"
"CBAY0056_BF_B","MCHAB298-19[BOLD:AAD1867]","Arthropoda","Insecta","Diptera","Simuliidae","Simuliinae","Simuliini","Simulium","Simulium subpusillum","0","99.85"
"CBAY0056_BF_B","MCHAC2272-19[BOLD:AAD1867]","Arthropoda","Insecta","Diptera","Simuliidae","Simuliinae","Simuliini","Simulium","Simulium subpusillum","0","99.85"
"CBAY0056_BF_B","MCHAC487-19[BOLD:AAD1867]","Arthropoda","Insecta","Diptera","Simuliidae","Simuliinae","Simuliini","Simulium","Simulium subpusillum","0","99.85"
"CBAY0056_BF_B","MCHAC680-19[BOLD:AAD1867]","Arthropoda","Insecta","Diptera","Simuliidae","Simuliinae","Simuliini","Simulium","Simulium subpusillum","0","99.85"
"CBAY0056_BF_B","MCHAD1375-19[BOLD:AAD1867]","Arthropoda","Insecta","Diptera","Simuliidae","Simuliinae","Simuliini","Simulium","Simulium subpusillum","0","99.85"
"CBAY0056_BF_B","MCHAD1461-19[BOLD:AAD1867]","Arthropoda","Insecta","Diptera","Simuliidae","Simuliinae","Simuliini","Simulium","Simulium subpusillum","0","99.85"
"CBAY0056_BF_B","MCHAE1057-19[BOLD:AAD1867]","Arthropoda","Insecta","Diptera","Simuliidae","Simuliinae","Simuliini","Simulium","Simulium subpusillum","0","99.85"
"CBAY0056_BF_B","MCHAE671-19[BOLD:AAD1867]","Arthropoda","Insecta","Diptera","Simuliidae","Simuliinae","Simuliini","Simulium","Simulium subpusillum","0","99.85"
"CBAY0056_BF_B","POLCO122-20[BOLD:AAD1867]","Arthropoda","Insecta","Diptera","Simuliidae","Simuliinae","Simuliini","Simulium","Simulium subpusillum","0","99.85"
"CBAY0056_BF_B","FCHAR4864-19[BOLD:AAD1867]","Arthropoda","Insecta","Diptera","Simuliidae","Simuliinae","Simuliini","Simulium","Simulium subpusillum","0","99.70"
"CBAY0056_BF_B","MCHAA1053-19[BOLD:AAD1867]","Arthropoda","Insecta","Diptera","Simuliidae","Simuliinae","Simuliini","Simulium","Simulium subpusillum","0","99.70"
"CBAY0056_BF_B","MCHAA1101-19[BOLD:AAD1867]","Arthropoda","Insecta","Diptera","Simuliidae","Simuliinae","Simuliini","Simulium","Simulium subpusillum","0","99.70"
"CBAY0056_BF_B","MCHAB882-19[BOLD:AAD1867]","Arthropoda","Insecta","Diptera","Simuliidae","Simuliinae","Simuliini","Simulium","Simulium subpusillum","0","99.70"
"CBAY0056_BF_B","MCHAD1533-19[BOLD:AAD1867]","Arthropoda","Insecta","Diptera","Simuliidae","Simuliinae","Simuliini","Simulium","Simulium subpusillum","0","99.70"
"CBAY0056_BF_B","MCHAD821-19[BOLD:AAD1867]","Arthropoda","Insecta","Diptera","Simuliidae","Simuliinae","Simuliini","Simulium","Simulium subpusillum","0","99.70"
"CBAY0056_BF_B","MCHAB945-19[BOLD:AAD1867]","Arthropoda","Insecta","Diptera","Simuliidae","Simuliinae","Simuliini","Simulium","Simulium subpusillum","0","99.69"
"CBAY0056_BF_B","MCHAC345-19[BOLD:AAD1867]","Arthropoda","Insecta","Diptera","Simuliidae","Simuliinae","Simuliini","Simulium","Simulium subpusillum","0","99.69"
"CBAY0062_BF_B","AKLEP1294-26","Arthropoda","Insecta","Diptera","","","","","","0","100.00"
"CBAY0062_BF_B","AKLEP1247-26","Arthropoda","Insecta","Diptera","Simuliidae","Simuliinae","Simuliini","Simulium","","0","100.00"
"CBAY0062_BF_B","AKLEP1013-25[BOLD:ACZ4859]","Arthropoda","Insecta","Diptera","Simuliidae","Simuliinae","Simuliini","Simulium","Simulium decorum","0","100.00"
"CBAY0062_BF_B","TTDBW687-09[BOLD:ACZ4859]","Arthropoda","Insecta","Diptera","Simuliidae","Simuliinae","Simuliini","Simulium","Simulium decorum","0","100.00"
"CBAY0062_BF_B","AKLEP1245-26","Arthropoda","Insecta","Diptera","Simuliidae","Simuliinae","Simuliini","Simulium","","0","99.85"
"CBAY0062_BF_B","THAK790-18[BOLD:ACZ4859]","Arthropoda","Insecta","Diptera","Simuliidae","Simuliinae","Simuliini","Simulium","","0","99.85"
"CBAY0062_BF_B","INRMA3277-19[BOLD:ACZ4859]","Arthropoda","Insecta","Diptera","Simuliidae","Simuliinae","Simuliini","Simulium","Simulium arcticum","0","99.85"
"CBAY0062_BF_B","AKLEP1014-25[BOLD:ACZ4859]","Arthropoda","Insecta","Diptera","Simuliidae","Simuliinae","Simuliini","Simulium","Simulium decorum","0","99.85"
"CBAY0062_BF_B","AKLEP1058-25[BOLD:ACZ4859]","Arthropoda","Insecta","Diptera","Simuliidae","Simuliinae","Simuliini","Simulium","Simulium decorum","0","99.85"
"CBAY0062_BF_B","AKLEP1228-25[BOLD:ACZ4859]","Arthropoda","Insecta","Diptera","Simuliidae","Simuliinae","Simuliini","Simulium","Simulium decorum","0","99.85"
"CBAY0062_BF_B","MHFLY050-06[BOLD:ACZ4859]","Arthropoda","Insecta","Diptera","Simuliidae","Simuliinae","Simuliini","Simulium","Simulium decorum","0","99.85"
"CBAY0062_BF_B","NBPSI183-11[BOLD:ACZ4859]","Arthropoda","Insecta","Diptera","Simuliidae","Simuliinae","Simuliini","Simulium","Simulium decorum","0","99.85"
"CBAY0062_BF_B","AKLEP1130-25[BOLD:ACZ4859]","Arthropoda","Insecta","Diptera","Simuliidae","Simuliinae","Simuliini","Simulium","Simulium sp.","0","99.85"
"CBAY0062_BF_B","AKLEP1242-26","Arthropoda","Insecta","Diptera","Simuliidae","Simuliinae","Simuliini","Simulium","","0","99.70"
"CBAY0062_BF_B","AKLEP1270-26","Arthropoda","Insecta","Diptera","Simuliidae","Simuliinae","Simuliini","Simulium","","0","99.70"
"CBAY0062_BF_B","POROM152-19[BOLD:ACZ4859]","Arthropoda","Insecta","Diptera","Simuliidae","Simuliinae","Simuliini","Simulium","","0","99.70"
"CBAY0062_BF_B","BBDCM487-10[BOLD:ACZ4859]","Arthropoda","Insecta","Diptera","Simuliidae","Simuliinae","Simuliini","Simulium","Simulium decorum","0","99.70"
"CBAY0062_BF_B","BBDCQ700-10[BOLD:ACZ4859]","Arthropoda","Insecta","Diptera","Simuliidae","Simuliinae","Simuliini","Simulium","Simulium decorum","0","99.70"
"CBAY0062_BF_B","MHFLY110-07[BOLD:ACZ4859]","Arthropoda","Insecta","Diptera","Simuliidae","Simuliinae","Simuliini","Simulium","Simulium decorum","0","99.69"
"CBAY0062_BF_B","NBPSI181-11[BOLD:ACZ4859]","Arthropoda","Insecta","Diptera","Simuliidae","Simuliinae","Simuliini","Simulium","Simulium decorum","0","99.54"
"CBAY0062_BF_B","ASDIP528-15[BOLD:ACZ4859]","Arthropoda","Insecta","Diptera","Simuliidae","Simuliinae","Simuliini","Simulium","Simulium decorum","0","99.39"
"CBAY0062_BF_B","NBPSI008-11[BOLD:ACZ4859]","Arthropoda","Insecta","Diptera","Simuliidae","Simuliinae","Simuliini","Simulium","Simulium decorum","0","99.39"
"CBAY0062_BF_B","NBPSI036-11[BOLD:ACZ4859]","Arthropoda","Insecta","Diptera","Simuliidae","Simuliinae","Simuliini","Simulium","Simulium decorum","0","99.39"
"CBAY0062_BF_B","NBPSI103-11[BOLD:ACZ4859]","Arthropoda","Insecta","Diptera","Simuliidae","Simuliinae","Simuliini","Simulium","Simulium decorum","0","99.39"
"CBAY0062_BF_B","NBPSI105-11[BOLD:ACZ4859]","Arthropoda","Insecta","Diptera","Simuliidae","Simuliinae","Simuliini","Simulium","Simulium decorum","0","99.39"
"CBAY0065_BF_I","CBAYB411-23[BOLD:ACR3914]","Arthropoda","Insecta","Diptera","Simuliidae","Simuliinae","Simuliini","Simulium","","0","99.69"
"CBAY0065_BF_I","MCHAA399-19[BOLD:ACR3914]","Arthropoda","Insecta","Diptera","Simuliidae","Simuliinae","Simuliini","Simulium","","0","99.69"
"CBAY0065_BF_I","MCHAA666-19[BOLD:ACR3914]","Arthropoda","Insecta","Diptera","Simuliidae","Simuliinae","Simuliini","Simulium","","0","99.69"
"CBAY0065_BF_I","MCHAC2246-19[BOLD:ACR3914]","Arthropoda","Insecta","Diptera","Simuliidae","Simuliinae","Simuliini","Simulium","","0","99.69"
"CBAY0065_BF_I","MCHAC567-19[BOLD:ACR3914]","Arthropoda","Insecta","Diptera","Simuliidae","Simuliinae","Simuliini","Simulium","","0","99.69"
"CBAY0065_BF_I","MCHAD1334-19[BOLD:ACR3914]","Arthropoda","Insecta","Diptera","Simuliidae","Simuliinae","Simuliini","Simulium","","0","99.69"
"CBAY0065_BF_I","MCHAE161-19[BOLD:ACR3914]","Arthropoda","Insecta","Diptera","Simuliidae","Simuliinae","Simuliini","Simulium","","0","99.69"
"CBAY0065_BF_I","MCHAA690-19[BOLD:ACR3914]","Arthropoda","Insecta","Diptera","Simuliidae","Simuliinae","Simuliini","Simulium","","1","99.69"
"CBAY0065_BF_I","CNTUA1389-14[BOLD:ACR3914]","Arthropoda","Insecta","Diptera","Simuliidae","Simuliinae","Simuliini","Simulium","","0","99.66"
"CBAY0065_BF_I","CNTUA1373-14[BOLD:ACR3914]","Arthropoda","Insecta","Diptera","Simuliidae","Simuliinae","Simuliini","Simulium","","0","99.54"
"CBAY0065_BF_I","CNTUA1304-14[BOLD:ACR3914]","Arthropoda","Insecta","Diptera","Simuliidae","Simuliinae","Simuliini","Simulium","","0","99.09"
"CBAY0065_BF_I","NOSIM031-10[BOLD:AAE1413]","Arthropoda","Insecta","Diptera","Simuliidae","Simuliinae","Simuliini","Simulium","Simulium pusillum","0","94.88"
"CBAY0065_BF_I","NOSIM032-10[BOLD:AAE1413]","Arthropoda","Insecta","Diptera","Simuliidae","Simuliinae","Simuliini","Simulium","Simulium pusillum","0","94.88"
"CBAY0065_BF_I","ACB437-06[BOLD:AAE1413]","Arthropoda","Insecta","Diptera","Simuliidae","Simuliinae","Simuliini","Simulium","Simulium pusillum","0","94.66"
"CBAY0065_BF_I","NOSIM030-10[BOLD:AAE1413]","Arthropoda","Insecta","Diptera","Simuliidae","Simuliinae","Simuliini","Simulium","Simulium pusillum","0","94.57"
"CBAY0065_BF_I","NOSIM033-10[BOLD:AAE1413]","Arthropoda","Insecta","Diptera","Simuliidae","Simuliinae","Simuliini","Simulium","Simulium pusillum","0","94.57"
"CBAY0065_BF_I","SIIP8864-24[BOLD:AAE1413]","Arthropoda","Insecta","Diptera","Simuliidae","","","","","0","94.53"
"CBAY0065_BF_I","BSNHM5613-25[BOLD:AAE1413]","Arthropoda","Insecta","Diptera","","","","","","0","94.51"
"CBAY0065_BF_I","LPKIL1199-22[BOLD:AAE1413]","Arthropoda","Insecta","Diptera","Simuliidae","Simuliinae","Simuliini","Simulium","Simulium pusillum","0","94.47"
"CBAY0078_BF_A","GCHAR705-19[BOLD:AAB0056]","Arthropoda","Insecta","Diptera","Simuliidae","Simuliinae","Simuliini","Simulium","","0","100.00"
"CBAY0078_BF_A","GCHAR706-19[BOLD:AAB0056]","Arthropoda","Insecta","Diptera","Simuliidae","Simuliinae","Simuliini","Simulium","","0","100.00"
"CBAY0078_BF_A","JWDCJ1479-11[BOLD:AAB0056]","Arthropoda","Insecta","Diptera","Simuliidae","Simuliinae","Simuliini","Simulium","Simulium noelleri","0","100.00"
"CBAY0078_BF_A","GCHAR707-19[BOLD:AAB0056]","Arthropoda","Insecta","Diptera","Simuliidae","Simuliinae","Simuliini","Simulium","","0","99.85"
"CBAY0078_BF_A","JWDCH700-10[BOLD:AAB0056]","Arthropoda","Insecta","Diptera","Simuliidae","Simuliinae","Simuliini","Simulium","Simulium noelleri","0","99.85"
"CBAY0078_BF_A","BAYS1666-24[BOLD:AAB0056]","Arthropoda","Insecta","Diptera","Simuliidae","Simuliinae","Simuliini","Simulium","Simulium noelleri","0","99.70"
"CBAY0078_BF_A","DTNHM2297-21[BOLD:AAB0056]","Arthropoda","Insecta","Diptera","Simuliidae","Simuliinae","Simuliini","Simulium","Simulium noelleri","0","99.70"
"CBAY0078_BF_A","GBAAZ6647-24[BOLD:AAB0056]","Arthropoda","Insecta","Diptera","Simuliidae","Simuliinae","Simuliini","Simulium","Simulium noelleri","0","99.70"
"CBAY0078_BF_A","GBMIN61291-17[BOLD:AAB0056]","Arthropoda","Insecta","Diptera","Simuliidae","Simuliinae","Simuliini","Simulium","Simulium noelleri","0","99.70"
"CBAY0078_BF_A","NLSIM747-18[BOLD:AAB0056]","Arthropoda","Insecta","Diptera","Simuliidae","Simuliinae","Simuliini","Simulium","Simulium noelleri","0","99.70"
"CBAY0078_BF_A","TOYEN076-15[BOLD:AAB0056]","Arthropoda","Insecta","Diptera","Simuliidae","Simuliinae","Simuliini","Simulium","Simulium sp. LOH_1","0","99.70"
"CBAY0078_BF_A","GMGMR2047-18[BOLD:AAB0056]","Arthropoda","Insecta","Diptera","Simuliidae","Simuliinae","Simuliini","Simulium","","0","99.69"
"CBAY0078_BF_A","FISIM186-11[BOLD:AAB0056]","Arthropoda","Insecta","Diptera","Simuliidae","Simuliinae","Simuliini","Simulium","Simulium noelleri","0","99.69"
"CBAY0078_BF_A","NLSIM1117-20[BOLD:AAB0056]","Arthropoda","Insecta","Diptera","Simuliidae","Simuliinae","Simuliini","Simulium","Simulium noelleri","0","99.69"
"CBAY0078_BF_A","NOSIM028-10[BOLD:AAB0056]","Arthropoda","Insecta","Diptera","Simuliidae","Simuliinae","Simuliini","Simulium","Simulium noelleri","0","99.69"
"CBAY0078_BF_A","BSNHM1834-25[BOLD:AAB0056]","Arthropoda","Insecta","Diptera","Simuliidae","","","","","0","99.54"
"CBAY0078_BF_A","FISIM190-11[BOLD:AAB0056]","Arthropoda","Insecta","Diptera","Simuliidae","Simuliinae","Simuliini","Simulium","Simulium noelleri","0","99.54"
"CBAY0078_BF_A","FISIM220-11[BOLD:AAB0056]","Arthropoda","Insecta","Diptera","Simuliidae","Simuliinae","Simuliini","Simulium","Simulium noelleri","0","99.54"
"CBAY0078_BF_A","FISIM222-11[BOLD:AAB0056]","Arthropoda","Insecta","Diptera","Simuliidae","Simuliinae","Simuliini","Simulium","Simulium noelleri","0","99.54"
"CBAY0078_BF_A","GBMIN61294-17[BOLD:AAB0056]","Arthropoda","Insecta","Diptera","Simuliidae","Simuliinae","Simuliini","Simulium","Simulium noelleri","0","99.54"
"CBAY0078_BF_A","GBMIN61296-17[BOLD:AAB0056]","Arthropoda","Insecta","Diptera","Simuliidae","Simuliinae","Simuliini","Simulium","Simulium noelleri","0","99.54"
"CBAY0078_BF_A","GMBSR1441-18[BOLD:AAB0056]","Arthropoda","Insecta","Diptera","Simuliidae","Simuliinae","Simuliini","Simulium","","0","99.39"
"CBAY0078_BF_A","GBMIN61293-17[BOLD:AAB0056]","Arthropoda","Insecta","Diptera","Simuliidae","Simuliinae","Simuliini","Simulium","Simulium noelleri","0","99.39"
"CBAY0078_BF_A","NBGW14771-25[BOLD:AAB0056]","Arthropoda","Insecta","Diptera","Simuliidae","Simuliinae","Simuliini","Simulium","Simulium noelleri","0","99.39"
"CBAY0078_BF_A","GBMIN61292-17[BOLD:AAB0056]","Arthropoda","Insecta","Diptera","Simuliidae","Simuliinae","Simuliini","Simulium","Simulium noelleri","0","99.24"
"CBAY0078_BF_B","AMCAM151-20[BOLD:AAC0365]","Arthropoda","Insecta","Diptera","Simuliidae","Simuliinae","Simuliini","Simulium","Simulium decimatum","0","100.00"
"CBAY0078_BF_B","AMCAM170-20[BOLD:AAC0365]","Arthropoda","Insecta","Diptera","Simuliidae","Simuliinae","Simuliini","Simulium","Simulium decimatum","0","100.00"
"CBAY0078_BF_B","AMCAM221-20[BOLD:AAC0365]","Arthropoda","Insecta","Diptera","Simuliidae","Simuliinae","Simuliini","Simulium","Simulium decimatum","0","100.00"
"CBAY0078_BF_B","AMCAM263-20[BOLD:AAC0365]","Arthropoda","Insecta","Diptera","Simuliidae","Simuliinae","Simuliini","Simulium","Simulium decimatum","0","100.00"
"CBAY0078_BF_B","AMCAM268-20[BOLD:AAC0365]","Arthropoda","Insecta","Diptera","Simuliidae","Simuliinae","Simuliini","Simulium","Simulium decimatum","0","100.00"
"CBAY0078_BF_B","AMCAM308-20[BOLD:AAC0365]","Arthropoda","Insecta","Diptera","Simuliidae","Simuliinae","Simuliini","Simulium","Simulium decimatum","0","100.00"
"CBAY0078_BF_B","AMCAM314-20[BOLD:AAC0365]","Arthropoda","Insecta","Diptera","Simuliidae","Simuliinae","Simuliini","Simulium","Simulium decimatum","0","100.00"
"CBAY0078_BF_B","AMCAM361-20[BOLD:AAC0365]","Arthropoda","Insecta","Diptera","Simuliidae","Simuliinae","Simuliini","Simulium","Simulium decimatum","0","100.00"
"CBAY0078_BF_B","AMCAM366-20[BOLD:AAC0365]","Arthropoda","Insecta","Diptera","Simuliidae","Simuliinae","Simuliini","Simulium","Simulium decimatum","0","100.00"
"CBAY0078_BF_B","JWDCH895-10[BOLD:AAC0365]","Arthropoda","Insecta","Diptera","Simuliidae","Simuliinae","Simuliini","Simulium","Simulium decimatum","0","100.00"
"CBAY0078_BF_B","MCHAC238-19[BOLD:AAC0365]","Arthropoda","Insecta","Diptera","Simuliidae","Simuliinae","Simuliini","Simulium","Simulium decimatum","0","100.00"
"CBAY0078_BF_B","AMCAM084-20[BOLD:AAC0365]","Arthropoda","Insecta","Diptera","Simuliidae","Simuliinae","Simuliini","Simulium","Simulium decimatum","0","99.85"
"CBAY0078_BF_B","AMCAM104-20[BOLD:AAC0365]","Arthropoda","Insecta","Diptera","Simuliidae","Simuliinae","Simuliini","Simulium","Simulium decimatum","0","99.85"
"CBAY0078_BF_B","AMCAM213-20[BOLD:AAC0365]","Arthropoda","Insecta","Diptera","Simuliidae","Simuliinae","Simuliini","Simulium","Simulium decimatum","0","99.85"
"CBAY0078_BF_B","AMCAM256-20[BOLD:AAC0365]","Arthropoda","Insecta","Diptera","Simuliidae","Simuliinae","Simuliini","Simulium","Simulium decimatum","0","99.85"
"CBAY0078_BF_B","AMCAM327-20[BOLD:AAC0365]","Arthropoda","Insecta","Diptera","Simuliidae","Simuliinae","Simuliini","Simulium","Simulium decimatum","0","99.85"
"CBAY0078_BF_B","MCHAA538-19[BOLD:AAC0365]","Arthropoda","Insecta","Diptera","Simuliidae","Simuliinae","Simuliini","Simulium","Simulium decimatum","0","99.85"
"CBAY0078_BF_B","MCHAE735-19[BOLD:AAC0365]","Arthropoda","Insecta","Diptera","Simuliidae","Simuliinae","Simuliini","Simulium","Simulium decimatum","0","99.85"
"CBAY0078_BF_B","MHFLY258-07[BOLD:AAC0365]","Arthropoda","Insecta","Diptera","Simuliidae","Simuliinae","Simuliini","Simulium","Simulium decimatum","0","99.85"
"CBAY0078_BF_B","AMCAM094-20[BOLD:AAC0365]","Arthropoda","Insecta","Diptera","Simuliidae","Simuliinae","Simuliini","Simulium","Simulium decimatum","0","99.70"
"CBAY0078_BF_B","AMCAM056-20[BOLD:AAC0365]","Arthropoda","Insecta","Diptera","Simuliidae","Simuliinae","Simuliini","Simulium","Simulium decimatum","0","99.69"
"CBAY0078_BF_B","AMCAM070-20[BOLD:AAC0365]","Arthropoda","Insecta","Diptera","Simuliidae","Simuliinae","Simuliini","Simulium","Simulium decimatum","0","99.69"
"CBAY0078_BF_B","AMCAM255-20[BOLD:AAC0365]","Arthropoda","Insecta","Diptera","Simuliidae","Simuliinae","Simuliini","Simulium","Simulium decimatum","0","99.69"
"CBAY0078_BF_B","GCHAR742-19[BOLD:AAC0365]","Arthropoda","Insecta","Diptera","Simuliidae","Simuliinae","Simuliini","Simulium","Simulium decimatum","0","99.69"
"CBAY0078_BF_B","MCHAC1604-19[BOLD:AAC0365]","Arthropoda","Insecta","Diptera","Simuliidae","Simuliinae","Simuliini","Simulium","Simulium decimatum","0","99.69"
"CBAY0084_BF_A","UCOL470-23[BOLD:AAA4121]","Arthropoda","Insecta","Diptera","Simuliidae","Simuliinae","Simuliini","Simulium","Simulium vittatum","0","99.85"
"CBAY0084_BF_A","CIOSJ31953-24[BOLD:AAA4121]","Arthropoda","Insecta","Diptera","Simuliidae","Simuliinae","Simuliini","Simulium","","0","99.70"
"CBAY0084_BF_A","CIOSJ38284-24[BOLD:AAA4121]","Arthropoda","Insecta","Diptera","Simuliidae","Simuliinae","Simuliini","Simulium","","0","99.70"
"CBAY0084_BF_A","CISSB9082-23[BOLD:AAA4121]","Arthropoda","Insecta","Diptera","Simuliidae","Simuliinae","Simuliini","Simulium","","0","99.70"
"CBAY0084_BF_A","BSNHM5596-25[BOLD:AAA4121]","Arthropoda","Insecta","Diptera","Simuliidae","Simuliinae","Simuliini","Simulium","Simulium vittatum","0","99.70"
"CBAY0084_BF_A","NBPSI190-11[BOLD:AAA4121]","Arthropoda","Insecta","Diptera","Simuliidae","Simuliinae","Simuliini","Simulium","Simulium vittatum","0","99.70"
"CBAY0084_BF_A","JWDCG171-10[BOLD:AAA4121]","Arthropoda","Insecta","Diptera","Simuliidae","Simuliinae","Simuliini","Simulium","Simulium vittatum complex","0","99.70"
"CBAY0084_BF_A","AGAKS1890-17[BOLD:AAA4121]","Arthropoda","Insecta","Diptera","Simuliidae","Simuliinae","Simuliini","Simulium","","0","99.54"
"CBAY0084_BF_A","BARSA337-15[BOLD:AAA4121]","Arthropoda","Insecta","Diptera","Simuliidae","Simuliinae","Simuliini","Simulium","","0","99.54"
"CBAY0084_BF_A","BBDIT1457-12[BOLD:AAA4121]","Arthropoda","Insecta","Diptera","Simuliidae","Simuliinae","Simuliini","Simulium","","0","99.54"
"CBAY0084_BF_A","BBDIT1798-12[BOLD:AAA4121]","Arthropoda","Insecta","Diptera","Simuliidae","Simuliinae","Simuliini","Simulium","","0","99.54"
"CBAY0084_BF_A","CFWIE557-10[BOLD:AAA4121]","Arthropoda","Insecta","Diptera","Simuliidae","Simuliinae","Simuliini","Simulium","","0","99.54"
"CBAY0084_BF_A","CIOSJ17233-24[BOLD:AAA4121]","Arthropoda","Insecta","Diptera","Simuliidae","Simuliinae","Simuliini","Simulium","","0","99.54"
"CBAY0084_BF_A","CIOSJ32090-24[BOLD:AAA4121]","Arthropoda","Insecta","Diptera","Simuliidae","Simuliinae","Simuliini","Simulium","","0","99.54"
"CBAY0084_BF_A","CIOSJ44334-24[BOLD:AAA4121]","Arthropoda","Insecta","Diptera","Simuliidae","Simuliinae","Simuliini","Simulium","","0","99.54"
"CBAY0084_BF_A","DIPUR070-10[BOLD:AAA4121]","Arthropoda","Insecta","Diptera","Simuliidae","Simuliinae","Simuliini","Simulium","","0","99.54"
"CBAY0084_BF_A","LPGER32761-24[BOLD:AAA4121]","Arthropoda","Insecta","Diptera","Simuliidae","Simuliinae","Simuliini","Simulium","","0","99.54"
"CBAY0084_BF_A","OPPOE934-17[BOLD:AAA4121]","Arthropoda","Insecta","Diptera","Simuliidae","Simuliinae","Simuliini","Simulium","","0","99.54"
"CBAY0084_BF_A","BBDED056-10[BOLD:AAA4121]","Arthropoda","Insecta","Diptera","Simuliidae","Simuliinae","Simuliini","Simulium","Simulium vittatum","0","99.54"
"CBAY0084_BF_A","ICEFI127-18[BOLD:AAA4121]","Arthropoda","Insecta","Diptera","Simuliidae","Simuliinae","Simuliini","Simulium","Simulium vittatum","0","99.54"
"CBAY0084_BF_A","PRESV243-10[BOLD:AAA4121]","Arthropoda","Insecta","Diptera","Simuliidae","Simuliinae","Simuliini","Simulium","Simulium vittatum","0","99.54"
"CBAY0084_BF_A","UCOL472-23[BOLD:AAA4121]","Arthropoda","Insecta","Diptera","Simuliidae","Simuliinae","Simuliini","Simulium","Simulium vittatum","0","99.54"
"CBAY0084_BF_A","USDIQ1252-09[BOLD:AAA4121]","Arthropoda","Insecta","Diptera","Simuliidae","Simuliinae","Simuliini","Simulium","Simulium vittatum","0","99.54"
"CBAY0084_BF_A","JWDCF825-10[BOLD:AAA4121]","Arthropoda","Insecta","Diptera","Simuliidae","Simuliinae","Simuliini","Simulium","Simulium vittatum complex","0","99.54"
"CBAY0084_BF_A","GREAR115-17[BOLD:AAA4121]","Arthropoda","Insecta","Diptera","Simuliidae","Simuliinae","Simuliini","Simulium","","0","99.39"
"CBAY0092_BF_A","UCOL1309-24[BOLD:AAA4121]","Arthropoda","Insecta","Diptera","Simuliidae","Simuliinae","Simuliini","Simulium","Simulium vittatum","0","99.70"
"CBAY0092_BF_A","CIOSJ37956-24[BOLD:AAA4121]","Arthropoda","Insecta","Diptera","Simuliidae","Simuliinae","Simuliini","Simulium","","0","99.54"
"CBAY0092_BF_A","CIOSJ42605-24[BOLD:AAA4121]","Arthropoda","Insecta","Diptera","Simuliidae","Simuliinae","Simuliini","Simulium","","0","99.54"
"CBAY0092_BF_A","CIOSL38951-24[BOLD:AAA4121]","Arthropoda","Insecta","Diptera","Simuliidae","Simuliinae","Simuliini","Simulium","","0","99.54"
"CBAY0092_BF_A","CRBCA3331-24[BOLD:AAA4121]","Arthropoda","Insecta","Diptera","Simuliidae","Simuliinae","Simuliini","Simulium","","0","99.54"
"CBAY0092_BF_A","YGEN1286-22[BOLD:AAA4121]","Arthropoda","Insecta","Diptera","Simuliidae","Simuliinae","Simuliini","Simulium","Simulium argus","0","99.54"
"CBAY0092_BF_A","UCOL1316-24[BOLD:AAA4121]","Arthropoda","Insecta","Diptera","Simuliidae","Simuliinae","Simuliini","Simulium","Simulium vittatum","0","99.54"
"CBAY0092_BF_A","CIOSJ35376-24[BOLD:AAA4121]","Arthropoda","Insecta","Diptera","Simuliidae","Simuliinae","Simuliini","Simulium","","0","99.39"
"CBAY0092_BF_A","CIOSJ35514-24[BOLD:AAA4121]","Arthropoda","Insecta","Diptera","Simuliidae","Simuliinae","Simuliini","Simulium","","0","99.39"
"CBAY0092_BF_A","CIOSJ40761-24[BOLD:AAA4121]","Arthropoda","Insecta","Diptera","Simuliidae","Simuliinae","Simuliini","Simulium","","0","99.39"
"CBAY0092_BF_A","CIOSJ41749-24[BOLD:AAA4121]","Arthropoda","Insecta","Diptera","Simuliidae","Simuliinae","Simuliini","Simulium","","0","99.39"
"CBAY0092_BF_A","CIOSJ46403-24[BOLD:AAA4121]","Arthropoda","Insecta","Diptera","Simuliidae","Simuliinae","Simuliini","Simulium","","0","99.39"
"CBAY0092_BF_A","CISSB22720-23[BOLD:AAA4121]","Arthropoda","Insecta","Diptera","Simuliidae","Simuliinae","Simuliini","Simulium","","0","99.39"
"CBAY0092_BF_A","CISSB24888-23[BOLD:AAA4121]","Arthropoda","Insecta","Diptera","Simuliidae","Simuliinae","Simuliini","Simulium","","0","99.39"
"CBAY0092_BF_A","TTMDI1020-10[BOLD:AAA4121]","Arthropoda","Insecta","Diptera","Simuliidae","Simuliinae","Simuliini","Simulium","","0","99.39"
"CBAY0092_BF_A","UCOL1307-24[BOLD:AAA4121]","Arthropoda","Insecta","Diptera","Simuliidae","Simuliinae","Simuliini","Simulium","Simulium vittatum","0","99.39"
"CBAY0092_BF_A","CIOSJ32017-24[BOLD:AAA4121]","Arthropoda","Insecta","Diptera","Simuliidae","Simuliinae","Simuliini","Simulium","","0","99.24"
"CBAY0092_BF_A","CIOSJ32191-24[BOLD:AAA4121]","Arthropoda","Insecta","Diptera","Simuliidae","Simuliinae","Simuliini","Simulium","","0","99.24"
"CBAY0092_BF_A","CIOSJ35138-24[BOLD:AAA4121]","Arthropoda","Insecta","Diptera","Simuliidae","Simuliinae","Simuliini","Simulium","","0","99.24"
"CBAY0092_BF_A","CIOSJ35260-24[BOLD:AAA4121]","Arthropoda","Insecta","Diptera","Simuliidae","Simuliinae","Simuliini","Simulium","","0","99.24"
"CBAY0092_BF_A","CIOSJ44034-24[BOLD:AAA4121]","Arthropoda","Insecta","Diptera","Simuliidae","Simuliinae","Simuliini","Simulium","","0","99.24"
"CBAY0092_BF_A","GMSVE3280-23[BOLD:AAA4121]","Arthropoda","Insecta","Diptera","Simuliidae","Simuliinae","Simuliini","Simulium","","0","99.24"
"CBAY0092_BF_A","CIOSJ35030-24[BOLD:AAA4121]","Arthropoda","Insecta","Diptera","Simuliidae","Simuliinae","Simuliini","Simulium","","0","99.09"
"CBAY0092_BF_A","CIOSJ16137-24[BOLD:AAA4121]","Arthropoda","Insecta","Diptera","Simuliidae","Simuliinae","Simuliini","Simulium","","0","98.93"
"CBAY0092_BF_A","SWRCC125-09[BOLD:AAA4121]","Arthropoda","Insecta","Diptera","Simuliidae","Simuliinae","Simuliini","Simulium","","0","98.63"
"CBAY0092_BF_B","SMTPB5932-13[BOLD:AAA4121]","Arthropoda","Insecta","Diptera","Simuliidae","Simuliinae","Simuliini","Simulium","Simulium argus","0","96.73"
"CBAY0092_BF_B","SMTPB8406-13[BOLD:AAA4121]","Arthropoda","Insecta","Diptera","Simuliidae","Simuliinae","Simuliini","Simulium","Simulium vittatum","0","96.20"
"CBAY0092_BF_B","SSKJC3183-15[BOLD:AAA4121]","Arthropoda","Insecta","Diptera","Simuliidae","Simuliinae","Simuliini","Simulium","","0","96.19"
"CBAY0092_BF_B","SSKJC3484-15[BOLD:AAA4121]","Arthropoda","Insecta","Diptera","Simuliidae","Simuliinae","Simuliini","Simulium","","0","96.19"
"CBAY0092_BF_B","RRSSC951-15[BOLD:AAA4121]","Arthropoda","Insecta","Diptera","Simuliidae","Simuliinae","Simuliini","Simulium","Simulium vittatum","0","96.13"
"CBAY0092_BF_B","CNGRL223-13[BOLD:AAA4121]","Arthropoda","Insecta","Diptera","Simuliidae","Simuliinae","Simuliini","Simulium","","0","96.01"
"CBAY0092_BF_B","SSKJA151-14[BOLD:AAA4121]","Arthropoda","Insecta","Diptera","Simuliidae","Simuliinae","Simuliini","Simulium","","0","96.01"
"CBAY0092_BF_B","SSKJB1297-14[BOLD:AAA4121]","Arthropoda","Insecta","Diptera","Simuliidae","Simuliinae","Simuliini","Simulium","","0","96.01"
"CBAY0092_BF_B","SSKJC3110-15[BOLD:AAA4121]","Arthropoda","Insecta","Diptera","Simuliidae","Simuliinae","Simuliini","Simulium","","0","96.01"
"CBAY0092_BF_B","SSKJC3460-15[BOLD:AAA4121]","Arthropoda","Insecta","Diptera","Simuliidae","Simuliinae","Simuliini","Simulium","","0","96.01"
"CBAY0092_BF_B","RRMPB2767-15[BOLD:AAA4121]","Arthropoda","Insecta","Diptera","Simuliidae","Simuliinae","Simuliini","Simulium","Simulium vittatum","0","96.01"
"CBAY0092_BF_B","RRMPC708-15[BOLD:AAA4121]","Arthropoda","Insecta","Diptera","Simuliidae","Simuliinae","Simuliini","Simulium","Simulium vittatum","0","96.01"
"CBAY0092_BF_B","RRSSA1175-15[BOLD:AAA4121]","Arthropoda","Insecta","Diptera","Simuliidae","Simuliinae","Simuliini","Simulium","Simulium vittatum","0","96.01"
"CBAY0092_BF_B","RRSSA5720-15[BOLD:AAA4121]","Arthropoda","Insecta","Diptera","Simuliidae","Simuliinae","Simuliini","Simulium","Simulium vittatum","0","96.01"
"CBAY0092_BF_B","RRSSC2789-15[BOLD:AAA4121]","Arthropoda","Insecta","Diptera","Simuliidae","Simuliinae","Simuliini","Simulium","Simulium vittatum","0","96.01"
"CBAY0092_BF_B","SMTPB10986-13[BOLD:AAA4121]","Arthropoda","Insecta","Diptera","Simuliidae","Simuliinae","Simuliini","Simulium","Simulium vittatum","0","96.01"
"CBAY0092_BF_B","SMTPB3564-13[BOLD:AAA4121]","Arthropoda","Insecta","Diptera","Simuliidae","Simuliinae","Simuliini","Simulium","Simulium vittatum","0","96.01"
"CBAY0092_BF_B","SMTPB3596-13[BOLD:AAA4121]","Arthropoda","Insecta","Diptera","Simuliidae","Simuliinae","Simuliini","Simulium","Simulium vittatum","0","96.01"
"CBAY0092_BF_B","SMTPB8401-13[BOLD:AAA4121]","Arthropoda","Insecta","Diptera","Simuliidae","Simuliinae","Simuliini","Simulium","Simulium vittatum","0","96.01"
"CBAY0092_BF_B","WCCMS1052-13[BOLD:AAA4121]","Arthropoda","Insecta","Diptera","Simuliidae","Simuliinae","Simuliini","Simulium","Simulium vittatum","0","96.01"
"CBAY0092_BF_B","WCCMS1055-13[BOLD:AAA4121]","Arthropoda","Insecta","Diptera","Simuliidae","Simuliinae","Simuliini","Simulium","Simulium vittatum","0","96.01"
"CBAY0092_BF_B","WCCMS1181-13[BOLD:AAA4121]","Arthropoda","Insecta","Diptera","Simuliidae","Simuliinae","Simuliini","Simulium","Simulium vittatum","0","96.01"
"CBAY0092_BF_B","CIOSJ32017-24[BOLD:AAA4121]","Arthropoda","Insecta","Diptera","Simuliidae","Simuliinae","Simuliini","Simulium","","0","94.82"
"CBAY0092_BF_B","CIOSJ32191-24[BOLD:AAA4121]","Arthropoda","Insecta","Diptera","Simuliidae","Simuliinae","Simuliini","Simulium","","0","94.82"
"CBAY0092_BF_B","UCOL1307-24[BOLD:AAA4121]","Arthropoda","Insecta","Diptera","Simuliidae","Simuliinae","Simuliini","Simulium","Simulium vittatum","0","94.82"
"CBAY0099_BF_M","CIOSJ42605-24[BOLD:AAA4121]","Arthropoda","Insecta","Diptera","Simuliidae","Simuliinae","Simuliini","Simulium","","0","99.70"
"CBAY0099_BF_M","CIOSJ46403-24[BOLD:AAA4121]","Arthropoda","Insecta","Diptera","Simuliidae","Simuliinae","Simuliini","Simulium","","0","99.54"
"CBAY0099_BF_M","CIOSJ35138-24[BOLD:AAA4121]","Arthropoda","Insecta","Diptera","Simuliidae","Simuliinae","Simuliini","Simulium","","0","99.39"
"CBAY0099_BF_M","CIOSJ35260-24[BOLD:AAA4121]","Arthropoda","Insecta","Diptera","Simuliidae","Simuliinae","Simuliini","Simulium","","0","99.39"
"CBAY0099_BF_M","CIOSJ37956-24[BOLD:AAA4121]","Arthropoda","Insecta","Diptera","Simuliidae","Simuliinae","Simuliini","Simulium","","0","99.39"
"CBAY0099_BF_M","CIOSL38951-24[BOLD:AAA4121]","Arthropoda","Insecta","Diptera","Simuliidae","Simuliinae","Simuliini","Simulium","","0","99.39"
"CBAY0099_BF_M","CRBCA3331-24[BOLD:AAA4121]","Arthropoda","Insecta","Diptera","Simuliidae","Simuliinae","Simuliini","Simulium","","0","99.39"
"CBAY0099_BF_M","YGEN1286-22[BOLD:AAA4121]","Arthropoda","Insecta","Diptera","Simuliidae","Simuliinae","Simuliini","Simulium","Simulium argus","0","99.39"
"CBAY0099_BF_M","UCOL1316-24[BOLD:AAA4121]","Arthropoda","Insecta","Diptera","Simuliidae","Simuliinae","Simuliini","Simulium","Simulium vittatum","0","99.39"
"CBAY0099_BF_M","CIOSJ35376-24[BOLD:AAA4121]","Arthropoda","Insecta","Diptera","Simuliidae","Simuliinae","Simuliini","Simulium","","0","99.24"
"CBAY0099_BF_M","CIOSJ35514-24[BOLD:AAA4121]","Arthropoda","Insecta","Diptera","Simuliidae","Simuliinae","Simuliini","Simulium","","0","99.24"
"CBAY0099_BF_M","CIOSJ40761-24[BOLD:AAA4121]","Arthropoda","Insecta","Diptera","Simuliidae","Simuliinae","Simuliini","Simulium","","0","99.24"
"CBAY0099_BF_M","CIOSJ41749-24[BOLD:AAA4121]","Arthropoda","Insecta","Diptera","Simuliidae","Simuliinae","Simuliini","Simulium","","0","99.24"
"CBAY0099_BF_M","CISSB24888-23[BOLD:AAA4121]","Arthropoda","Insecta","Diptera","Simuliidae","Simuliinae","Simuliini","Simulium","","0","99.24"
"CBAY0099_BF_M","TTMDI1020-10[BOLD:AAA4121]","Arthropoda","Insecta","Diptera","Simuliidae","Simuliinae","Simuliini","Simulium","","0","99.24"
"CBAY0099_BF_M","UCOL1307-24[BOLD:AAA4121]","Arthropoda","Insecta","Diptera","Simuliidae","Simuliinae","Simuliini","Simulium","Simulium vittatum","0","99.24"
"CBAY0099_BF_M","UCOL1309-24[BOLD:AAA4121]","Arthropoda","Insecta","Diptera","Simuliidae","Simuliinae","Simuliini","Simulium","Simulium vittatum","0","99.24"
"CBAY0099_BF_M","CISSB22720-23[BOLD:AAA4121]","Arthropoda","Insecta","Diptera","Simuliidae","Simuliinae","Simuliini","Simulium","","0","99.23"
"CBAY0099_BF_M","CIOSJ32017-24[BOLD:AAA4121]","Arthropoda","Insecta","Diptera","Simuliidae","Simuliinae","Simuliini","Simulium","","0","99.09"
"CBAY0099_BF_M","CIOSJ32191-24[BOLD:AAA4121]","Arthropoda","Insecta","Diptera","Simuliidae","Simuliinae","Simuliini","Simulium","","0","99.09"
"CBAY0099_BF_M","CIOSJ44034-24[BOLD:AAA4121]","Arthropoda","Insecta","Diptera","Simuliidae","Simuliinae","Simuliini","Simulium","","0","99.09"
"CBAY0099_BF_M","GMSVE3280-23[BOLD:AAA4121]","Arthropoda","Insecta","Diptera","Simuliidae","Simuliinae","Simuliini","Simulium","","0","99.08"
"CBAY0099_BF_M","CIOSJ35030-24[BOLD:AAA4121]","Arthropoda","Insecta","Diptera","Simuliidae","Simuliinae","Simuliini","Simulium","","0","98.94"
"CBAY0099_BF_M","CIOSJ16137-24[BOLD:AAA4121]","Arthropoda","Insecta","Diptera","Simuliidae","Simuliinae","Simuliini","Simulium","","0","98.78"
"CBAY0099_BF_M","SWRCC125-09[BOLD:AAA4121]","Arthropoda","Insecta","Diptera","Simuliidae","Simuliinae","Simuliini","Simulium","","0","98.48"
"CBAY0104_BF_C","CNAUY661-14[BOLD:AAC0730]","Arthropoda","Insecta","Diptera","Simuliidae","Simuliinae","Simuliini","Simulium","","0","95.64"
"CBAY0104_BF_C","CNAUY097-14[BOLD:AAC0730]","Arthropoda","Insecta","Diptera","Simuliidae","Simuliinae","Simuliini","Simulium","","0","95.57"
"CBAY0104_BF_C","CNTUA601-14[BOLD:AAC0730]","Arthropoda","Insecta","Diptera","Simuliidae","Simuliinae","Simuliini","Simulium","","0","95.56"
"CBAY0104_BF_C","ACBB737-09[BOLD:AAC0730]","Arthropoda","Insecta","Diptera","Simuliidae","Simuliinae","Simuliini","Simulium","","0","94.78"
"CBAY0104_BF_C","NBPSI187-11[BOLD:AAC0730]","Arthropoda","Insecta","Diptera","Simuliidae","Simuliinae","Simuliini","Simulium","Simulium baffinense","0","94.78"
"CBAY0104_BF_C","ACBB747-09[BOLD:AAC0730]","Arthropoda","Insecta","Diptera","Simuliidae","Simuliinae","Simuliini","Simulium","","0","94.68"
"CBAY0104_BF_C","MCHAE674-19[BOLD:AAC0730]","Arthropoda","Insecta","Diptera","Simuliidae","Simuliinae","Simuliini","Simulium","","0","94.59"
"CBAY0104_BF_C","ACBB723-09[BOLD:AAC0730]","Arthropoda","Insecta","Diptera","Simuliidae","Simuliinae","Simuliini","Simulium","","0","94.53"
"CBAY0104_BF_C","ECIPY187-10[BOLD:AAC0730]","Arthropoda","Insecta","Diptera","Simuliidae","Simuliinae","Simuliini","Simulium","Simulium baffinense","0","94.53"
"CBAY0104_BF_C","GBDP7319-09[BOLD:AAC0730]","Arthropoda","Insecta","Diptera","Simuliidae","Simuliinae","Simuliini","Simulium","Simulium baffinense","0","94.44"
"CBAY0104_BF_C","EBADI002-16[BOLD:AAC0730]","Arthropoda","Insecta","Diptera","Simuliidae","Simuliinae","Simuliini","Simulium","","0","94.38"
"CBAY0104_BF_C","FISIM071-11[BOLD:AAC0730]","Arthropoda","Insecta","Diptera","Simuliidae","Simuliinae","Simuliini","Simulium","Simulium baffinense","0","94.38"
"CBAY0104_BF_C","FISIM076-11[BOLD:AAC0730]","Arthropoda","Insecta","Diptera","Simuliidae","Simuliinae","Simuliini","Simulium","Simulium crassum","0","94.38"
"CBAY0104_BF_C","FISIM080-11[BOLD:AAC0730]","Arthropoda","Insecta","Diptera","Simuliidae","Simuliinae","Simuliini","Simulium","Simulium crassum","0","94.22"
"CBAY0104_BF_C","ACB020-05[BOLD:AAC0730]","Arthropoda","Insecta","Diptera","Simuliidae","Simuliinae","Simuliini","Simulium","Simulium baffinense","0","94.17"
"CBAY0104_BF_E","ACB020-05[BOLD:AAC0730]","Arthropoda","Insecta","Diptera","Simuliidae","Simuliinae","Simuliini","Simulium","Simulium baffinense","0","97.73"
"CBAY0104_BF_E","GBDP7319-09[BOLD:AAC0730]","Arthropoda","Insecta","Diptera","Simuliidae","Simuliinae","Simuliini","Simulium","Simulium baffinense","0","97.72"
"CBAY0104_BF_E","EBADI002-16[BOLD:AAC0730]","Arthropoda","Insecta","Diptera","Simuliidae","Simuliinae","Simuliini","Simulium","","0","97.26"
"CBAY0104_BF_E","FISIM071-11[BOLD:AAC0730]","Arthropoda","Insecta","Diptera","Simuliidae","Simuliinae","Simuliini","Simulium","Simulium baffinense","0","97.26"
"CBAY0104_BF_E","FISIM076-11[BOLD:AAC0730]","Arthropoda","Insecta","Diptera","Simuliidae","Simuliinae","Simuliini","Simulium","Simulium crassum","0","97.26"
"CBAY0104_BF_E","ACBB723-09[BOLD:AAC0730]","Arthropoda","Insecta","Diptera","Simuliidae","Simuliinae","Simuliini","Simulium","","0","97.11"
"CBAY0104_BF_E","ECIPY187-10[BOLD:AAC0730]","Arthropoda","Insecta","Diptera","Simuliidae","Simuliinae","Simuliini","Simulium","Simulium baffinense","0","97.11"
"CBAY0104_BF_E","FISIM080-11[BOLD:AAC0730]","Arthropoda","Insecta","Diptera","Simuliidae","Simuliinae","Simuliini","Simulium","Simulium crassum","0","97.11"
"CBAY0104_BF_E","NBPSI187-11[BOLD:AAC0730]","Arthropoda","Insecta","Diptera","Simuliidae","Simuliinae","Simuliini","Simulium","Simulium baffinense","0","97.10"
"CBAY0104_BF_E","MCHAE674-19[BOLD:AAC0730]","Arthropoda","Insecta","Diptera","Simuliidae","Simuliinae","Simuliini","Simulium","","0","97.09"
"CBAY0104_BF_E","CNAUY661-14[BOLD:AAC0730]","Arthropoda","Insecta","Diptera","Simuliidae","Simuliinae","Simuliini","Simulium","","0","97.03"
"CBAY0104_BF_E","ACBB737-09[BOLD:AAC0730]","Arthropoda","Insecta","Diptera","Simuliidae","Simuliinae","Simuliini","Simulium","","0","96.99"
"CBAY0104_BF_E","ACBB747-09[BOLD:AAC0730]","Arthropoda","Insecta","Diptera","Simuliidae","Simuliinae","Simuliini","Simulium","","0","96.96"
"CBAY0104_BF_E","CNAUY097-14[BOLD:AAC0730]","Arthropoda","Insecta","Diptera","Simuliidae","Simuliinae","Simuliini","Simulium","","0","96.60"
"CBAY0104_BF_E","CNTUA601-14[BOLD:AAC0730]","Arthropoda","Insecta","Diptera","Simuliidae","Simuliinae","Simuliini","Simulium","","0","96.58"
"CBAY0106_BF_B","MCHAE655-19[BOLD:AAA9689]","Arthropoda","Insecta","Diptera","Simuliidae","Simuliinae","Simuliini","Simulium","Simulium craigi","0","99.85"
"CBAY0106_BF_B","ACB113-05[BOLD:AAA9689]","Arthropoda","Insecta","Diptera","Simuliidae","Simuliinae","Simuliini","Simulium","Simulium craigi","0","99.19"
"CBAY0106_BF_B","ACB138-05[BOLD:AAA9689]","Arthropoda","Insecta","Diptera","Simuliidae","Simuliinae","Simuliini","Simulium","Simulium craigi","0","98.87"
"CBAY0106_BF_B","GBDP7263-09[BOLD:AAA9689]","Arthropoda","Insecta","Diptera","Simuliidae","Simuliinae","Simuliini","Simulium","Simulium craigi","0","98.86"
"CBAY0106_BF_B","LPKIL995-22[BOLD:AAA9689]","Arthropoda","Insecta","Diptera","Simuliidae","Simuliinae","Simuliini","Simulium","Simulium craigi","0","98.62"
"CBAY0106_BF_B","CNWLM1666-13[BOLD:AAA9692]","Arthropoda","Insecta","Diptera","Simuliidae","Simuliinae","Simuliini","Simulium","Simulium craigi","0","97.11"
"CBAY0106_BF_B","CNJAD1380-12[BOLD:AAA9692]","Arthropoda","Insecta","Diptera","Simuliidae","Simuliinae","Simuliini","Simulium","Simulium craigi","0","96.96"
"CBAY0106_BF_B","CNWLM1568-13[BOLD:AAA9692]","Arthropoda","Insecta","Diptera","Simuliidae","Simuliinae","Simuliini","Simulium","Simulium craigi","0","96.96"
"CBAY0106_BF_B","FISIM265-11[BOLD:ACF5758]","Arthropoda","Insecta","Diptera","Simuliidae","Simuliinae","Simuliini","Simulium","Simulium fontinale","0","96.96"
"CBAY0106_BF_B","FISIM131-11[BOLD:AAA9686]","Arthropoda","Insecta","Diptera","Simuliidae","Simuliinae","Simuliini","Simulium","Simulium bicorne","0","96.81"
"CBAY0106_BF_B","SIIP3105-24[BOLD:ACF5757]","Arthropoda","Insecta","Diptera","Simuliidae","","","","","0","96.66"
"CBAY0106_BF_B","TRDNE060-15[BOLD:ACF5757]","Arthropoda","Insecta","Diptera","Simuliidae","Simuliinae","Simuliini","Simulium","","0","96.66"
"CBAY0106_BF_B","FISIM134-11[BOLD:AAA9686]","Arthropoda","Insecta","Diptera","Simuliidae","Simuliinae","Simuliini","Simulium","Simulium bicorne","0","96.66"
"CBAY0106_BF_B","CNGMD005-14[BOLD:ABX4941]","Arthropoda","Insecta","Diptera","Simuliidae","Simuliinae","Simuliini","Simulium","","0","96.50"
"CBAY0106_BF_B","CNJAD1615-12[BOLD:ACF5757]","Arthropoda","Insecta","Diptera","Simuliidae","Simuliinae","Simuliini","Simulium","","0","96.50"
"CBAY0106_BF_B","FISIM133-11[BOLD:AAA9686]","Arthropoda","Insecta","Diptera","Simuliidae","Simuliinae","Simuliini","Simulium","Simulium bicorne","0","96.50"
"CBAY0106_BF_B","FISIM263-11[BOLD:ACF5757]","Arthropoda","Insecta","Diptera","Simuliidae","Simuliinae","Simuliini","Simulium","Simulium fontinale","0","96.50"
"CBAY0106_BF_B","FISIM264-11[BOLD:ACF5758]","Arthropoda","Insecta","Diptera","Simuliidae","Simuliinae","Simuliini","Simulium","Simulium fontinale","0","96.50"
"CBAY0106_BF_B","FISIM267-11[BOLD:ACF5758]","Arthropoda","Insecta","Diptera","Simuliidae","Simuliinae","Simuliini","Simulium","Simulium fontinale","0","96.50"
"CBAY0106_BF_B","GMOLJ625-18[BOLD:ACF5757]","Arthropoda","Insecta","Diptera","Simuliidae","Simuliinae","Simuliini","Simulium","","0","96.48"
"CBAY0106_BF_B","CNJAC1325-12[BOLD:ACF5757]","Arthropoda","Insecta","Diptera","Simuliidae","Simuliinae","Simuliini","Simulium","","0","96.35"
"CBAY0106_BF_B","CNJAC164-12[BOLD:ACF5757]","Arthropoda","Insecta","Diptera","Simuliidae","Simuliinae","Simuliini","Simulium","","0","96.35"
"CBAY0106_BF_B","CNTMB162-14[BOLD:ABX4941]","Arthropoda","Insecta","Diptera","Simuliidae","Simuliinae","Simuliini","Simulium","","0","96.35"
"CBAY0106_BF_B","TRDNE061-15[BOLD:ACF5758]","Arthropoda","Insecta","Diptera","Simuliidae","Simuliinae","Simuliini","Simulium","","0","96.35"
"CBAY0106_BF_B","DHSSI1283-24[BOLD:AGG3523]","Arthropoda","Insecta","Diptera","Simuliidae","Simuliinae","Simuliini","Simulium","Simulium craigi","0","96.35"
"CBAY0106_BF_C","CNPAD641-13[BOLD:AAA9710]","Arthropoda","Insecta","Diptera","Simuliidae","Simuliinae","Simuliini","Simulium","","0","99.84"
"CBAY0106_BF_C","BBDCM292-10[BOLD:AAA9710]","Arthropoda","Insecta","Diptera","Simuliidae","Simuliinae","Simuliini","Simulium","Simulium tuberosum complex","0","99.70"
"CBAY0106_BF_C","BCHAR3466-18[BOLD:AAA9710]","Arthropoda","Insecta","Diptera","Simuliidae","Simuliinae","Simuliini","Simulium","","0","99.69"
"CBAY0106_BF_C","MCHAB691-19[BOLD:AAA9710]","Arthropoda","Insecta","Diptera","Simuliidae","Simuliinae","Simuliini","Simulium","","0","99.69"
"CBAY0106_BF_C","MCHAD190-19[BOLD:AAA9710]","Arthropoda","Insecta","Diptera","Simuliidae","Simuliinae","Simuliini","Simulium","","0","99.69"
"CBAY0106_BF_C","ASDIP258-15[BOLD:AAA9710]","Arthropoda","Insecta","Diptera","Simuliidae","Simuliinae","Simuliini","Simulium","Simulium sp. BOLDAAA9710","0","99.09"
"CBAY0106_BF_C","ASDIP029-15[BOLD:AAA9710]","Arthropoda","Insecta","Diptera","Simuliidae","Simuliinae","Simuliini","Simulium","Simulium tuberosum","0","99.09"
"CBAY0106_BF_C","JWDCF819-10[BOLD:AAA9710]","Arthropoda","Insecta","Diptera","Simuliidae","Simuliinae","Simuliini","Simulium","Simulium tuberosum complex","0","99.09"
"CBAY0106_BF_C","FCHAR6630-19[BOLD:AAA9710]","Arthropoda","Insecta","Diptera","Simuliidae","Simuliinae","Simuliini","Simulium","","0","99.08"
"CBAY0106_BF_C","POROM163-19[BOLD:AAA9710]","Arthropoda","Insecta","Diptera","Simuliidae","Simuliinae","Simuliini","Simulium","","0","98.94"
"CBAY0106_BF_C","JWDCB249-10[BOLD:AAA9710]","Arthropoda","Insecta","Diptera","Simuliidae","Simuliinae","Simuliini","Simulium","Simulium tuberosum complex","0","98.94"
"CBAY0106_BF_C","ABCMB7404-23[BOLD:AAA9710]","Arthropoda","Insecta","Diptera","Simuliidae","Simuliinae","Simuliini","Simulium","","0","98.93"
"CBAY0106_BF_C","ASDIP259-15[BOLD:AAA9710]","Arthropoda","Insecta","Diptera","Simuliidae","Simuliinae","Simuliini","Simulium","Simulium sp. BOLDAAA9710","0","98.93"
"CBAY0106_BF_C","ASDIP251-15[BOLD:AAA9710]","Arthropoda","Insecta","Diptera","Simuliidae","Simuliinae","Simuliini","Simulium","Simulium sp. BOLDAAA9710","0","98.78"
"CBAY0106_BF_C","NBPSI002-11[BOLD:AAA9710]","Arthropoda","Insecta","Diptera","Simuliidae","Simuliinae","Simuliini","Simulium","Simulium tuberosum complex","0","98.78"
"CBAY0106_BF_C","BCMIN606-23[BOLD:AAA9710]","Arthropoda","Insecta","Diptera","Simuliidae","Simuliinae","Simuliini","Simulium","","0","98.63"
"CBAY0106_BF_C","OPPBC998-17[BOLD:AAA9710]","Arthropoda","Insecta","Diptera","Simuliidae","Simuliinae","Simuliini","Simulium","","0","98.63"
"CBAY0106_BF_C","ASDIP256-15[BOLD:AAA9710]","Arthropoda","Insecta","Diptera","Simuliidae","Simuliinae","Simuliini","Simulium","Simulium tuberosum","0","98.63"
"CBAY0106_BF_C","BBDEC401-09[BOLD:AAA9710]","Arthropoda","Insecta","Diptera","Simuliidae","Simuliinae","Simuliini","Simulium","Simulium tuberosum","0","98.63"
"CBAY0106_BF_C","BCMIN071-23[BOLD:AAA9710]","Arthropoda","Insecta","Diptera","Simuliidae","Simuliinae","Simuliini","Simulium","","0","98.48"
"CBAY0106_BF_C","OPPBC753-17[BOLD:AAA9710]","Arthropoda","Insecta","Diptera","Simuliidae","Simuliinae","Simuliini","Simulium","","0","98.48"
"CBAY0106_BF_C","POROM151-19[BOLD:AAA9710]","Arthropoda","Insecta","Diptera","Simuliidae","Simuliinae","Simuliini","Simulium","","0","98.48"
"CBAY0106_BF_C","ASDIP245-15[BOLD:AAA9710]","Arthropoda","Insecta","Diptera","Simuliidae","Simuliinae","Simuliini","Simulium","Simulium sp. BOLDAAA9710","0","98.48"
"CBAY0106_BF_C","ASDIP254-15[BOLD:AAA9710]","Arthropoda","Insecta","Diptera","Simuliidae","Simuliinae","Simuliini","Simulium","Simulium tuberosum","0","98.48"
"CBAY0106_BF_C","ASDIP252-15[BOLD:AAA9710]","Arthropoda","Insecta","Diptera","Simuliidae","Simuliinae","Simuliini","Simulium","Simulium tuberosum complex","0","98.48"
"CBAY0106_BF_D","MCHAE655-19[BOLD:AAA9689]","Arthropoda","Insecta","Diptera","Simuliidae","Simuliinae","Simuliini","Simulium","Simulium craigi","0","96.93"
"CBAY0106_BF_D","ACB113-05[BOLD:AAA9689]","Arthropoda","Insecta","Diptera","Simuliidae","Simuliinae","Simuliini","Simulium","Simulium craigi","0","96.76"
"CBAY0106_BF_D","ACB138-05[BOLD:AAA9689]","Arthropoda","Insecta","Diptera","Simuliidae","Simuliinae","Simuliini","Simulium","Simulium craigi","0","96.44"
"CBAY0106_BF_D","GBDP7263-09[BOLD:AAA9689]","Arthropoda","Insecta","Diptera","Simuliidae","Simuliinae","Simuliini","Simulium","Simulium craigi","0","96.42"
"CBAY0106_BF_D","LPKIL995-22[BOLD:AAA9689]","Arthropoda","Insecta","Diptera","Simuliidae","Simuliinae","Simuliini","Simulium","Simulium craigi","0","95.67"
"CBAY0106_BF_D","ACB1009-06[BOLD:AAA9692]","Arthropoda","Insecta","Diptera","Simuliidae","Simuliinae","Simuliini","Simulium","Simulium craigi","0","94.66"
"CBAY0106_BF_D","GBDP7266-09[BOLD:AAA9692]","Arthropoda","Insecta","Diptera","Simuliidae","Simuliinae","Simuliini","Simulium","Simulium craigi","0","94.63"
"CBAY0106_BF_D","ACB212-06[BOLD:ABX4941]","Arthropoda","Insecta","Diptera","Simuliidae","Simuliinae","Simuliini","Simulium","Simulium craigi","0","94.17"
"CBAY0106_BF_D","GBDP7262-09[BOLD:ABX4941]","Arthropoda","Insecta","Diptera","Simuliidae","Simuliinae","Simuliini","Simulium","Simulium craigi","0","94.12"
"CBAY0106_BF_D","GBDP7267-09[BOLD:ABX4941]","Arthropoda","Insecta","Diptera","Simuliidae","Simuliinae","Simuliini","Simulium","Simulium craigi","0","94.12"
"CBAY0106_BF_D","ACB210-06[BOLD:ABX4941]","Arthropoda","Insecta","Diptera","Simuliidae","Simuliinae","Simuliini","Simulium","Simulium craigi","0","94.01"
"CBAY0106_BF_D","ACB214-06[BOLD:ABX4941]","Arthropoda","Insecta","Diptera","Simuliidae","Simuliinae","Simuliini","Simulium","Simulium craigi","0","94.01"
"CBAY0106_BF_D","ACBB102-07[BOLD:ABX4941]","Arthropoda","Insecta","Diptera","Simuliidae","Simuliinae","Simuliini","Simulium","Simulium craigi","0","94.00"
"CBAY0106_BF_E","CNKLG2077-15[BOLD:AAA9710]","Arthropoda","Insecta","Diptera","Simuliidae","Simuliinae","Simuliini","Simulium","","0","97.39"
"CBAY0106_BF_E","SSKUA3526-15[BOLD:AAA9710]","Arthropoda","Insecta","Diptera","Simuliidae","Simuliinae","Simuliini","Simulium","","0","97.39"
"CBAY0106_BF_E","CNEIA1579-12[BOLD:AAA9710]","Arthropoda","Insecta","Diptera","Simuliidae","Simuliinae","Simuliini","Simulium","","0","97.35"
"CBAY0106_BF_E","CNKLG1686-15[BOLD:AAA9710]","Arthropoda","Insecta","Diptera","Simuliidae","Simuliinae","Simuliini","Simulium","","0","97.29"
"CBAY0106_BF_E","SSKUA3284-15[BOLD:AAA9710]","Arthropoda","Insecta","Diptera","Simuliidae","Simuliinae","Simuliini","Simulium","","0","97.29"
"CBAY0106_BF_E","SSKUA3586-15[BOLD:AAA9710]","Arthropoda","Insecta","Diptera","Simuliidae","Simuliinae","Simuliini","Simulium","","0","97.29"
"CBAY0106_BF_E","CNKLD2927-15[BOLD:AAA9710]","Arthropoda","Insecta","Diptera","Simuliidae","Simuliinae","Simuliini","Simulium","","0","97.28"
"CBAY0106_BF_E","CNKLF1351-15[BOLD:AAA9710]","Arthropoda","Insecta","Diptera","Simuliidae","Simuliinae","Simuliini","Simulium","","0","97.28"
"CBAY0106_BF_E","CNKLG2354-15[BOLD:AAA9710]","Arthropoda","Insecta","Diptera","Simuliidae","Simuliinae","Simuliini","Simulium","","0","97.13"
"CBAY0106_BF_E","SSKUA4827-15[BOLD:AAA9710]","Arthropoda","Insecta","Diptera","Simuliidae","Simuliinae","Simuliini","Simulium","","0","97.13"
"CBAY0106_BF_E","CNKLG1702-15[BOLD:AAA9710]","Arthropoda","Insecta","Diptera","Simuliidae","Simuliinae","Simuliini","Simulium","","0","97.12"
"CBAY0106_BF_E","CNKLG2268-15[BOLD:AAA9710]","Arthropoda","Insecta","Diptera","Simuliidae","Simuliinae","Simuliini","Simulium","","0","97.12"
"CBAY0106_BF_E","SSKUA3313-15[BOLD:AAA9710]","Arthropoda","Insecta","Diptera","Simuliidae","Simuliinae","Simuliini","Simulium","","0","97.12"
"CBAY0106_BF_E","SSKUA4245-15[BOLD:AAA9710]","Arthropoda","Insecta","Diptera","Simuliidae","Simuliinae","Simuliini","Simulium","","0","97.12"
"CBAY0106_BF_E","SSKUA4272-15[BOLD:AAA9710]","Arthropoda","Insecta","Diptera","Simuliidae","Simuliinae","Simuliini","Simulium","","0","97.12"
"CBAY0106_BF_E","SSWLB5592-13[BOLD:AAA9710]","Arthropoda","Insecta","Diptera","Simuliidae","Simuliinae","Simuliini","Simulium","","0","97.12"
"CBAY0106_BF_E","CNKLD3014-15[BOLD:AAA9710]","Arthropoda","Insecta","Diptera","Simuliidae","Simuliinae","Simuliini","Simulium","","0","97.11"
"CBAY0106_BF_E","CNKLG2360-15[BOLD:AAA9710]","Arthropoda","Insecta","Diptera","Simuliidae","Simuliinae","Simuliini","Simulium","","0","97.11"
"CBAY0106_BF_E","CNTUA5023-14[BOLD:AAA9710]","Arthropoda","Insecta","Diptera","Simuliidae","Simuliinae","Simuliini","Simulium","","0","97.11"
"CBAY0106_BF_E","CNKLD2402-15[BOLD:AAA9710]","Arthropoda","Insecta","Diptera","Simuliidae","Simuliinae","Simuliini","Simulium","","0","97.08"
"CBAY0106_BF_E","SSKUA4144-15[BOLD:AAA9710]","Arthropoda","Insecta","Diptera","Simuliidae","Simuliinae","Simuliini","Simulium","","0","97.06"
"CBAY0106_BF_E","SMTPI8446-14[BOLD:AAA9710]","Arthropoda","Insecta","Diptera","Simuliidae","Simuliinae","Simuliini","Simulium","","0","96.95"
"CBAY0106_BF_E","CNPAD641-13[BOLD:AAA9710]","Arthropoda","Insecta","Diptera","Simuliidae","Simuliinae","Simuliini","Simulium","","0","96.84"
"CBAY0106_BF_E","WCCMS870-13[BOLD:AAA9710]","Arthropoda","Insecta","Diptera","Simuliidae","Simuliinae","Simuliini","Simulium","Simulium tuberosum","0","96.84"
"CBAY0106_BF_E","CNKLC1179-14[BOLD:AAA9710]","Arthropoda","Insecta","Diptera","Simuliidae","Simuliinae","Simuliini","Simulium","","0","96.79"
"CBAY0108_BF_B","CIOSJ31953-24[BOLD:AAA4121]","Arthropoda","Insecta","Diptera","Simuliidae","Simuliinae","Simuliini","Simulium","","0","100.00"
"CBAY0108_BF_B","CISSB9082-23[BOLD:AAA4121]","Arthropoda","Insecta","Diptera","Simuliidae","Simuliinae","Simuliini","Simulium","","0","100.00"
"CBAY0108_BF_B","BSNHM5596-25[BOLD:AAA4121]","Arthropoda","Insecta","Diptera","Simuliidae","Simuliinae","Simuliini","Simulium","Simulium vittatum","0","100.00"
"CBAY0108_BF_B","NBPSI190-11[BOLD:AAA4121]","Arthropoda","Insecta","Diptera","Simuliidae","Simuliinae","Simuliini","Simulium","Simulium vittatum","0","100.00"
"CBAY0108_BF_B","JWDCG171-10[BOLD:AAA4121]","Arthropoda","Insecta","Diptera","Simuliidae","Simuliinae","Simuliini","Simulium","Simulium vittatum complex","0","100.00"
"CBAY0108_BF_B","AGAKS1890-17[BOLD:AAA4121]","Arthropoda","Insecta","Diptera","Simuliidae","Simuliinae","Simuliini","Simulium","","0","99.85"
"CBAY0108_BF_B","BARSA337-15[BOLD:AAA4121]","Arthropoda","Insecta","Diptera","Simuliidae","Simuliinae","Simuliini","Simulium","","0","99.85"
"CBAY0108_BF_B","BBDIT1798-12[BOLD:AAA4121]","Arthropoda","Insecta","Diptera","Simuliidae","Simuliinae","Simuliini","Simulium","","0","99.85"
"CBAY0108_BF_B","CFWIE557-10[BOLD:AAA4121]","Arthropoda","Insecta","Diptera","Simuliidae","Simuliinae","Simuliini","Simulium","","0","99.85"
"CBAY0108_BF_B","CIOSJ17233-24[BOLD:AAA4121]","Arthropoda","Insecta","Diptera","Simuliidae","Simuliinae","Simuliini","Simulium","","0","99.85"
"CBAY0108_BF_B","CIOSJ32090-24[BOLD:AAA4121]","Arthropoda","Insecta","Diptera","Simuliidae","Simuliinae","Simuliini","Simulium","","0","99.85"
"CBAY0108_BF_B","CIOSJ44334-24[BOLD:AAA4121]","Arthropoda","Insecta","Diptera","Simuliidae","Simuliinae","Simuliini","Simulium","","0","99.85"
"CBAY0108_BF_B","DIPUR070-10[BOLD:AAA4121]","Arthropoda","Insecta","Diptera","Simuliidae","Simuliinae","Simuliini","Simulium","","0","99.85"
"CBAY0108_BF_B","LPGER32761-24[BOLD:AAA4121]","Arthropoda","Insecta","Diptera","Simuliidae","Simuliinae","Simuliini","Simulium","","0","99.85"
"CBAY0108_BF_B","BBDED056-10[BOLD:AAA4121]","Arthropoda","Insecta","Diptera","Simuliidae","Simuliinae","Simuliini","Simulium","Simulium vittatum","0","99.85"
"CBAY0108_BF_B","BSNHM5597-25[BOLD:AAA4121]","Arthropoda","Insecta","Diptera","Simuliidae","Simuliinae","Simuliini","Simulium","Simulium vittatum","0","99.85"
"CBAY0108_BF_B","ICEFI127-18[BOLD:AAA4121]","Arthropoda","Insecta","Diptera","Simuliidae","Simuliinae","Simuliini","Simulium","Simulium vittatum","0","99.85"
"CBAY0108_BF_B","PRESV243-10[BOLD:AAA4121]","Arthropoda","Insecta","Diptera","Simuliidae","Simuliinae","Simuliini","Simulium","Simulium vittatum","0","99.85"
"CBAY0108_BF_B","UCOL470-23[BOLD:AAA4121]","Arthropoda","Insecta","Diptera","Simuliidae","Simuliinae","Simuliini","Simulium","Simulium vittatum","0","99.85"
"CBAY0108_BF_B","USDIQ1252-09[BOLD:AAA4121]","Arthropoda","Insecta","Diptera","Simuliidae","Simuliinae","Simuliini","Simulium","Simulium vittatum","0","99.85"
"CBAY0108_BF_B","JWDCF825-10[BOLD:AAA4121]","Arthropoda","Insecta","Diptera","Simuliidae","Simuliinae","Simuliini","Simulium","Simulium vittatum complex","0","99.85"
"CBAY0108_BF_B","GREAR115-17[BOLD:AAA4121]","Arthropoda","Insecta","Diptera","Simuliidae","Simuliinae","Simuliini","Simulium","","0","99.70"
"CBAY0108_BF_B","TTMDJ251-10[BOLD:AAA4121]","Arthropoda","Insecta","Diptera","Simuliidae","Simuliinae","Simuliini","Simulium","","0","99.70"
"CBAY0108_BF_B","UCOL1313-24[BOLD:AAA4121]","Arthropoda","Insecta","Diptera","Simuliidae","Simuliinae","Simuliini","Simulium","Simulium vittatum","0","99.70"
"CBAY0108_BF_B","UCOL472-23[BOLD:AAA4121]","Arthropoda","Insecta","Diptera","Simuliidae","Simuliinae","Simuliini","Simulium","Simulium vittatum","0","99.70"
"CBAY0132_BF_A","CIOSI25166-24[BOLD:AAA8326]","Arthropoda","Insecta","Diptera","Simuliidae","Simuliinae","Simuliini","Simulium","","0","99.85"
"CBAY0132_BF_A","FCHAR3997-19[BOLD:AAA8326]","Arthropoda","Insecta","Diptera","Simuliidae","Simuliinae","Simuliini","Simulium","","0","99.85"
"CBAY0132_BF_A","FCHAR6639-19[BOLD:AAA8326]","Arthropoda","Insecta","Diptera","Simuliidae","Simuliinae","Simuliini","Simulium","","0","99.85"
"CBAY0132_BF_A","GCHAR792-19[BOLD:AAA8326]","Arthropoda","Insecta","Diptera","Simuliidae","Simuliinae","Simuliini","Simulium","","0","99.85"
"CBAY0132_BF_A","MCHAA1091-19[BOLD:AAA8326]","Arthropoda","Insecta","Diptera","Simuliidae","Simuliinae","Simuliini","Simulium","","0","99.85"
"CBAY0132_BF_A","MCHAA1296-19[BOLD:AAA8326]","Arthropoda","Insecta","Diptera","Simuliidae","Simuliinae","Simuliini","Simulium","","0","99.85"
"CBAY0132_BF_A","MCHAD178-19[BOLD:AAA8326]","Arthropoda","Insecta","Diptera","Simuliidae","Simuliinae","Simuliini","Simulium","","0","99.85"
"CBAY0132_BF_A","MCHAE740-19[BOLD:AAA8326]","Arthropoda","Insecta","Diptera","Simuliidae","Simuliinae","Simuliini","Simulium","","0","99.85"
"CBAY0132_BF_A","DHSSI945-24[BOLD:AAA8326]","Arthropoda","Insecta","Diptera","Simuliidae","Simuliinae","Simuliini","Simulium","Simulium annulitarse","0","99.85"
"CBAY0132_BF_A","BBDCQ685-10[BOLD:AAA8326]","Arthropoda","Insecta","Diptera","Simuliidae","Simuliinae","Simuliini","Simulium","Simulium tuberosum complex","0","99.85"
"CBAY0132_BF_A","DHSSI163-23[BOLD:AAA8326]","Arthropoda","Insecta","Diptera","Simuliidae","Simuliinae","Simuliini","Simulium","Simulium vandalicum","0","99.85"
"CBAY0132_BF_A","CIOSI30057-24[BOLD:AAA8326]","Arthropoda","Insecta","Diptera","Simuliidae","Simuliinae","Simuliini","Simulium","","0","99.70"
"CBAY0132_BF_A","CIOSI30812-24[BOLD:AAA8326]","Arthropoda","Insecta","Diptera","Simuliidae","Simuliinae","Simuliini","Simulium","","0","99.70"
"CBAY0132_BF_A","CIOSI50652-24[BOLD:AAA8326]","Arthropoda","Insecta","Diptera","Simuliidae","Simuliinae","Simuliini","Simulium","","0","99.70"
"CBAY0132_BF_A","OPPAM330-17[BOLD:AAA8326]","Arthropoda","Insecta","Diptera","Simuliidae","Simuliinae","Simuliini","Simulium","","0","99.70"
"CBAY0132_BF_A","DHSSI069-23[BOLD:AAA8326]","Arthropoda","Insecta","Diptera","Simuliidae","Simuliinae","Simuliini","Simulium","Simulium tuberosum complex","0","99.70"
"CBAY0132_BF_A","DHSSI1237-24[BOLD:AAA8326]","Arthropoda","Insecta","Diptera","Simuliidae","Simuliinae","Simuliini","Simulium","Simulium tuberosum complex","0","99.70"
"CBAY0132_BF_A","DHSSI1448-24[BOLD:AAA8326]","Arthropoda","Insecta","Diptera","Simuliidae","Simuliinae","Simuliini","Simulium","Simulium tuberosum complex","0","99.70"
"CBAY0132_BF_A","DHSSI711-24[BOLD:AAA8326]","Arthropoda","Insecta","Diptera","Simuliidae","Simuliinae","Simuliini","Simulium","Simulium tuberosum complex","0","99.70"
"CBAY0132_BF_A","JWDCB250-10[BOLD:AAA8326]","Arthropoda","Insecta","Diptera","Simuliidae","Simuliinae","Simuliini","Simulium","Simulium tuberosum complex","0","99.70"
"CBAY0132_BF_A","JWDCC557-10[BOLD:AAA8326]","Arthropoda","Insecta","Diptera","Simuliidae","Simuliinae","Simuliini","Simulium","Simulium tuberosum complex","0","99.70"
"CBAY0132_BF_A","MCHAC209-19[BOLD:AAA8326]","Arthropoda","Insecta","Diptera","Simuliidae","Simuliinae","Simuliini","Simulium","","0","99.69"
"CBAY0132_BF_A","MCHAC225-19[BOLD:AAA8326]","Arthropoda","Insecta","Diptera","Simuliidae","Simuliinae","Simuliini","Simulium","","0","99.69"
"CBAY0132_BF_A","MCHAC675-19[BOLD:AAA8326]","Arthropoda","Insecta","Diptera","Simuliidae","Simuliinae","Simuliini","Simulium","","0","99.69"
"CBAY0132_BF_A","MCHAD186-19[BOLD:AAA8326]","Arthropoda","Insecta","Diptera","Simuliidae","Simuliinae","Simuliini","Simulium","","0","99.69"
"CBAY0157_BF_B","MCHAE655-19[BOLD:AAA9689]","Arthropoda","Insecta","Diptera","Simuliidae","Simuliinae","Simuliini","Simulium","Simulium craigi","0","100.00"
"CBAY0157_BF_B","ACB113-05[BOLD:AAA9689]","Arthropoda","Insecta","Diptera","Simuliidae","Simuliinae","Simuliini","Simulium","Simulium craigi","0","99.35"
"CBAY0157_BF_B","ACB138-05[BOLD:AAA9689]","Arthropoda","Insecta","Diptera","Simuliidae","Simuliinae","Simuliini","Simulium","Simulium craigi","0","99.03"
"CBAY0157_BF_B","GBDP7263-09[BOLD:AAA9689]","Arthropoda","Insecta","Diptera","Simuliidae","Simuliinae","Simuliini","Simulium","Simulium craigi","0","99.02"
"CBAY0157_BF_B","LPKIL995-22[BOLD:AAA9689]","Arthropoda","Insecta","Diptera","Simuliidae","Simuliinae","Simuliini","Simulium","Simulium craigi","0","98.77"
"CBAY0157_BF_B","CNWLM1666-13[BOLD:AAA9692]","Arthropoda","Insecta","Diptera","Simuliidae","Simuliinae","Simuliini","Simulium","Simulium craigi","0","97.26"
"CBAY0157_BF_B","CNJAD1380-12[BOLD:AAA9692]","Arthropoda","Insecta","Diptera","Simuliidae","Simuliinae","Simuliini","Simulium","Simulium craigi","0","97.11"
"CBAY0157_BF_B","CNWLM1568-13[BOLD:AAA9692]","Arthropoda","Insecta","Diptera","Simuliidae","Simuliinae","Simuliini","Simulium","Simulium craigi","0","97.11"
"CBAY0157_BF_B","FISIM265-11[BOLD:ACF5758]","Arthropoda","Insecta","Diptera","Simuliidae","Simuliinae","Simuliini","Simulium","Simulium fontinale","0","97.11"
"CBAY0157_BF_B","FISIM131-11[BOLD:AAA9686]","Arthropoda","Insecta","Diptera","Simuliidae","Simuliinae","Simuliini","Simulium","Simulium bicorne","0","96.96"
"CBAY0157_BF_B","SIIP3105-24[BOLD:ACF5757]","Arthropoda","Insecta","Diptera","Simuliidae","","","","","0","96.81"
"CBAY0157_BF_B","TRDNE060-15[BOLD:ACF5757]","Arthropoda","Insecta","Diptera","Simuliidae","Simuliinae","Simuliini","Simulium","","0","96.81"
"CBAY0157_BF_B","FISIM134-11[BOLD:AAA9686]","Arthropoda","Insecta","Diptera","Simuliidae","Simuliinae","Simuliini","Simulium","Simulium bicorne","0","96.81"
"CBAY0157_BF_B","CNGMD005-14[BOLD:ABX4941]","Arthropoda","Insecta","Diptera","Simuliidae","Simuliinae","Simuliini","Simulium","","0","96.66"
"CBAY0157_BF_B","CNJAD1615-12[BOLD:ACF5757]","Arthropoda","Insecta","Diptera","Simuliidae","Simuliinae","Simuliini","Simulium","","0","96.66"
"CBAY0157_BF_B","FISIM133-11[BOLD:AAA9686]","Arthropoda","Insecta","Diptera","Simuliidae","Simuliinae","Simuliini","Simulium","Simulium bicorne","0","96.66"
"CBAY0157_BF_B","FISIM263-11[BOLD:ACF5757]","Arthropoda","Insecta","Diptera","Simuliidae","Simuliinae","Simuliini","Simulium","Simulium fontinale","0","96.66"
"CBAY0157_BF_B","FISIM264-11[BOLD:ACF5758]","Arthropoda","Insecta","Diptera","Simuliidae","Simuliinae","Simuliini","Simulium","Simulium fontinale","0","96.66"
"CBAY0157_BF_B","FISIM267-11[BOLD:ACF5758]","Arthropoda","Insecta","Diptera","Simuliidae","Simuliinae","Simuliini","Simulium","Simulium fontinale","0","96.66"
"CBAY0157_BF_B","GMOLJ625-18[BOLD:ACF5757]","Arthropoda","Insecta","Diptera","Simuliidae","Simuliinae","Simuliini","Simulium","","0","96.64"
"CBAY0157_BF_B","CNJAC1325-12[BOLD:ACF5757]","Arthropoda","Insecta","Diptera","Simuliidae","Simuliinae","Simuliini","Simulium","","0","96.50"
"CBAY0157_BF_B","CNJAC164-12[BOLD:ACF5757]","Arthropoda","Insecta","Diptera","Simuliidae","Simuliinae","Simuliini","Simulium","","0","96.50"
"CBAY0157_BF_B","CNTMB162-14[BOLD:ABX4941]","Arthropoda","Insecta","Diptera","Simuliidae","Simuliinae","Simuliini","Simulium","","0","96.50"
"CBAY0157_BF_B","TRDNE061-15[BOLD:ACF5758]","Arthropoda","Insecta","Diptera","Simuliidae","Simuliinae","Simuliini","Simulium","","0","96.50"
"CBAY0157_BF_B","DHSSI1283-24[BOLD:AGG3523]","Arthropoda","Insecta","Diptera","Simuliidae","Simuliinae","Simuliini","Simulium","Simulium craigi","0","96.50"
"CBAY0157_BF_C","MCHAE655-19[BOLD:AAA9689]","Arthropoda","Insecta","Diptera","Simuliidae","Simuliinae","Simuliini","Simulium","Simulium craigi","0","95.73"
"CBAY0157_BF_C","CNMIL466-14[BOLD:ABX4941]","Arthropoda","Insecta","Diptera","Simuliidae","Simuliinae","Simuliini","Simulium","","0","95.36"
"CBAY0157_BF_C","SSBCA1206-15[BOLD:AAA9692]","Arthropoda","Insecta","Diptera","Simuliidae","Simuliinae","Simuliini","Simulium","Simulium craigi","0","95.24"
"CBAY0157_BF_C","CNTND1572-14[BOLD:ABX4941]","Arthropoda","Insecta","Diptera","Simuliidae","Simuliinae","Simuliini","Simulium","","0","95.18"
"CBAY0157_BF_C","CNTNF027-14[BOLD:ABX4941]","Arthropoda","Insecta","Diptera","Simuliidae","Simuliinae","Simuliini","Simulium","","0","95.18"
"CBAY0157_BF_C","LPKIL995-22[BOLD:AAA9689]","Arthropoda","Insecta","Diptera","Simuliidae","Simuliinae","Simuliini","Simulium","Simulium craigi","0","94.92"
"CBAY0157_BF_C","ACB113-05[BOLD:AAA9689]","Arthropoda","Insecta","Diptera","Simuliidae","Simuliinae","Simuliini","Simulium","Simulium craigi","0","94.82"
"CBAY0157_BF_C","BIOAI125-14[BOLD:ACF5758]","Arthropoda","Insecta","Diptera","Simuliidae","Simuliinae","Simuliini","Simulium","","0","94.80"
"CBAY0157_BF_C","CNJAF1033-12[BOLD:AAA9692]","Arthropoda","Insecta","Diptera","Simuliidae","Simuliinae","Simuliini","Simulium","Simulium craigi","0","94.65"
"CBAY0157_BF_C","CNVUB299-14[BOLD:ACF5758]","Arthropoda","Insecta","Diptera","Simuliidae","Simuliinae","Simuliini","Simulium","","0","94.56"
"CBAY0157_BF_C","ACB138-05[BOLD:AAA9689]","Arthropoda","Insecta","Diptera","Simuliidae","Simuliinae","Simuliini","Simulium","Simulium craigi","0","94.50"
"CBAY0157_BF_C","GBDP7263-09[BOLD:AAA9689]","Arthropoda","Insecta","Diptera","Simuliidae","Simuliinae","Simuliini","Simulium","Simulium craigi","0","94.47"
"CBAY0157_BF_C","FISIM131-11[BOLD:AAA9686]","Arthropoda","Insecta","Diptera","Simuliidae","Simuliinae","Simuliini","Simulium","Simulium bicorne","0","94.38"
"CBAY0157_BF_C","CNKLG1591-15[BOLD:ACF5758]","Arthropoda","Insecta","Diptera","Simuliidae","Simuliinae","Simuliini","Simulium","","0","94.27"
"CBAY0157_BF_C","GMOLH1313-15[BOLD:ACF5757]","Arthropoda","Insecta","Diptera","Simuliidae","Simuliinae","Simuliini","Simulium","","0","94.27"
"CBAY0157_BF_C","CNTGF2089-15[BOLD:ABX4941]","Arthropoda","Insecta","Diptera","Simuliidae","Simuliinae","Simuliini","Simulium","","0","94.22"
"CBAY0157_BF_C","CNTMC336-14[BOLD:ABX4941]","Arthropoda","Insecta","Diptera","Simuliidae","Simuliinae","Simuliini","Simulium","","0","94.22"
"CBAY0157_BF_C","FISIM134-11[BOLD:AAA9686]","Arthropoda","Insecta","Diptera","Simuliidae","Simuliinae","Simuliini","Simulium","Simulium bicorne","0","94.22"
"CBAY0157_BF_C","FISIM265-11[BOLD:ACF5758]","Arthropoda","Insecta","Diptera","Simuliidae","Simuliinae","Simuliini","Simulium","Simulium fontinale","0","94.22"
"CBAY0157_BF_C","CNVUA753-14[BOLD:ACF5757]","Arthropoda","Insecta","Diptera","Simuliidae","Simuliinae","Simuliini","Simulium","","1","94.17"
"CBAY0157_BF_C","CNTGA063-15[BOLD:ABX4941]","Arthropoda","Insecta","Diptera","Simuliidae","Simuliinae","Simuliini","Simulium","","0","94.13"
"CBAY0157_BF_C","CNTGC953-15[BOLD:ABX4941]","Arthropoda","Insecta","Diptera","Simuliidae","Simuliinae","Simuliini","Simulium","","0","94.10"
"CBAY0157_BF_C","CNTNF310-14[BOLD:ABX4941]","Arthropoda","Insecta","Diptera","Simuliidae","Simuliinae","Simuliini","Simulium","","0","94.10"
"CBAY0157_BF_C","CNJAD1380-12[BOLD:AAA9692]","Arthropoda","Insecta","Diptera","Simuliidae","Simuliinae","Simuliini","Simulium","Simulium craigi","0","94.07"
"CBAY0157_BF_C","CNWLM1666-13[BOLD:AAA9692]","Arthropoda","Insecta","Diptera","Simuliidae","Simuliinae","Simuliini","Simulium","Simulium craigi","0","94.07"
"CBAY0169_BF_A","BCHAR2711-18[BOLD:AAA8326]","Arthropoda","Insecta","Diptera","Simuliidae","Simuliinae","Simuliini","Simulium","","0","100.00"
"CBAY0169_BF_A","GMOQJ642-19[BOLD:AAA8326]","Arthropoda","Insecta","Diptera","Simuliidae","Simuliinae","Simuliini","Simulium","","0","100.00"
"CBAY0169_BF_A","MCHAA378-19[BOLD:AAA8326]","Arthropoda","Insecta","Diptera","Simuliidae","Simuliinae","Simuliini","Simulium","","0","100.00"
"CBAY0169_BF_A","MCHAA793-19[BOLD:AAA8326]","Arthropoda","Insecta","Diptera","Simuliidae","Simuliinae","Simuliini","Simulium","","0","100.00"
"CBAY0169_BF_A","MCHAC479-19[BOLD:AAA8326]","Arthropoda","Insecta","Diptera","Simuliidae","Simuliinae","Simuliini","Simulium","","0","100.00"
"CBAY0169_BF_A","MCHAD1422-19[BOLD:AAA8326]","Arthropoda","Insecta","Diptera","Simuliidae","Simuliinae","Simuliini","Simulium","","0","100.00"
"CBAY0169_BF_A","MCHAD664-19[BOLD:AAA8326]","Arthropoda","Insecta","Diptera","Simuliidae","Simuliinae","Simuliini","Simulium","","0","100.00"
"CBAY0169_BF_A","FCHAR6639-19[BOLD:AAA8326]","Arthropoda","Insecta","Diptera","Simuliidae","Simuliinae","Simuliini","Simulium","","0","99.85"
"CBAY0169_BF_A","GCHAR792-19[BOLD:AAA8326]","Arthropoda","Insecta","Diptera","Simuliidae","Simuliinae","Simuliini","Simulium","","0","99.85"
"CBAY0169_BF_A","JBLRB5172-23[BOLD:AAA8326]","Arthropoda","Insecta","Diptera","Simuliidae","Simuliinae","Simuliini","Simulium","","0","99.85"
"CBAY0169_BF_A","MCHAA1091-19[BOLD:AAA8326]","Arthropoda","Insecta","Diptera","Simuliidae","Simuliinae","Simuliini","Simulium","","0","99.85"
"CBAY0169_BF_A","MCHAA1296-19[BOLD:AAA8326]","Arthropoda","Insecta","Diptera","Simuliidae","Simuliinae","Simuliini","Simulium","","0","99.85"
"CBAY0169_BF_A","MCHAC488-19[BOLD:AAA8326]","Arthropoda","Insecta","Diptera","Simuliidae","Simuliinae","Simuliini","Simulium","","0","99.85"
"CBAY0169_BF_A","MCHAD1645-19[BOLD:AAA8326]","Arthropoda","Insecta","Diptera","Simuliidae","Simuliinae","Simuliini","Simulium","","0","99.85"
"CBAY0169_BF_A","MCHAD178-19[BOLD:AAA8326]","Arthropoda","Insecta","Diptera","Simuliidae","Simuliinae","Simuliini","Simulium","","0","99.85"
"CBAY0169_BF_A","POLCO481-20[BOLD:AAA8326]","Arthropoda","Insecta","Diptera","Simuliidae","Simuliinae","Simuliini","Simulium","","0","99.85"
"CBAY0169_BF_A","CIOSI25166-24[BOLD:AAA8326]","Arthropoda","Insecta","Diptera","Simuliidae","Simuliinae","Simuliini","Simulium","","0","99.70"
"CBAY0169_BF_A","CIOSI43965-24[BOLD:AAA8326]","Arthropoda","Insecta","Diptera","Simuliidae","Simuliinae","Simuliini","Simulium","","0","99.70"
"CBAY0169_BF_A","MCHAE740-19[BOLD:AAA8326]","Arthropoda","Insecta","Diptera","Simuliidae","Simuliinae","Simuliini","Simulium","","0","99.70"
"CBAY0169_BF_A","DHSSI945-24[BOLD:AAA8326]","Arthropoda","Insecta","Diptera","Simuliidae","Simuliinae","Simuliini","Simulium","Simulium annulitarse","0","99.70"
"CBAY0169_BF_A","BBDCQ685-10[BOLD:AAA8326]","Arthropoda","Insecta","Diptera","Simuliidae","Simuliinae","Simuliini","Simulium","Simulium tuberosum complex","0","99.70"
"CBAY0169_BF_A","DHSSI163-23[BOLD:AAA8326]","Arthropoda","Insecta","Diptera","Simuliidae","Simuliinae","Simuliini","Simulium","Simulium vandalicum","0","99.70"
"CBAY0169_BF_A","OPPAM330-17[BOLD:AAA8326]","Arthropoda","Insecta","Diptera","Simuliidae","Simuliinae","Simuliini","Simulium","","0","99.54"
"CBAY0169_BF_A","JWDCB250-10[BOLD:AAA8326]","Arthropoda","Insecta","Diptera","Simuliidae","Simuliinae","Simuliini","Simulium","Simulium tuberosum complex","0","99.54"
"CBAY0169_BF_A","JWDCC557-10[BOLD:AAA8326]","Arthropoda","Insecta","Diptera","Simuliidae","Simuliinae","Simuliini","Simulium","Simulium tuberosum complex","0","99.54"
"CBAY0175_M_B","UCOL1307-24[BOLD:AAA4121]","Arthropoda","Insecta","Diptera","Simuliidae","Simuliinae","Simuliini","Simulium","Simulium vittatum","0","99.85"
"CBAY0175_M_B","CIOSJ37956-24[BOLD:AAA4121]","Arthropoda","Insecta","Diptera","Simuliidae","Simuliinae","Simuliini","Simulium","","0","99.70"
"CBAY0175_M_B","CRBCA3331-24[BOLD:AAA4121]","Arthropoda","Insecta","Diptera","Simuliidae","Simuliinae","Simuliini","Simulium","","0","99.70"
"CBAY0175_M_B","UCOL1316-24[BOLD:AAA4121]","Arthropoda","Insecta","Diptera","Simuliidae","Simuliinae","Simuliini","Simulium","Simulium vittatum","0","99.70"
"CBAY0175_M_B","YGEN1286-22[BOLD:AAA4121]","Arthropoda","Insecta","Diptera","Simuliidae","Simuliinae","Simuliini","Simulium","Simulium argus","0","99.69"
"CBAY0175_M_B","CIOSJ35514-24[BOLD:AAA4121]","Arthropoda","Insecta","Diptera","Simuliidae","Simuliinae","Simuliini","Simulium","","0","99.54"
"CBAY0175_M_B","CIOSJ41749-24[BOLD:AAA4121]","Arthropoda","Insecta","Diptera","Simuliidae","Simuliinae","Simuliini","Simulium","","0","99.54"
"CBAY0175_M_B","CIOSJ46403-24[BOLD:AAA4121]","Arthropoda","Insecta","Diptera","Simuliidae","Simuliinae","Simuliini","Simulium","","0","99.54"
"CBAY0175_M_B","CISSB22720-23[BOLD:AAA4121]","Arthropoda","Insecta","Diptera","Simuliidae","Simuliinae","Simuliini","Simulium","","0","99.54"
"CBAY0175_M_B","CISSB24888-23[BOLD:AAA4121]","Arthropoda","Insecta","Diptera","Simuliidae","Simuliinae","Simuliini","Simulium","","0","99.54"
"CBAY0175_M_B","CIOSJ32017-24[BOLD:AAA4121]","Arthropoda","Insecta","Diptera","Simuliidae","Simuliinae","Simuliini","Simulium","","0","99.39"
"CBAY0175_M_B","CIOSJ32191-24[BOLD:AAA4121]","Arthropoda","Insecta","Diptera","Simuliidae","Simuliinae","Simuliini","Simulium","","0","99.39"
"CBAY0175_M_B","CIOSJ35138-24[BOLD:AAA4121]","Arthropoda","Insecta","Diptera","Simuliidae","Simuliinae","Simuliini","Simulium","","0","99.39"
"CBAY0175_M_B","CIOSJ35260-24[BOLD:AAA4121]","Arthropoda","Insecta","Diptera","Simuliidae","Simuliinae","Simuliini","Simulium","","0","99.39"
"CBAY0175_M_B","CIOSJ42605-24[BOLD:AAA4121]","Arthropoda","Insecta","Diptera","Simuliidae","Simuliinae","Simuliini","Simulium","","0","99.39"
"CBAY0175_M_B","CIOSJ44034-24[BOLD:AAA4121]","Arthropoda","Insecta","Diptera","Simuliidae","Simuliinae","Simuliini","Simulium","","0","99.39"
"CBAY0175_M_B","CIOSL38951-24[BOLD:AAA4121]","Arthropoda","Insecta","Diptera","Simuliidae","Simuliinae","Simuliini","Simulium","","0","99.39"
"CBAY0175_M_B","GMSVE3280-23[BOLD:AAA4121]","Arthropoda","Insecta","Diptera","Simuliidae","Simuliinae","Simuliini","Simulium","","0","99.39"
"CBAY0175_M_B","CIOSJ35030-24[BOLD:AAA4121]","Arthropoda","Insecta","Diptera","Simuliidae","Simuliinae","Simuliini","Simulium","","0","99.24"
"CBAY0175_M_B","CIOSJ35376-24[BOLD:AAA4121]","Arthropoda","Insecta","Diptera","Simuliidae","Simuliinae","Simuliini","Simulium","","0","99.24"
"CBAY0175_M_B","CIOSJ40761-24[BOLD:AAA4121]","Arthropoda","Insecta","Diptera","Simuliidae","Simuliinae","Simuliini","Simulium","","0","99.24"
"CBAY0175_M_B","TTMDI1020-10[BOLD:AAA4121]","Arthropoda","Insecta","Diptera","Simuliidae","Simuliinae","Simuliini","Simulium","","0","99.24"
"CBAY0175_M_B","UCOL1309-24[BOLD:AAA4121]","Arthropoda","Insecta","Diptera","Simuliidae","Simuliinae","Simuliini","Simulium","Simulium vittatum","0","99.24"
"CBAY0175_M_B","CRBCA2091-24[BOLD:AAA4121]","Arthropoda","Insecta","Diptera","Simuliidae","Simuliinae","Simuliini","Simulium","","0","99.09"
"CBAY0175_M_B","SWRCC125-09[BOLD:AAA4121]","Arthropoda","Insecta","Diptera","Simuliidae","Simuliinae","Simuliini","Simulium","","0","99.09"
"CBAY0212_BF_A","CNPAD641-13[BOLD:AAA9710]","Arthropoda","Insecta","Diptera","Simuliidae","Simuliinae","Simuliini","Simulium","","0","99.68"
"CBAY0212_BF_A","BCHAR3466-18[BOLD:AAA9710]","Arthropoda","Insecta","Diptera","Simuliidae","Simuliinae","Simuliini","Simulium","","0","99.54"
"CBAY0212_BF_A","MCHAB691-19[BOLD:AAA9710]","Arthropoda","Insecta","Diptera","Simuliidae","Simuliinae","Simuliini","Simulium","","0","99.54"
"CBAY0212_BF_A","MCHAD190-19[BOLD:AAA9710]","Arthropoda","Insecta","Diptera","Simuliidae","Simuliinae","Simuliini","Simulium","","0","99.54"
"CBAY0212_BF_A","BBDCM292-10[BOLD:AAA9710]","Arthropoda","Insecta","Diptera","Simuliidae","Simuliinae","Simuliini","Simulium","Simulium tuberosum complex","0","99.54"
"CBAY0212_BF_A","ASDIP258-15[BOLD:AAA9710]","Arthropoda","Insecta","Diptera","Simuliidae","Simuliinae","Simuliini","Simulium","Simulium sp. BOLDAAA9710","0","98.94"
"CBAY0212_BF_A","ASDIP029-15[BOLD:AAA9710]","Arthropoda","Insecta","Diptera","Simuliidae","Simuliinae","Simuliini","Simulium","Simulium tuberosum","0","98.94"
"CBAY0212_BF_A","JWDCF819-10[BOLD:AAA9710]","Arthropoda","Insecta","Diptera","Simuliidae","Simuliinae","Simuliini","Simulium","Simulium tuberosum complex","0","98.94"
"CBAY0212_BF_A","FCHAR6630-19[BOLD:AAA9710]","Arthropoda","Insecta","Diptera","Simuliidae","Simuliinae","Simuliini","Simulium","","0","98.93"
"CBAY0212_BF_A","ABCMB7404-23[BOLD:AAA9710]","Arthropoda","Insecta","Diptera","Simuliidae","Simuliinae","Simuliini","Simulium","","0","98.78"
"CBAY0212_BF_A","POROM163-19[BOLD:AAA9710]","Arthropoda","Insecta","Diptera","Simuliidae","Simuliinae","Simuliini","Simulium","","0","98.78"
"CBAY0212_BF_A","JWDCB249-10[BOLD:AAA9710]","Arthropoda","Insecta","Diptera","Simuliidae","Simuliinae","Simuliini","Simulium","Simulium tuberosum complex","0","98.78"
"CBAY0212_BF_A","ASDIP259-15[BOLD:AAA9710]","Arthropoda","Insecta","Diptera","Simuliidae","Simuliinae","Simuliini","Simulium","Simulium sp. BOLDAAA9710","0","98.77"
"CBAY0212_BF_A","ASDIP251-15[BOLD:AAA9710]","Arthropoda","Insecta","Diptera","Simuliidae","Simuliinae","Simuliini","Simulium","Simulium sp. BOLDAAA9710","0","98.63"
"CBAY0212_BF_A","NBPSI002-11[BOLD:AAA9710]","Arthropoda","Insecta","Diptera","Simuliidae","Simuliinae","Simuliini","Simulium","Simulium tuberosum complex","0","98.63"
"CBAY0212_BF_A","BCMIN606-23[BOLD:AAA9710]","Arthropoda","Insecta","Diptera","Simuliidae","Simuliinae","Simuliini","Simulium","","0","98.48"
"CBAY0212_BF_A","OPPBC998-17[BOLD:AAA9710]","Arthropoda","Insecta","Diptera","Simuliidae","Simuliinae","Simuliini","Simulium","","0","98.48"
"CBAY0212_BF_A","ASDIP256-15[BOLD:AAA9710]","Arthropoda","Insecta","Diptera","Simuliidae","Simuliinae","Simuliini","Simulium","Simulium tuberosum","0","98.48"
"CBAY0212_BF_A","BBDEC401-09[BOLD:AAA9710]","Arthropoda","Insecta","Diptera","Simuliidae","Simuliinae","Simuliini","Simulium","Simulium tuberosum","0","98.48"
"CBAY0212_BF_A","BCMIN071-23[BOLD:AAA9710]","Arthropoda","Insecta","Diptera","Simuliidae","Simuliinae","Simuliini","Simulium","","0","98.33"
"CBAY0212_BF_A","OPPBC753-17[BOLD:AAA9710]","Arthropoda","Insecta","Diptera","Simuliidae","Simuliinae","Simuliini","Simulium","","0","98.33"
"CBAY0212_BF_A","POROM151-19[BOLD:AAA9710]","Arthropoda","Insecta","Diptera","Simuliidae","Simuliinae","Simuliini","Simulium","","0","98.33"
"CBAY0212_BF_A","ASDIP245-15[BOLD:AAA9710]","Arthropoda","Insecta","Diptera","Simuliidae","Simuliinae","Simuliini","Simulium","Simulium sp. BOLDAAA9710","0","98.33"
"CBAY0212_BF_A","ASDIP254-15[BOLD:AAA9710]","Arthropoda","Insecta","Diptera","Simuliidae","Simuliinae","Simuliini","Simulium","Simulium tuberosum","0","98.33"
"CBAY0212_BF_A","ASDIP252-15[BOLD:AAA9710]","Arthropoda","Insecta","Diptera","Simuliidae","Simuliinae","Simuliini","Simulium","Simulium tuberosum complex","0","98.33"
"CBAY0219_BF_A","NBPSI012-11[BOLD:AAA4121]","Arthropoda","Insecta","Diptera","Simuliidae","Simuliinae","Simuliini","Simulium","Simulium vittatum","0","100.00"
"CBAY0219_BF_A","JWDCE771-10[BOLD:AAA4121]","Arthropoda","Insecta","Diptera","Simuliidae","Simuliinae","Simuliini","Simulium","Simulium vittatum complex","0","100.00"
"CBAY0219_BF_A","MHFLI321-07[BOLD:AAA4121]","Arthropoda","Insecta","Diptera","Simuliidae","Simuliinae","Simuliini","Simulium","Simulium vittatum complex","0","100.00"
"CBAY0219_BF_A","MHFLI401-07[BOLD:AAA4121]","Arthropoda","Insecta","Diptera","Simuliidae","Simuliinae","Simuliini","Simulium","Simulium vittatum complex","0","100.00"
"CBAY0219_BF_A","CFWIB872-10[BOLD:AAA4121]","Arthropoda","Insecta","Diptera","Simuliidae","Simuliinae","Simuliini","Simulium","","0","99.85"
"CBAY0219_BF_A","CIOSJ22050-24[BOLD:AAA4121]","Arthropoda","Insecta","Diptera","Simuliidae","Simuliinae","Simuliini","Simulium","","0","99.85"
"CBAY0219_BF_A","CISSB9072-23[BOLD:AAA4121]","Arthropoda","Insecta","Diptera","Simuliidae","Simuliinae","Simuliini","Simulium","","0","99.85"
"CBAY0219_BF_A","CRBCA1617-24[BOLD:AAA4121]","Arthropoda","Insecta","Diptera","Simuliidae","Simuliinae","Simuliini","Simulium","","0","99.85"
"CBAY0219_BF_A","CRBCA2295-24[BOLD:AAA4121]","Arthropoda","Insecta","Diptera","Simuliidae","Simuliinae","Simuliini","Simulium","","0","99.85"
"CBAY0219_BF_A","UCOL1313-24[BOLD:AAA4121]","Arthropoda","Insecta","Diptera","Simuliidae","Simuliinae","Simuliini","Simulium","Simulium vittatum","0","99.85"
"CBAY0219_BF_A","JWDCH322-10[BOLD:AAA4121]","Arthropoda","Insecta","Diptera","Simuliidae","Simuliinae","Simuliini","Simulium","Simulium vittatum complex","0","99.85"
"CBAY0219_BF_A","JWDCJ403-11[BOLD:AAA4121]","Arthropoda","Insecta","Diptera","Simuliidae","Simuliinae","Simuliini","Simulium","Simulium vittatum complex","0","99.85"
"CBAY0219_BF_A","CRBCA2287-24[BOLD:AAA4121]","Arthropoda","Insecta","Diptera","Simuliidae","Simuliinae","Simuliini","Simulium","","0","99.70"
"CBAY0219_BF_A","GMORO133-19[BOLD:AAA4121]","Arthropoda","Insecta","Diptera","Simuliidae","Simuliinae","Simuliini","Simulium","","0","99.69"
"CBAY0219_BF_A","USDIQ1396-09[BOLD:AAA4121]","Arthropoda","Insecta","Diptera","Simuliidae","Simuliinae","Simuliini","Simulium","Simulium vittatum","0","99.69"
"CBAY0219_BF_A","CIOSI29138-24[BOLD:AAA4121]","Arthropoda","Insecta","Diptera","Simuliidae","Simuliinae","Simuliini","Simulium","","0","99.54"
"CBAY0219_BF_A","CIOSJ16362-24[BOLD:AAA4121]","Arthropoda","Insecta","Diptera","Simuliidae","Simuliinae","Simuliini","Simulium","","0","99.54"
"CBAY0219_BF_A","CIOSJ31953-24[BOLD:AAA4121]","Arthropoda","Insecta","Diptera","Simuliidae","Simuliinae","Simuliini","Simulium","","0","99.54"
"CBAY0219_BF_A","CIOSL38928-24[BOLD:AAA4121]","Arthropoda","Insecta","Diptera","Simuliidae","Simuliinae","Simuliini","Simulium","","0","99.54"
"CBAY0219_BF_A","CIOSL38940-24[BOLD:AAA4121]","Arthropoda","Insecta","Diptera","Simuliidae","Simuliinae","Simuliini","Simulium","","0","99.54"
"CBAY0219_BF_A","CRBCA2091-24[BOLD:AAA4121]","Arthropoda","Insecta","Diptera","Simuliidae","Simuliinae","Simuliini","Simulium","","0","99.54"
"CBAY0219_BF_A","SWRCC125-09[BOLD:AAA4121]","Arthropoda","Insecta","Diptera","Simuliidae","Simuliinae","Simuliini","Simulium","","0","99.54"
"CBAY0219_BF_A","ICEFI127-18[BOLD:AAA4121]","Arthropoda","Insecta","Diptera","Simuliidae","Simuliinae","Simuliini","Simulium","Simulium vittatum","0","99.54"
"CBAY0219_BF_A","NBPSI190-11[BOLD:AAA4121]","Arthropoda","Insecta","Diptera","Simuliidae","Simuliinae","Simuliini","Simulium","Simulium vittatum","0","99.54"
"CBAY0219_BF_A","JWDCG171-10[BOLD:AAA4121]","Arthropoda","Insecta","Diptera","Simuliidae","Simuliinae","Simuliini","Simulium","Simulium vittatum complex","0","99.54"
"CBAY0222_BF_A","CIOSJ22050-24[BOLD:AAA4121]","Arthropoda","Insecta","Diptera","Simuliidae","Simuliinae","Simuliini","Simulium","","0","99.85"
"CBAY0222_BF_A","CIOSJ31953-24[BOLD:AAA4121]","Arthropoda","Insecta","Diptera","Simuliidae","Simuliinae","Simuliini","Simulium","","0","99.85"
"CBAY0222_BF_A","CISSB9072-23[BOLD:AAA4121]","Arthropoda","Insecta","Diptera","Simuliidae","Simuliinae","Simuliini","Simulium","","0","99.85"
"CBAY0222_BF_A","CISSB9082-23[BOLD:AAA4121]","Arthropoda","Insecta","Diptera","Simuliidae","Simuliinae","Simuliini","Simulium","","0","99.85"
"CBAY0222_BF_A","BSNHM5596-25[BOLD:AAA4121]","Arthropoda","Insecta","Diptera","Simuliidae","Simuliinae","Simuliini","Simulium","Simulium vittatum","0","99.85"
"CBAY0222_BF_A","NBPSI190-11[BOLD:AAA4121]","Arthropoda","Insecta","Diptera","Simuliidae","Simuliinae","Simuliini","Simulium","Simulium vittatum","0","99.85"
"CBAY0222_BF_A","UCOL1313-24[BOLD:AAA4121]","Arthropoda","Insecta","Diptera","Simuliidae","Simuliinae","Simuliini","Simulium","Simulium vittatum","0","99.85"
"CBAY0222_BF_A","JWDCG171-10[BOLD:AAA4121]","Arthropoda","Insecta","Diptera","Simuliidae","Simuliinae","Simuliini","Simulium","Simulium vittatum complex","0","99.85"
"CBAY0222_BF_A","AGAKS1890-17[BOLD:AAA4121]","Arthropoda","Insecta","Diptera","Simuliidae","Simuliinae","Simuliini","Simulium","","0","99.70"
"CBAY0222_BF_A","BARSA337-15[BOLD:AAA4121]","Arthropoda","Insecta","Diptera","Simuliidae","Simuliinae","Simuliini","Simulium","","0","99.70"
"CBAY0222_BF_A","BBDIT1798-12[BOLD:AAA4121]","Arthropoda","Insecta","Diptera","Simuliidae","Simuliinae","Simuliini","Simulium","","0","99.70"
"CBAY0222_BF_A","CFWIE557-10[BOLD:AAA4121]","Arthropoda","Insecta","Diptera","Simuliidae","Simuliinae","Simuliini","Simulium","","0","99.70"
"CBAY0222_BF_A","CIOSJ17233-24[BOLD:AAA4121]","Arthropoda","Insecta","Diptera","Simuliidae","Simuliinae","Simuliini","Simulium","","0","99.70"
"CBAY0222_BF_A","CIOSJ32090-24[BOLD:AAA4121]","Arthropoda","Insecta","Diptera","Simuliidae","Simuliinae","Simuliini","Simulium","","0","99.70"
"CBAY0222_BF_A","CIOSJ44334-24[BOLD:AAA4121]","Arthropoda","Insecta","Diptera","Simuliidae","Simuliinae","Simuliini","Simulium","","0","99.70"
"CBAY0222_BF_A","DIPUR070-10[BOLD:AAA4121]","Arthropoda","Insecta","Diptera","Simuliidae","Simuliinae","Simuliini","Simulium","","0","99.70"
"CBAY0222_BF_A","LPGER32761-24[BOLD:AAA4121]","Arthropoda","Insecta","Diptera","Simuliidae","Simuliinae","Simuliini","Simulium","","0","99.70"
"CBAY0222_BF_A","BBDED056-10[BOLD:AAA4121]","Arthropoda","Insecta","Diptera","Simuliidae","Simuliinae","Simuliini","Simulium","Simulium vittatum","0","99.70"
"CBAY0222_BF_A","ICEFI127-18[BOLD:AAA4121]","Arthropoda","Insecta","Diptera","Simuliidae","Simuliinae","Simuliini","Simulium","Simulium vittatum","0","99.70"
"CBAY0222_BF_A","NBPSI012-11[BOLD:AAA4121]","Arthropoda","Insecta","Diptera","Simuliidae","Simuliinae","Simuliini","Simulium","Simulium vittatum","0","99.70"
"CBAY0222_BF_A","PRESV243-10[BOLD:AAA4121]","Arthropoda","Insecta","Diptera","Simuliidae","Simuliinae","Simuliini","Simulium","Simulium vittatum","0","99.70"
"CBAY0222_BF_A","UCOL470-23[BOLD:AAA4121]","Arthropoda","Insecta","Diptera","Simuliidae","Simuliinae","Simuliini","Simulium","Simulium vittatum","0","99.70"
"CBAY0222_BF_A","USDIQ1252-09[BOLD:AAA4121]","Arthropoda","Insecta","Diptera","Simuliidae","Simuliinae","Simuliini","Simulium","Simulium vittatum","0","99.70"
"CBAY0222_BF_A","JWDCE771-10[BOLD:AAA4121]","Arthropoda","Insecta","Diptera","Simuliidae","Simuliinae","Simuliini","Simulium","Simulium vittatum complex","0","99.70"
"CBAY0222_BF_A","JWDCF825-10[BOLD:AAA4121]","Arthropoda","Insecta","Diptera","Simuliidae","Simuliinae","Simuliini","Simulium","Simulium vittatum complex","0","99.70"
"CBAY0237_BF_C","SGABR2363-12[BOLD:AAA4121]","Arthropoda","Insecta","Diptera","Simuliidae","Simuliinae","Simuliini","Simulium","Simulium argus","0","96.84"
"CBAY0237_BF_C","GBCAA37645-24[BOLD:AAA4121]","Arthropoda","Insecta","Diptera","Simuliidae","Simuliinae","Simuliini","Simulium","Simulium vittatum","0","96.60"
"CBAY0237_BF_C","GMDAP457-12[BOLD:AAA4121]","Arthropoda","Insecta","Diptera","Simuliidae","Simuliinae","Simuliini","Simulium","Simulium sp. BOLDAAA4121","0","96.44"
"CBAY0237_BF_C","RRINV2840-15[BOLD:AAA4121]","Arthropoda","Insecta","Diptera","Simuliidae","Simuliinae","Simuliini","Simulium","Simulium vittatum","0","96.44"
"CBAY0237_BF_C","CISSB22720-23[BOLD:AAA4121]","Arthropoda","Insecta","Diptera","Simuliidae","Simuliinae","Simuliini","Simulium","","0","96.32"
"CBAY0237_BF_C","RRINV2837-15[BOLD:AAA4121]","Arthropoda","Insecta","Diptera","Simuliidae","Simuliinae","Simuliini","Simulium","Simulium vittatum","0","96.28"
"CBAY0237_BF_C","WCCMS1007-13[BOLD:AAA4121]","Arthropoda","Insecta","Diptera","Simuliidae","Simuliinae","Simuliini","Simulium","Simulium vittatum","0","96.27"
"CBAY0237_BF_C","CIOSJ32191-24[BOLD:AAA4121]","Arthropoda","Insecta","Diptera","Simuliidae","Simuliinae","Simuliini","Simulium","","0","96.20"
"CBAY0237_BF_C","CIOSJ35260-24[BOLD:AAA4121]","Arthropoda","Insecta","Diptera","Simuliidae","Simuliinae","Simuliini","Simulium","","0","96.20"
"CBAY0237_BF_C","CIOSJ37956-24[BOLD:AAA4121]","Arthropoda","Insecta","Diptera","Simuliidae","Simuliinae","Simuliini","Simulium","","0","96.20"
"CBAY0237_BF_C","CRBCA3331-24[BOLD:AAA4121]","Arthropoda","Insecta","Diptera","Simuliidae","Simuliinae","Simuliini","Simulium","","0","96.20"
"CBAY0237_BF_C","UCOL1316-24[BOLD:AAA4121]","Arthropoda","Insecta","Diptera","Simuliidae","Simuliinae","Simuliini","Simulium","Simulium vittatum","0","96.20"
"CBAY0237_BF_C","YGEN1286-22[BOLD:AAA4121]","Arthropoda","Insecta","Diptera","Simuliidae","Simuliinae","Simuliini","Simulium","Simulium argus","0","96.17"
"CBAY0237_BF_C","GBCAA37643-24[BOLD:AAA4121]","Arthropoda","Insecta","Diptera","Simuliidae","Simuliinae","Simuliini","Simulium","Simulium vittatum","0","96.17"
"CBAY0237_BF_C","WCCMS857-13[BOLD:AAA4121]","Arthropoda","Insecta","Diptera","Simuliidae","Simuliinae","Simuliini","Simulium","Simulium vittatum","0","96.13"
"CBAY0237_BF_C","CIOSJ32017-24[BOLD:AAA4121]","Arthropoda","Insecta","Diptera","Simuliidae","Simuliinae","Simuliini","Simulium","","0","96.05"
"CBAY0237_BF_C","CIOSJ35030-24[BOLD:AAA4121]","Arthropoda","Insecta","Diptera","Simuliidae","Simuliinae","Simuliini","Simulium","","0","96.05"
"CBAY0237_BF_C","CIOSJ35514-24[BOLD:AAA4121]","Arthropoda","Insecta","Diptera","Simuliidae","Simuliinae","Simuliini","Simulium","","0","96.05"
"CBAY0237_BF_C","CIOSJ41749-24[BOLD:AAA4121]","Arthropoda","Insecta","Diptera","Simuliidae","Simuliinae","Simuliini","Simulium","","0","96.05"
"CBAY0237_BF_C","CIOSJ46403-24[BOLD:AAA4121]","Arthropoda","Insecta","Diptera","Simuliidae","Simuliinae","Simuliini","Simulium","","0","96.05"
"CBAY0237_BF_C","UCOL1307-24[BOLD:AAA4121]","Arthropoda","Insecta","Diptera","Simuliidae","Simuliinae","Simuliini","Simulium","Simulium vittatum","0","96.05"
"CBAY0237_BF_C","UCOL1309-24[BOLD:AAA4121]","Arthropoda","Insecta","Diptera","Simuliidae","Simuliinae","Simuliini","Simulium","Simulium vittatum","0","96.05"
"CBAY0237_BF_C","WCCMS861-13[BOLD:AAA4121]","Arthropoda","Insecta","Diptera","Simuliidae","Simuliinae","Simuliini","Simulium","Simulium vittatum","0","96.03"
"CBAY0237_BF_C","CISSB24888-23[BOLD:AAA4121]","Arthropoda","Insecta","Diptera","Simuliidae","Simuliinae","Simuliini","Simulium","","0","96.02"
"CBAY0237_BF_C","GBCAA37653-24[BOLD:AAA4121]","Arthropoda","Insecta","Diptera","Simuliidae","Simuliinae","Simuliini","Simulium","Simulium vittatum","0","96.01"
"CBAY0248_BF_B","BCHAR3466-18[BOLD:AAA9710]","Arthropoda","Insecta","Diptera","Simuliidae","Simuliinae","Simuliini","Simulium","","0","99.85"
"CBAY0248_BF_B","MCHAB691-19[BOLD:AAA9710]","Arthropoda","Insecta","Diptera","Simuliidae","Simuliinae","Simuliini","Simulium","","0","99.85"
"CBAY0248_BF_B","MCHAD190-19[BOLD:AAA9710]","Arthropoda","Insecta","Diptera","Simuliidae","Simuliinae","Simuliini","Simulium","","0","99.85"
"CBAY0248_BF_B","CNPAD641-13[BOLD:AAA9710]","Arthropoda","Insecta","Diptera","Simuliidae","Simuliinae","Simuliini","Simulium","","0","99.68"
"CBAY0248_BF_B","BBDCM292-10[BOLD:AAA9710]","Arthropoda","Insecta","Diptera","Simuliidae","Simuliinae","Simuliini","Simulium","Simulium tuberosum complex","0","99.54"
"CBAY0248_BF_B","ASDIP258-15[BOLD:AAA9710]","Arthropoda","Insecta","Diptera","Simuliidae","Simuliinae","Simuliini","Simulium","Simulium sp. BOLDAAA9710","0","99.24"
"CBAY0248_BF_B","ASDIP029-15[BOLD:AAA9710]","Arthropoda","Insecta","Diptera","Simuliidae","Simuliinae","Simuliini","Simulium","Simulium tuberosum","0","98.94"
"CBAY0248_BF_B","JWDCF819-10[BOLD:AAA9710]","Arthropoda","Insecta","Diptera","Simuliidae","Simuliinae","Simuliini","Simulium","Simulium tuberosum complex","0","98.94"
"CBAY0248_BF_B","FCHAR6630-19[BOLD:AAA9710]","Arthropoda","Insecta","Diptera","Simuliidae","Simuliinae","Simuliini","Simulium","","0","98.93"
"CBAY0248_BF_B","ABCMB7404-23[BOLD:AAA9710]","Arthropoda","Insecta","Diptera","Simuliidae","Simuliinae","Simuliini","Simulium","","0","98.78"
"CBAY0248_BF_B","POROM163-19[BOLD:AAA9710]","Arthropoda","Insecta","Diptera","Simuliidae","Simuliinae","Simuliini","Simulium","","0","98.78"
"CBAY0248_BF_B","JWDCB249-10[BOLD:AAA9710]","Arthropoda","Insecta","Diptera","Simuliidae","Simuliinae","Simuliini","Simulium","Simulium tuberosum complex","0","98.78"
"CBAY0248_BF_B","ASDIP259-15[BOLD:AAA9710]","Arthropoda","Insecta","Diptera","Simuliidae","Simuliinae","Simuliini","Simulium","Simulium sp. BOLDAAA9710","0","98.77"
"CBAY0248_BF_B","ASDIP251-15[BOLD:AAA9710]","Arthropoda","Insecta","Diptera","Simuliidae","Simuliinae","Simuliini","Simulium","Simulium sp. BOLDAAA9710","0","98.63"
"CBAY0248_BF_B","NBPSI002-11[BOLD:AAA9710]","Arthropoda","Insecta","Diptera","Simuliidae","Simuliinae","Simuliini","Simulium","Simulium tuberosum complex","0","98.63"
"CBAY0248_BF_B","BCMIN606-23[BOLD:AAA9710]","Arthropoda","Insecta","Diptera","Simuliidae","Simuliinae","Simuliini","Simulium","","0","98.48"
"CBAY0248_BF_B","OPPBC998-17[BOLD:AAA9710]","Arthropoda","Insecta","Diptera","Simuliidae","Simuliinae","Simuliini","Simulium","","0","98.48"
"CBAY0248_BF_B","ASDIP256-15[BOLD:AAA9710]","Arthropoda","Insecta","Diptera","Simuliidae","Simuliinae","Simuliini","Simulium","Simulium tuberosum","0","98.48"
"CBAY0248_BF_B","BBDEC401-09[BOLD:AAA9710]","Arthropoda","Insecta","Diptera","Simuliidae","Simuliinae","Simuliini","Simulium","Simulium tuberosum","0","98.48"
"CBAY0248_BF_B","BCMIN071-23[BOLD:AAA9710]","Arthropoda","Insecta","Diptera","Simuliidae","Simuliinae","Simuliini","Simulium","","0","98.33"
"CBAY0248_BF_B","OPPBC753-17[BOLD:AAA9710]","Arthropoda","Insecta","Diptera","Simuliidae","Simuliinae","Simuliini","Simulium","","0","98.33"
"CBAY0248_BF_B","POROM151-19[BOLD:AAA9710]","Arthropoda","Insecta","Diptera","Simuliidae","Simuliinae","Simuliini","Simulium","","0","98.33"
"CBAY0248_BF_B","ASDIP245-15[BOLD:AAA9710]","Arthropoda","Insecta","Diptera","Simuliidae","Simuliinae","Simuliini","Simulium","Simulium sp. BOLDAAA9710","0","98.33"
"CBAY0248_BF_B","ASDIP254-15[BOLD:AAA9710]","Arthropoda","Insecta","Diptera","Simuliidae","Simuliinae","Simuliini","Simulium","Simulium tuberosum","0","98.33"
"CBAY0248_BF_B","ASDIP252-15[BOLD:AAA9710]","Arthropoda","Insecta","Diptera","Simuliidae","Simuliinae","Simuliini","Simulium","Simulium tuberosum complex","0","98.33"
"CBAY0263_BF_A","CFWIB872-10[BOLD:AAA4121]","Arthropoda","Insecta","Diptera","Simuliidae","Simuliinae","Simuliini","Simulium","","0","99.24"
"CBAY0263_BF_A","CIOSJ37956-24[BOLD:AAA4121]","Arthropoda","Insecta","Diptera","Simuliidae","Simuliinae","Simuliini","Simulium","","0","99.24"
"CBAY0263_BF_A","CIOSJ42605-24[BOLD:AAA4121]","Arthropoda","Insecta","Diptera","Simuliidae","Simuliinae","Simuliini","Simulium","","0","99.24"
"CBAY0263_BF_A","CIOSL38951-24[BOLD:AAA4121]","Arthropoda","Insecta","Diptera","Simuliidae","Simuliinae","Simuliini","Simulium","","0","99.24"
"CBAY0263_BF_A","CRBCA2091-24[BOLD:AAA4121]","Arthropoda","Insecta","Diptera","Simuliidae","Simuliinae","Simuliini","Simulium","","0","99.24"
"CBAY0263_BF_A","CRBCA3331-24[BOLD:AAA4121]","Arthropoda","Insecta","Diptera","Simuliidae","Simuliinae","Simuliini","Simulium","","0","99.24"
"CBAY0263_BF_A","SWRCC125-09[BOLD:AAA4121]","Arthropoda","Insecta","Diptera","Simuliidae","Simuliinae","Simuliini","Simulium","","0","99.24"
"CBAY0263_BF_A","UCOL1316-24[BOLD:AAA4121]","Arthropoda","Insecta","Diptera","Simuliidae","Simuliinae","Simuliini","Simulium","Simulium vittatum","0","99.24"
"CBAY0263_BF_A","YGEN1286-22[BOLD:AAA4121]","Arthropoda","Insecta","Diptera","Simuliidae","Simuliinae","Simuliini","Simulium","Simulium argus","0","99.23"
"CBAY0263_BF_A","CIOSJ35376-24[BOLD:AAA4121]","Arthropoda","Insecta","Diptera","Simuliidae","Simuliinae","Simuliini","Simulium","","0","99.09"
"CBAY0263_BF_A","CIOSJ35514-24[BOLD:AAA4121]","Arthropoda","Insecta","Diptera","Simuliidae","Simuliinae","Simuliini","Simulium","","0","99.09"
"CBAY0263_BF_A","CIOSJ40761-24[BOLD:AAA4121]","Arthropoda","Insecta","Diptera","Simuliidae","Simuliinae","Simuliini","Simulium","","0","99.09"
"CBAY0263_BF_A","CIOSJ41749-24[BOLD:AAA4121]","Arthropoda","Insecta","Diptera","Simuliidae","Simuliinae","Simuliini","Simulium","","0","99.09"
"CBAY0263_BF_A","CIOSJ46403-24[BOLD:AAA4121]","Arthropoda","Insecta","Diptera","Simuliidae","Simuliinae","Simuliini","Simulium","","0","99.09"
"CBAY0263_BF_A","TTMDI1020-10[BOLD:AAA4121]","Arthropoda","Insecta","Diptera","Simuliidae","Simuliinae","Simuliini","Simulium","","0","99.09"
"CBAY0263_BF_A","NBPSI012-11[BOLD:AAA4121]","Arthropoda","Insecta","Diptera","Simuliidae","Simuliinae","Simuliini","Simulium","Simulium vittatum","0","99.09"
"CBAY0263_BF_A","UCOL1307-24[BOLD:AAA4121]","Arthropoda","Insecta","Diptera","Simuliidae","Simuliinae","Simuliini","Simulium","Simulium vittatum","0","99.09"
"CBAY0263_BF_A","UCOL1309-24[BOLD:AAA4121]","Arthropoda","Insecta","Diptera","Simuliidae","Simuliinae","Simuliini","Simulium","Simulium vittatum","0","99.09"
"CBAY0263_BF_A","JWDCE771-10[BOLD:AAA4121]","Arthropoda","Insecta","Diptera","Simuliidae","Simuliinae","Simuliini","Simulium","Simulium vittatum complex","0","99.09"
"CBAY0263_BF_A","CIOSJ44034-24[BOLD:AAA4121]","Arthropoda","Insecta","Diptera","Simuliidae","Simuliinae","Simuliini","Simulium","","0","98.94"
"CBAY0263_BF_A","CRBCA1617-24[BOLD:AAA4121]","Arthropoda","Insecta","Diptera","Simuliidae","Simuliinae","Simuliini","Simulium","","0","98.94"
"CBAY0263_BF_A","CRBCA2295-24[BOLD:AAA4121]","Arthropoda","Insecta","Diptera","Simuliidae","Simuliinae","Simuliini","Simulium","","0","98.94"
"CBAY0263_BF_A","UCOL1313-24[BOLD:AAA4121]","Arthropoda","Insecta","Diptera","Simuliidae","Simuliinae","Simuliini","Simulium","Simulium vittatum","0","98.94"
"CBAY0263_BF_A","JWDCH322-10[BOLD:AAA4121]","Arthropoda","Insecta","Diptera","Simuliidae","Simuliinae","Simuliini","Simulium","Simulium vittatum complex","0","98.94"
"CBAY0263_BF_A","JWDCJ403-11[BOLD:AAA4121]","Arthropoda","Insecta","Diptera","Simuliidae","Simuliinae","Simuliini","Simulium","Simulium vittatum complex","0","98.94"
"CBAY0267_BF_D","CNTUB554-14[BOLD:AAB0056]","Arthropoda","Insecta","Diptera","Simuliidae","Simuliinae","Simuliini","Simulium","Simulium noelleri","2","97.12"
"CBAY0267_BF_D","CNTUB5572-14[BOLD:AAB0056]","Arthropoda","Insecta","Diptera","Simuliidae","Simuliinae","Simuliini","Simulium","Simulium noelleri","2","96.92"
"CBAY0267_BF_D","JWDCJ1479-11[BOLD:AAB0056]","Arthropoda","Insecta","Diptera","Simuliidae","Simuliinae","Simuliini","Simulium","Simulium noelleri","2","96.34"
"CBAY0267_BF_D","GCHAR705-19[BOLD:AAB0056]","Arthropoda","Insecta","Diptera","Simuliidae","Simuliinae","Simuliini","Simulium","","2","96.32"
"CBAY0267_BF_D","GCHAR706-19[BOLD:AAB0056]","Arthropoda","Insecta","Diptera","Simuliidae","Simuliinae","Simuliini","Simulium","","2","96.31"
"CBAY0267_BF_D","JWDCH700-10[BOLD:AAB0056]","Arthropoda","Insecta","Diptera","Simuliidae","Simuliinae","Simuliini","Simulium","Simulium noelleri","2","96.19"
"CBAY0267_BF_D","GCHAR707-19[BOLD:AAB0056]","Arthropoda","Insecta","Diptera","Simuliidae","Simuliinae","Simuliini","Simulium","","2","96.17"
"CBAY0267_BF_D","BAYS1666-24[BOLD:AAB0056]","Arthropoda","Insecta","Diptera","Simuliidae","Simuliinae","Simuliini","Simulium","Simulium noelleri","2","96.04"
"CBAY0267_BF_D","DTNHM2297-21[BOLD:AAB0056]","Arthropoda","Insecta","Diptera","Simuliidae","Simuliinae","Simuliini","Simulium","Simulium noelleri","2","96.04"
"CBAY0267_BF_D","GBAAZ6647-24[BOLD:AAB0056]","Arthropoda","Insecta","Diptera","Simuliidae","Simuliinae","Simuliini","Simulium","Simulium noelleri","2","96.04"
"CBAY0267_BF_D","GBMIN61291-17[BOLD:AAB0056]","Arthropoda","Insecta","Diptera","Simuliidae","Simuliinae","Simuliini","Simulium","Simulium noelleri","2","96.04"
"CBAY0267_BF_D","TOYEN076-15[BOLD:AAB0056]","Arthropoda","Insecta","Diptera","Simuliidae","Simuliinae","Simuliini","Simulium","Simulium sp. LOH_1","2","96.04"
"CBAY0267_BF_D","NLSIM747-18[BOLD:AAB0056]","Arthropoda","Insecta","Diptera","Simuliidae","Simuliinae","Simuliini","Simulium","Simulium noelleri","2","96.03"
"CBAY0267_BF_D","NLSIM1117-20[BOLD:AAB0056]","Arthropoda","Insecta","Diptera","Simuliidae","Simuliinae","Simuliini","Simulium","Simulium noelleri","2","96.02"
"CBAY0267_BF_D","GMGMR2047-18[BOLD:AAB0056]","Arthropoda","Insecta","Diptera","Simuliidae","Simuliinae","Simuliini","Simulium","","2","96.01"
"CBAY0267_BF_D","GBMIN61294-17[BOLD:AAB0056]","Arthropoda","Insecta","Diptera","Simuliidae","Simuliinae","Simuliini","Simulium","Simulium noelleri","2","95.89"
"CBAY0267_BF_D","GBMIN61296-17[BOLD:AAB0056]","Arthropoda","Insecta","Diptera","Simuliidae","Simuliinae","Simuliini","Simulium","Simulium noelleri","2","95.89"
"CBAY0267_BF_D","BSNHM1834-25[BOLD:AAB0056]","Arthropoda","Insecta","Diptera","Simuliidae","","","","","2","95.88"
"CBAY0267_BF_D","FISIM190-11[BOLD:AAB0056]","Arthropoda","Insecta","Diptera","Simuliidae","Simuliinae","Simuliini","Simulium","Simulium noelleri","2","95.88"
"CBAY0267_BF_D","FISIM220-11[BOLD:AAB0056]","Arthropoda","Insecta","Diptera","Simuliidae","Simuliinae","Simuliini","Simulium","Simulium noelleri","2","95.88"
"CBAY0267_BF_D","FISIM222-11[BOLD:AAB0056]","Arthropoda","Insecta","Diptera","Simuliidae","Simuliinae","Simuliini","Simulium","Simulium noelleri","2","95.88"
"CBAY0267_BF_D","GBMIN61293-17[BOLD:AAB0056]","Arthropoda","Insecta","Diptera","Simuliidae","Simuliinae","Simuliini","Simulium","Simulium noelleri","2","95.74"
"CBAY0267_BF_D","NBGW14771-25[BOLD:AAB0056]","Arthropoda","Insecta","Diptera","Simuliidae","Simuliinae","Simuliini","Simulium","Simulium noelleri","2","95.72"
"CBAY0267_BF_D","GMBSR1441-18[BOLD:AAB0056]","Arthropoda","Insecta","Diptera","Simuliidae","Simuliinae","Simuliini","Simulium","","2","95.70"
"CBAY0267_BF_D","GBMIN61292-17[BOLD:AAB0056]","Arthropoda","Insecta","Diptera","Simuliidae","Simuliinae","Simuliini","Simulium","Simulium noelleri","2","95.59"
"CBAY0275_BF_C","ACBB723-09[BOLD:AAC0730]","Arthropoda","Insecta","Diptera","Simuliidae","Simuliinae","Simuliini","Simulium","","0","99.85"
"CBAY0275_BF_C","ECIPY187-10[BOLD:AAC0730]","Arthropoda","Insecta","Diptera","Simuliidae","Simuliinae","Simuliini","Simulium","Simulium baffinense","0","99.85"
"CBAY0275_BF_C","NBPSI187-11[BOLD:AAC0730]","Arthropoda","Insecta","Diptera","Simuliidae","Simuliinae","Simuliini","Simulium","Simulium baffinense","0","99.85"
"CBAY0275_BF_C","ACBB737-09[BOLD:AAC0730]","Arthropoda","Insecta","Diptera","Simuliidae","Simuliinae","Simuliini","Simulium","","0","99.84"
"CBAY0275_BF_C","ACB020-05[BOLD:AAC0730]","Arthropoda","Insecta","Diptera","Simuliidae","Simuliinae","Simuliini","Simulium","Simulium baffinense","0","99.84"
"CBAY0275_BF_C","GBDP7319-09[BOLD:AAC0730]","Arthropoda","Insecta","Diptera","Simuliidae","Simuliinae","Simuliini","Simulium","Simulium baffinense","0","99.84"
"CBAY0275_BF_C","CNAUY661-14[BOLD:AAC0730]","Arthropoda","Insecta","Diptera","Simuliidae","Simuliinae","Simuliini","Simulium","","0","99.83"
"CBAY0275_BF_C","ACBB747-09[BOLD:AAC0730]","Arthropoda","Insecta","Diptera","Simuliidae","Simuliinae","Simuliini","Simulium","","0","99.70"
"CBAY0275_BF_C","EBADI002-16[BOLD:AAC0730]","Arthropoda","Insecta","Diptera","Simuliidae","Simuliinae","Simuliini","Simulium","","0","99.70"
"CBAY0275_BF_C","FISIM071-11[BOLD:AAC0730]","Arthropoda","Insecta","Diptera","Simuliidae","Simuliinae","Simuliini","Simulium","Simulium baffinense","0","99.70"
"CBAY0275_BF_C","FISIM076-11[BOLD:AAC0730]","Arthropoda","Insecta","Diptera","Simuliidae","Simuliinae","Simuliini","Simulium","Simulium crassum","0","99.70"
"CBAY0275_BF_C","MCHAE674-19[BOLD:AAC0730]","Arthropoda","Insecta","Diptera","Simuliidae","Simuliinae","Simuliini","Simulium","","0","99.69"
"CBAY0275_BF_C","CNAUY097-14[BOLD:AAC0730]","Arthropoda","Insecta","Diptera","Simuliidae","Simuliinae","Simuliini","Simulium","","0","99.66"
"CBAY0275_BF_C","CNTUA601-14[BOLD:AAC0730]","Arthropoda","Insecta","Diptera","Simuliidae","Simuliinae","Simuliini","Simulium","","0","99.66"
"CBAY0275_BF_C","FISIM080-11[BOLD:AAC0730]","Arthropoda","Insecta","Diptera","Simuliidae","Simuliinae","Simuliini","Simulium","Simulium crassum","0","99.54"
"CBAY0275_BF_E","ACB041-05[BOLD:AAB0056]","Arthropoda","Insecta","Diptera","Simuliidae","Simuliinae","Simuliini","Simulium","Simulium noelleri","0","97.09"
"CBAY0275_BF_E","GBDP7157-09[BOLD:AAB0056]","Arthropoda","Insecta","Diptera","Simuliidae","Simuliinae","Simuliini","Simulium","Simulium noelleri","0","97.07"
"CBAY0275_BF_E","ACB037-05[BOLD:AAB0056]","Arthropoda","Insecta","Diptera","Simuliidae","Simuliinae","Simuliini","Simulium","Simulium noelleri","0","96.93"
"CBAY0275_BF_E","GBDP7160-09[BOLD:AAB0056]","Arthropoda","Insecta","Diptera","Simuliidae","Simuliinae","Simuliini","Simulium","Simulium noelleri","0","96.91"
"CBAY0275_BF_E","ACB002-05[BOLD:AAB0056]","Arthropoda","Insecta","Diptera","Simuliidae","Simuliinae","Simuliini","Simulium","Simulium noelleri","0","96.76"
"CBAY0275_BF_E","ACB005-05[BOLD:AAB0056]","Arthropoda","Insecta","Diptera","Simuliidae","Simuliinae","Simuliini","Simulium","Simulium noelleri","0","96.76"
"CBAY0275_BF_E","ACB078-05[BOLD:AAB0056]","Arthropoda","Insecta","Diptera","Simuliidae","Simuliinae","Simuliini","Simulium","Simulium noelleri","0","96.76"
"CBAY0275_BF_E","GBDP7161-09[BOLD:AAB0056]","Arthropoda","Insecta","Diptera","Simuliidae","Simuliinae","Simuliini","Simulium","Simulium noelleri","0","96.75"
"CBAY0275_BF_E","GBDP7163-09[BOLD:AAB0056]","Arthropoda","Insecta","Diptera","Simuliidae","Simuliinae","Simuliini","Simulium","Simulium noelleri","0","96.75"
"CBAY0275_BF_E","GBDP7165-09[BOLD:AAB0056]","Arthropoda","Insecta","Diptera","Simuliidae","Simuliinae","Simuliini","Simulium","Simulium noelleri","0","96.75"
"CBAY0275_BF_E","ACB030-05[BOLD:AAB0056]","Arthropoda","Insecta","Diptera","Simuliidae","Simuliinae","Simuliini","Simulium","Simulium noelleri","0","96.60"
"CBAY0275_BF_E","ACBB400-07[BOLD:AAB0056]","Arthropoda","Insecta","Diptera","Simuliidae","Simuliinae","Simuliini","Simulium","Simulium noelleri","0","96.60"
"CBAY0275_BF_E","GBDP7159-09[BOLD:AAB0056]","Arthropoda","Insecta","Diptera","Simuliidae","Simuliinae","Simuliini","Simulium","Simulium noelleri","0","96.59"
"CBAY0275_BF_E","ACBB397-07[BOLD:AAB0056]","Arthropoda","Insecta","Diptera","Simuliidae","Simuliinae","Simuliini","Simulium","Simulium noelleri","0","96.44"
"CBAY0275_BF_E","ACBB402-07[BOLD:AAB0056]","Arthropoda","Insecta","Diptera","Simuliidae","Simuliinae","Simuliini","Simulium","Simulium noelleri","0","96.44"
"CBAY0275_BF_E","FISIM186-11[BOLD:AAB0056]","Arthropoda","Insecta","Diptera","Simuliidae","Simuliinae","Simuliini","Simulium","Simulium noelleri","0","96.38"
"CBAY0275_BF_E","GCHAR705-19[BOLD:AAB0056]","Arthropoda","Insecta","Diptera","Simuliidae","Simuliinae","Simuliini","Simulium","","0","96.31"
"CBAY0275_BF_E","GCHAR706-19[BOLD:AAB0056]","Arthropoda","Insecta","Diptera","Simuliidae","Simuliinae","Simuliini","Simulium","","0","96.30"
"CBAY0275_BF_E","NOSIM028-10[BOLD:AAB0056]","Arthropoda","Insecta","Diptera","Simuliidae","Simuliinae","Simuliini","Simulium","Simulium noelleri","1","96.26"
"CBAY0275_BF_E","GCHAR707-19[BOLD:AAB0056]","Arthropoda","Insecta","Diptera","Simuliidae","Simuliinae","Simuliini","Simulium","","0","96.16"
"CBAY0275_BF_E","ACBB398-07[BOLD:AAB0056]","Arthropoda","Insecta","Diptera","Simuliidae","Simuliinae","Simuliini","Simulium","Simulium noelleri","0","96.12"
"CBAY0275_BF_E","JWDCJ1479-11[BOLD:AAB0056]","Arthropoda","Insecta","Diptera","Simuliidae","Simuliinae","Simuliini","Simulium","Simulium noelleri","0","96.05"
"CBAY0275_BF_E","NLSIM1117-20[BOLD:AAB0056]","Arthropoda","Insecta","Diptera","Simuliidae","Simuliinae","Simuliini","Simulium","Simulium noelleri","0","96.00"
"CBAY0275_BF_E","JWDCH700-10[BOLD:AAB0056]","Arthropoda","Insecta","Diptera","Simuliidae","Simuliinae","Simuliini","Simulium","Simulium noelleri","0","95.90"
"CBAY0275_BF_E","TOYEN076-15[BOLD:AAB0056]","Arthropoda","Insecta","Diptera","Simuliidae","Simuliinae","Simuliini","Simulium","Simulium sp. LOH_1","0","95.74"
"CBAY0275_BF_G","CNAUY661-14[BOLD:AAC0730]","Arthropoda","Insecta","Diptera","Simuliidae","Simuliinae","Simuliini","Simulium","","0","96.51"
"CBAY0275_BF_G","CNAUY097-14[BOLD:AAC0730]","Arthropoda","Insecta","Diptera","Simuliidae","Simuliinae","Simuliini","Simulium","","0","96.42"
"CBAY0275_BF_G","CNTUA601-14[BOLD:AAC0730]","Arthropoda","Insecta","Diptera","Simuliidae","Simuliinae","Simuliini","Simulium","","0","96.41"
"CBAY0275_BF_G","ACBB737-09[BOLD:AAC0730]","Arthropoda","Insecta","Diptera","Simuliidae","Simuliinae","Simuliini","Simulium","","0","95.41"
"CBAY0275_BF_G","ACBB747-09[BOLD:AAC0730]","Arthropoda","Insecta","Diptera","Simuliidae","Simuliinae","Simuliini","Simulium","","0","95.13"
"CBAY0275_BF_G","ACBB723-09[BOLD:AAC0730]","Arthropoda","Insecta","Diptera","Simuliidae","Simuliinae","Simuliini","Simulium","","0","94.98"
"CBAY0275_BF_G","ECIPY187-10[BOLD:AAC0730]","Arthropoda","Insecta","Diptera","Simuliidae","Simuliinae","Simuliini","Simulium","Simulium baffinense","0","94.98"
"CBAY0275_BF_G","NBPSI187-11[BOLD:AAC0730]","Arthropoda","Insecta","Diptera","Simuliidae","Simuliinae","Simuliini","Simulium","Simulium baffinense","0","94.97"
"CBAY0275_BF_G","EBADI002-16[BOLD:AAC0730]","Arthropoda","Insecta","Diptera","Simuliidae","Simuliinae","Simuliini","Simulium","","0","94.82"
"CBAY0275_BF_G","FISIM071-11[BOLD:AAC0730]","Arthropoda","Insecta","Diptera","Simuliidae","Simuliinae","Simuliini","Simulium","Simulium baffinense","0","94.82"
"CBAY0275_BF_G","FISIM076-11[BOLD:AAC0730]","Arthropoda","Insecta","Diptera","Simuliidae","Simuliinae","Simuliini","Simulium","Simulium crassum","0","94.82"
"CBAY0275_BF_G","MCHAE674-19[BOLD:AAC0730]","Arthropoda","Insecta","Diptera","Simuliidae","Simuliinae","Simuliini","Simulium","","0","94.79"
"CBAY0275_BF_G","GBDP7319-09[BOLD:AAC0730]","Arthropoda","Insecta","Diptera","Simuliidae","Simuliinae","Simuliini","Simulium","Simulium baffinense","0","94.77"
"CBAY0275_BF_G","FISIM080-11[BOLD:AAC0730]","Arthropoda","Insecta","Diptera","Simuliidae","Simuliinae","Simuliini","Simulium","Simulium crassum","0","94.67"
"CBAY0275_BF_G","ACB020-05[BOLD:AAC0730]","Arthropoda","Insecta","Diptera","Simuliidae","Simuliinae","Simuliini","Simulium","Simulium baffinense","0","94.65"
"CBAY0277_BF_C","CNTUA1936-14[BOLD:AAD1867]","Arthropoda","Insecta","Diptera","Simuliidae","Simuliinae","Simuliini","Simulium","Simulium subpusillum","0","96.79"
"CBAY0277_BF_C","MCHAD1347-19[BOLD:AAD1867]","Arthropoda","Insecta","Diptera","Simuliidae","Simuliinae","Simuliini","Simulium","Simulium subpusillum","0","95.74"
"CBAY0277_BF_C","FCHAR7956-19[BOLD:AAD1867]","Arthropoda","Insecta","Diptera","Simuliidae","Simuliinae","Simuliini","Simulium","Simulium subpusillum","0","95.73"
"CBAY0277_BF_C","MCHAA1622-19[BOLD:AAD1867]","Arthropoda","Insecta","Diptera","Simuliidae","Simuliinae","Simuliini","Simulium","Simulium subpusillum","0","95.73"
"CBAY0277_BF_C","MCHAA464-19[BOLD:AAD1867]","Arthropoda","Insecta","Diptera","Simuliidae","Simuliinae","Simuliini","Simulium","Simulium subpusillum","0","95.73"
"CBAY0277_BF_C","MCHAB867-19[BOLD:AAD1867]","Arthropoda","Insecta","Diptera","Simuliidae","Simuliinae","Simuliini","Simulium","Simulium subpusillum","0","95.73"
"CBAY0277_BF_C","MCHAB872-19[BOLD:AAD1867]","Arthropoda","Insecta","Diptera","Simuliidae","Simuliinae","Simuliini","Simulium","Simulium subpusillum","0","95.73"
"CBAY0277_BF_C","MCHAB901-19[BOLD:AAD1867]","Arthropoda","Insecta","Diptera","Simuliidae","Simuliinae","Simuliini","Simulium","Simulium subpusillum","0","95.73"
"CBAY0277_BF_C","MCHAB965-19[BOLD:AAD1867]","Arthropoda","Insecta","Diptera","Simuliidae","Simuliinae","Simuliini","Simulium","Simulium subpusillum","0","95.73"
"CBAY0277_BF_C","MCHAC2233-19[BOLD:AAD1867]","Arthropoda","Insecta","Diptera","Simuliidae","Simuliinae","Simuliini","Simulium","Simulium subpusillum","0","95.73"
"CBAY0277_BF_C","MCHAC612-19[BOLD:AAD1867]","Arthropoda","Insecta","Diptera","Simuliidae","Simuliinae","Simuliini","Simulium","Simulium subpusillum","0","95.73"
"CBAY0277_BF_C","MCHAD614-19[BOLD:AAD1867]","Arthropoda","Insecta","Diptera","Simuliidae","Simuliinae","Simuliini","Simulium","Simulium subpusillum","0","95.73"
"CBAY0277_BF_C","MCHAD676-19[BOLD:AAD1867]","Arthropoda","Insecta","Diptera","Simuliidae","Simuliinae","Simuliini","Simulium","Simulium subpusillum","0","95.73"
"CBAY0277_BF_C","MCHAD881-19[BOLD:AAD1867]","Arthropoda","Insecta","Diptera","Simuliidae","Simuliinae","Simuliini","Simulium","Simulium subpusillum","0","95.73"
"CBAY0277_BF_C","BCHAR2740-18[BOLD:AAD1867]","Arthropoda","Insecta","Diptera","Simuliidae","Simuliinae","Simuliini","Simulium","Simulium subpusillum","0","95.72"
"CBAY0277_BF_C","DNARB3670-23[BOLD:AAD1867]","Arthropoda","Insecta","Diptera","Simuliidae","Simuliinae","Simuliini","Simulium","Simulium subpusillum","0","95.72"
"CBAY0277_BF_C","MCHAD1303-19[BOLD:AAD1867]","Arthropoda","Insecta","Diptera","Simuliidae","Simuliinae","Simuliini","Simulium","Simulium subpusillum","0","95.72"
"CBAY0277_BF_C","MCHAA387-19[BOLD:AAD1867]","Arthropoda","Insecta","Diptera","Simuliidae","Simuliinae","Simuliini","Simulium","Simulium subpusillum","0","95.71"
"CBAY0277_BF_C","MCHAC2117-19[BOLD:AAD1867]","Arthropoda","Insecta","Diptera","Simuliidae","Simuliinae","Simuliini","Simulium","Simulium subpusillum","0","95.71"
"CBAY0277_BF_C","MCHAC2285-19[BOLD:AAD1867]","Arthropoda","Insecta","Diptera","Simuliidae","Simuliinae","Simuliini","Simulium","Simulium subpusillum","0","95.71"
"CBAY0277_BF_C","MCHAA1053-19[BOLD:AAD1867]","Arthropoda","Insecta","Diptera","Simuliidae","Simuliinae","Simuliini","Simulium","Simulium subpusillum","0","95.59"
"CBAY0277_BF_C","MCHAB882-19[BOLD:AAD1867]","Arthropoda","Insecta","Diptera","Simuliidae","Simuliinae","Simuliini","Simulium","Simulium subpusillum","0","95.59"
"CBAY0277_BF_C","MCHAD821-19[BOLD:AAD1867]","Arthropoda","Insecta","Diptera","Simuliidae","Simuliinae","Simuliini","Simulium","Simulium subpusillum","0","95.59"
"CBAY0277_BF_C","MCHAA1101-19[BOLD:AAD1867]","Arthropoda","Insecta","Diptera","Simuliidae","Simuliinae","Simuliini","Simulium","Simulium subpusillum","0","95.58"
"CBAY0277_BF_C","MCHAD1533-19[BOLD:AAD1867]","Arthropoda","Insecta","Diptera","Simuliidae","Simuliinae","Simuliini","Simulium","Simulium subpusillum","0","95.58"
"CBAY0277_M_B","ACBB723-09[BOLD:AAC0730]","Arthropoda","Insecta","Diptera","Simuliidae","Simuliinae","Simuliini","Simulium","","0","100.00"
"CBAY0277_M_B","ACBB737-09[BOLD:AAC0730]","Arthropoda","Insecta","Diptera","Simuliidae","Simuliinae","Simuliini","Simulium","","0","100.00"
"CBAY0277_M_B","CNAUY661-14[BOLD:AAC0730]","Arthropoda","Insecta","Diptera","Simuliidae","Simuliinae","Simuliini","Simulium","","0","100.00"
"CBAY0277_M_B","ACB020-05[BOLD:AAC0730]","Arthropoda","Insecta","Diptera","Simuliidae","Simuliinae","Simuliini","Simulium","Simulium baffinense","0","100.00"
"CBAY0277_M_B","ECIPY187-10[BOLD:AAC0730]","Arthropoda","Insecta","Diptera","Simuliidae","Simuliinae","Simuliini","Simulium","Simulium baffinense","0","100.00"
"CBAY0277_M_B","GBDP7319-09[BOLD:AAC0730]","Arthropoda","Insecta","Diptera","Simuliidae","Simuliinae","Simuliini","Simulium","Simulium baffinense","0","100.00"
"CBAY0277_M_B","NBPSI187-11[BOLD:AAC0730]","Arthropoda","Insecta","Diptera","Simuliidae","Simuliinae","Simuliini","Simulium","Simulium baffinense","0","100.00"
"CBAY0277_M_B","ACBB747-09[BOLD:AAC0730]","Arthropoda","Insecta","Diptera","Simuliidae","Simuliinae","Simuliini","Simulium","","0","99.85"
"CBAY0277_M_B","EBADI002-16[BOLD:AAC0730]","Arthropoda","Insecta","Diptera","Simuliidae","Simuliinae","Simuliini","Simulium","","0","99.85"
"CBAY0277_M_B","MCHAE674-19[BOLD:AAC0730]","Arthropoda","Insecta","Diptera","Simuliidae","Simuliinae","Simuliini","Simulium","","0","99.85"
"CBAY0277_M_B","FISIM071-11[BOLD:AAC0730]","Arthropoda","Insecta","Diptera","Simuliidae","Simuliinae","Simuliini","Simulium","Simulium baffinense","0","99.85"
"CBAY0277_M_B","FISIM076-11[BOLD:AAC0730]","Arthropoda","Insecta","Diptera","Simuliidae","Simuliinae","Simuliini","Simulium","Simulium crassum","0","99.85"
"CBAY0277_M_B","CNAUY097-14[BOLD:AAC0730]","Arthropoda","Insecta","Diptera","Simuliidae","Simuliinae","Simuliini","Simulium","","0","99.83"
"CBAY0277_M_B","CNTUA601-14[BOLD:AAC0730]","Arthropoda","Insecta","Diptera","Simuliidae","Simuliinae","Simuliini","Simulium","","0","99.83"
"CBAY0277_M_B","FISIM080-11[BOLD:AAC0730]","Arthropoda","Insecta","Diptera","Simuliidae","Simuliinae","Simuliini","Simulium","Simulium crassum","0","99.70"
"CBAY0278_BF_B","FISIM080-11[BOLD:AAC0730]","Arthropoda","Insecta","Diptera","Simuliidae","Simuliinae","Simuliini","Simulium","Simulium crassum","0","95.29"
"CBAY0278_BF_B","ACB020-05[BOLD:AAC0730]","Arthropoda","Insecta","Diptera","Simuliidae","Simuliinae","Simuliini","Simulium","Simulium baffinense","0","95.15"
"CBAY0278_BF_B","EBADI002-16[BOLD:AAC0730]","Arthropoda","Insecta","Diptera","Simuliidae","Simuliinae","Simuliini","Simulium","","0","95.14"
"CBAY0278_BF_B","FISIM071-11[BOLD:AAC0730]","Arthropoda","Insecta","Diptera","Simuliidae","Simuliinae","Simuliini","Simulium","Simulium baffinense","0","95.14"
"CBAY0278_BF_B","FISIM076-11[BOLD:AAC0730]","Arthropoda","Insecta","Diptera","Simuliidae","Simuliinae","Simuliini","Simulium","Simulium crassum","0","95.14"
"CBAY0278_BF_B","GBDP7319-09[BOLD:AAC0730]","Arthropoda","Insecta","Diptera","Simuliidae","Simuliinae","Simuliini","Simulium","Simulium baffinense","0","95.12"
"CBAY0278_BF_B","ACBB723-09[BOLD:AAC0730]","Arthropoda","Insecta","Diptera","Simuliidae","Simuliinae","Simuliini","Simulium","","0","94.98"
"CBAY0278_BF_B","ECIPY187-10[BOLD:AAC0730]","Arthropoda","Insecta","Diptera","Simuliidae","Simuliinae","Simuliini","Simulium","Simulium baffinense","0","94.98"
"CBAY0278_BF_B","NBPSI187-11[BOLD:AAC0730]","Arthropoda","Insecta","Diptera","Simuliidae","Simuliinae","Simuliini","Simulium","Simulium baffinense","0","94.97"
"CBAY0278_BF_B","MCHAE674-19[BOLD:AAC0730]","Arthropoda","Insecta","Diptera","Simuliidae","Simuliinae","Simuliini","Simulium","","0","94.94"
"CBAY0278_BF_B","ACBB747-09[BOLD:AAC0730]","Arthropoda","Insecta","Diptera","Simuliidae","Simuliinae","Simuliini","Simulium","","0","94.83"
"CBAY0278_BF_B","ACBB737-09[BOLD:AAC0730]","Arthropoda","Insecta","Diptera","Simuliidae","Simuliinae","Simuliini","Simulium","","0","94.78"
"CBAY0278_BF_B","CNAUY661-14[BOLD:AAC0730]","Arthropoda","Insecta","Diptera","Simuliidae","Simuliinae","Simuliini","Simulium","","0","94.42"
"CBAY0278_BF_B","CNAUY097-14[BOLD:AAC0730]","Arthropoda","Insecta","Diptera","Simuliidae","Simuliinae","Simuliini","Simulium","","0","94.22"
"CBAY0278_BF_B","CNTUA601-14[BOLD:AAC0730]","Arthropoda","Insecta","Diptera","Simuliidae","Simuliinae","Simuliini","Simulium","","0","94.19"
"CBAY0278_BF_C","CNAUY661-14[BOLD:AAC0730]","Arthropoda","Insecta","Diptera","Simuliidae","Simuliinae","Simuliini","Simulium","","0","96.51"
"CBAY0278_BF_C","CNAUY097-14[BOLD:AAC0730]","Arthropoda","Insecta","Diptera","Simuliidae","Simuliinae","Simuliini","Simulium","","0","96.42"
"CBAY0278_BF_C","CNTUA601-14[BOLD:AAC0730]","Arthropoda","Insecta","Diptera","Simuliidae","Simuliinae","Simuliini","Simulium","","0","96.41"
"CBAY0278_BF_C","ACBB737-09[BOLD:AAC0730]","Arthropoda","Insecta","Diptera","Simuliidae","Simuliinae","Simuliini","Simulium","","0","95.57"
"CBAY0278_BF_C","NBPSI187-11[BOLD:AAC0730]","Arthropoda","Insecta","Diptera","Simuliidae","Simuliinae","Simuliini","Simulium","Simulium baffinense","0","95.55"
"CBAY0278_BF_C","ACBB747-09[BOLD:AAC0730]","Arthropoda","Insecta","Diptera","Simuliidae","Simuliinae","Simuliini","Simulium","","0","95.44"
"CBAY0278_BF_C","MCHAE674-19[BOLD:AAC0730]","Arthropoda","Insecta","Diptera","Simuliidae","Simuliinae","Simuliini","Simulium","","0","95.36"
"CBAY0278_BF_C","ACBB723-09[BOLD:AAC0730]","Arthropoda","Insecta","Diptera","Simuliidae","Simuliinae","Simuliini","Simulium","","0","95.29"
"CBAY0278_BF_C","ECIPY187-10[BOLD:AAC0730]","Arthropoda","Insecta","Diptera","Simuliidae","Simuliinae","Simuliini","Simulium","Simulium baffinense","0","95.29"
"CBAY0278_BF_C","GBDP7319-09[BOLD:AAC0730]","Arthropoda","Insecta","Diptera","Simuliidae","Simuliinae","Simuliini","Simulium","Simulium baffinense","0","95.25"
"CBAY0278_BF_C","EBADI002-16[BOLD:AAC0730]","Arthropoda","Insecta","Diptera","Simuliidae","Simuliinae","Simuliini","Simulium","","0","95.14"
"CBAY0278_BF_C","FISIM071-11[BOLD:AAC0730]","Arthropoda","Insecta","Diptera","Simuliidae","Simuliinae","Simuliini","Simulium","Simulium baffinense","0","95.14"
"CBAY0278_BF_C","FISIM076-11[BOLD:AAC0730]","Arthropoda","Insecta","Diptera","Simuliidae","Simuliinae","Simuliini","Simulium","Simulium crassum","0","95.14"
"CBAY0278_BF_C","ACB020-05[BOLD:AAC0730]","Arthropoda","Insecta","Diptera","Simuliidae","Simuliinae","Simuliini","Simulium","Simulium baffinense","0","94.98"
"CBAY0278_BF_C","FISIM080-11[BOLD:AAC0730]","Arthropoda","Insecta","Diptera","Simuliidae","Simuliinae","Simuliini","Simulium","Simulium crassum","0","94.98"
"CBAY0306_BF_B","GBCAA37653-24[BOLD:AAA4121]","Arthropoda","Insecta","Diptera","Simuliidae","Simuliinae","Simuliini","Simulium","Simulium vittatum","0","95.53"
"CBAY0306_BF_B","CIOSJ42605-24[BOLD:AAA4121]","Arthropoda","Insecta","Diptera","Simuliidae","Simuliinae","Simuliini","Simulium","","0","95.29"
"CBAY0306_BF_B","CIOSJ35138-24[BOLD:AAA4121]","Arthropoda","Insecta","Diptera","Simuliidae","Simuliinae","Simuliini","Simulium","","0","95.14"
"CBAY0306_BF_B","CIOSJ46403-24[BOLD:AAA4121]","Arthropoda","Insecta","Diptera","Simuliidae","Simuliinae","Simuliini","Simulium","","0","95.14"
"CBAY0306_BF_B","UCOL1309-24[BOLD:AAA4121]","Arthropoda","Insecta","Diptera","Simuliidae","Simuliinae","Simuliini","Simulium","Simulium vittatum","0","95.14"
"CBAY0306_BF_B","YGEN1286-22[BOLD:AAA4121]","Arthropoda","Insecta","Diptera","Simuliidae","Simuliinae","Simuliini","Simulium","Simulium argus","0","95.08"
"CBAY0306_BF_B","CIOSJ35260-24[BOLD:AAA4121]","Arthropoda","Insecta","Diptera","Simuliidae","Simuliinae","Simuliini","Simulium","","0","94.98"
"CBAY0306_BF_B","CIOSJ37956-24[BOLD:AAA4121]","Arthropoda","Insecta","Diptera","Simuliidae","Simuliinae","Simuliini","Simulium","","0","94.98"
"CBAY0306_BF_B","CIOSL38951-24[BOLD:AAA4121]","Arthropoda","Insecta","Diptera","Simuliidae","Simuliinae","Simuliini","Simulium","","0","94.98"
"CBAY0306_BF_B","CRBCA3331-24[BOLD:AAA4121]","Arthropoda","Insecta","Diptera","Simuliidae","Simuliinae","Simuliini","Simulium","","0","94.98"
"CBAY0306_BF_B","UCOL1316-24[BOLD:AAA4121]","Arthropoda","Insecta","Diptera","Simuliidae","Simuliinae","Simuliini","Simulium","Simulium vittatum","0","94.98"
"CBAY0306_BF_B","CISSB22720-23[BOLD:AAA4121]","Arthropoda","Insecta","Diptera","Simuliidae","Simuliinae","Simuliini","Simulium","","0","94.93"
"CBAY0306_BF_B","CIOSJ35376-24[BOLD:AAA4121]","Arthropoda","Insecta","Diptera","Simuliidae","Simuliinae","Simuliini","Simulium","","0","94.83"
"CBAY0306_BF_B","CIOSJ35514-24[BOLD:AAA4121]","Arthropoda","Insecta","Diptera","Simuliidae","Simuliinae","Simuliini","Simulium","","0","94.83"
"CBAY0306_BF_B","CIOSJ40761-24[BOLD:AAA4121]","Arthropoda","Insecta","Diptera","Simuliidae","Simuliinae","Simuliini","Simulium","","0","94.83"
"CBAY0306_BF_B","CIOSJ41749-24[BOLD:AAA4121]","Arthropoda","Insecta","Diptera","Simuliidae","Simuliinae","Simuliini","Simulium","","0","94.83"
"CBAY0306_BF_B","CIOSJ44034-24[BOLD:AAA4121]","Arthropoda","Insecta","Diptera","Simuliidae","Simuliinae","Simuliini","Simulium","","0","94.83"
"CBAY0306_BF_B","TTMDI1020-10[BOLD:AAA4121]","Arthropoda","Insecta","Diptera","Simuliidae","Simuliinae","Simuliini","Simulium","","0","94.83"
"CBAY0306_BF_B","UCOL1307-24[BOLD:AAA4121]","Arthropoda","Insecta","Diptera","Simuliidae","Simuliinae","Simuliini","Simulium","Simulium vittatum","0","94.83"
"CBAY0306_BF_B","CISSB24888-23[BOLD:AAA4121]","Arthropoda","Insecta","Diptera","Simuliidae","Simuliinae","Simuliini","Simulium","","0","94.80"
"CBAY0306_BF_B","GMSVE3280-23[BOLD:AAA4121]","Arthropoda","Insecta","Diptera","Simuliidae","Simuliinae","Simuliini","Simulium","","0","94.79"
"CBAY0306_BF_B","CIOSJ32017-24[BOLD:AAA4121]","Arthropoda","Insecta","Diptera","Simuliidae","Simuliinae","Simuliini","Simulium","","0","94.68"
"CBAY0306_BF_B","CIOSJ32191-24[BOLD:AAA4121]","Arthropoda","Insecta","Diptera","Simuliidae","Simuliinae","Simuliini","Simulium","","0","94.68"
"CBAY0306_BF_B","CIOSJ35030-24[BOLD:AAA4121]","Arthropoda","Insecta","Diptera","Simuliidae","Simuliinae","Simuliini","Simulium","","0","94.53"
"CBAY0306_BF_B","CIOSJ16137-24[BOLD:AAA4121]","Arthropoda","Insecta","Diptera","Simuliidae","Simuliinae","Simuliini","Simulium","","0","94.37"
"CBAY0306_BF_C","SMTPB5932-13[BOLD:AAA4121]","Arthropoda","Insecta","Diptera","Simuliidae","Simuliinae","Simuliini","Simulium","Simulium argus","0","97.82"
"CBAY0306_BF_C","SSJAF9510-13[BOLD:AAA4121]","Arthropoda","Insecta","Diptera","Simuliidae","Simuliinae","Simuliini","Simulium","","0","96.65"
"CBAY0306_BF_C","RRSSC5846-15[BOLD:AAA4121]","Arthropoda","Insecta","Diptera","Simuliidae","Simuliinae","Simuliini","Simulium","Simulium vittatum","0","96.62"
"CBAY0306_BF_C","RRMPG240-15[BOLD:AAA4121]","Arthropoda","Insecta","Diptera","Simuliidae","Simuliinae","Simuliini","Simulium","Simulium vittatum","0","96.53"
"CBAY0306_BF_C","RRSSC5832-15[BOLD:AAA4121]","Arthropoda","Insecta","Diptera","Simuliidae","Simuliinae","Simuliini","Simulium","Simulium vittatum","0","96.45"
"CBAY0306_BF_C","SMTPB3535-13[BOLD:AAA4121]","Arthropoda","Insecta","Diptera","Simuliidae","Simuliinae","Simuliini","Simulium","Simulium argus","0","96.42"
"CBAY0306_BF_C","SSKJC2733-15[BOLD:AAA4121]","Arthropoda","Insecta","Diptera","Simuliidae","Simuliinae","Simuliini","Simulium","","0","96.35"
"CBAY0306_BF_C","SWFRN426-16[BOLD:AAA4121]","Arthropoda","Insecta","Diptera","Simuliidae","Simuliinae","Simuliini","Simulium","","0","96.35"
"CBAY0306_BF_C","RRSSC1488-15[BOLD:AAA4121]","Arthropoda","Insecta","Diptera","Simuliidae","Simuliinae","Simuliini","Simulium","Simulium vittatum","0","96.35"
"CBAY0306_BF_C","SMTPI8478-14[BOLD:AAA4121]","Arthropoda","Insecta","Diptera","Simuliidae","Simuliinae","Simuliini","Simulium","Simulium vittatum","0","96.35"
"CBAY0306_BF_C","SGABR2363-12[BOLD:AAA4121]","Arthropoda","Insecta","Diptera","Simuliidae","Simuliinae","Simuliini","Simulium","Simulium argus","0","96.21"
"CBAY0306_BF_C","RRINV3272-15[BOLD:AAA4121]","Arthropoda","Insecta","Diptera","Simuliidae","Simuliinae","Simuliini","Simulium","Simulium vittatum","0","96.19"
"CBAY0306_BF_C","SSGBC2907-14[BOLD:AAA4121]","Arthropoda","Insecta","Diptera","Simuliidae","Simuliinae","Simuliini","Simulium","","0","96.18"
"CBAY0306_BF_C","SSKJA868-14[BOLD:AAA4121]","Arthropoda","Insecta","Diptera","Simuliidae","Simuliinae","Simuliini","Simulium","","0","96.18"
"CBAY0306_BF_C","SSKJC2886-15[BOLD:AAA4121]","Arthropoda","Insecta","Diptera","Simuliidae","Simuliinae","Simuliini","Simulium","","0","96.18"
"CBAY0306_BF_C","SSKJC2904-15[BOLD:AAA4121]","Arthropoda","Insecta","Diptera","Simuliidae","Simuliinae","Simuliini","Simulium","","0","96.18"
"CBAY0306_BF_C","SSKJC3059-15[BOLD:AAA4121]","Arthropoda","Insecta","Diptera","Simuliidae","Simuliinae","Simuliini","Simulium","","0","96.18"
"CBAY0306_BF_C","SSKJC3190-15[BOLD:AAA4121]","Arthropoda","Insecta","Diptera","Simuliidae","Simuliinae","Simuliini","Simulium","","0","96.18"
"CBAY0306_BF_C","SSKJC3243-15[BOLD:AAA4121]","Arthropoda","Insecta","Diptera","Simuliidae","Simuliinae","Simuliini","Simulium","","0","96.18"
"CBAY0306_BF_C","RRSSC5719-15[BOLD:AAA4121]","Arthropoda","Insecta","Diptera","Simuliidae","Simuliinae","Simuliini","Simulium","Simulium vittatum","0","96.18"
"CBAY0306_BF_C","RRSSC7708-15[BOLD:AAA4121]","Arthropoda","Insecta","Diptera","Simuliidae","Simuliinae","Simuliini","Simulium","Simulium vittatum","0","96.18"
"CBAY0306_BF_C","SMTPB4044-13[BOLD:AAA4121]","Arthropoda","Insecta","Diptera","Simuliidae","Simuliinae","Simuliini","Simulium","Simulium vittatum","0","96.18"
"CBAY0306_BF_C","SMTPI8428-14[BOLD:AAA4121]","Arthropoda","Insecta","Diptera","Simuliidae","Simuliinae","Simuliini","Simulium","Simulium vittatum","0","96.18"
"CBAY0306_BF_C","SMTPI8434-14[BOLD:AAA4121]","Arthropoda","Insecta","Diptera","Simuliidae","Simuliinae","Simuliini","Simulium","Simulium vittatum","0","96.18"
"CBAY0306_BF_C","SMTPI8444-14[BOLD:AAA4121]","Arthropoda","Insecta","Diptera","Simuliidae","Simuliinae","Simuliini","Simulium","Simulium vittatum","0","96.18"
"CBAY0308_BF_C","MCHAA538-19[BOLD:AAC0365]","Arthropoda","Insecta","Diptera","Simuliidae","Simuliinae","Simuliini","Simulium","Simulium decimatum","0","96.03"
"CBAY0308_BF_C","AMCAM256-20[BOLD:AAC0365]","Arthropoda","Insecta","Diptera","Simuliidae","Simuliinae","Simuliini","Simulium","Simulium decimatum","0","96.02"
"CBAY0308_BF_C","AMCAM268-20[BOLD:AAC0365]","Arthropoda","Insecta","Diptera","Simuliidae","Simuliinae","Simuliini","Simulium","Simulium decimatum","0","95.90"
"CBAY0308_BF_C","JWDCH895-10[BOLD:AAC0365]","Arthropoda","Insecta","Diptera","Simuliidae","Simuliinae","Simuliini","Simulium","Simulium decimatum","0","95.90"
"CBAY0308_BF_C","AMCAM094-20[BOLD:AAC0365]","Arthropoda","Insecta","Diptera","Simuliidae","Simuliinae","Simuliini","Simulium","Simulium decimatum","0","95.88"
"CBAY0308_BF_C","AMCAM104-20[BOLD:AAC0365]","Arthropoda","Insecta","Diptera","Simuliidae","Simuliinae","Simuliini","Simulium","Simulium decimatum","0","95.88"
"CBAY0308_BF_C","AMCAM314-20[BOLD:AAC0365]","Arthropoda","Insecta","Diptera","Simuliidae","Simuliinae","Simuliini","Simulium","Simulium decimatum","0","95.88"
"CBAY0308_BF_C","AMCAM361-20[BOLD:AAC0365]","Arthropoda","Insecta","Diptera","Simuliidae","Simuliinae","Simuliini","Simulium","Simulium decimatum","0","95.88"
"CBAY0308_BF_C","MCHAC238-19[BOLD:AAC0365]","Arthropoda","Insecta","Diptera","Simuliidae","Simuliinae","Simuliini","Simulium","Simulium decimatum","0","95.88"
"CBAY0308_BF_C","AMCAM056-20[BOLD:AAC0365]","Arthropoda","Insecta","Diptera","Simuliidae","Simuliinae","Simuliini","Simulium","Simulium decimatum","0","95.87"
"CBAY0308_BF_C","AMCAM070-20[BOLD:AAC0365]","Arthropoda","Insecta","Diptera","Simuliidae","Simuliinae","Simuliini","Simulium","Simulium decimatum","0","95.87"
"CBAY0308_BF_C","AMCAM151-20[BOLD:AAC0365]","Arthropoda","Insecta","Diptera","Simuliidae","Simuliinae","Simuliini","Simulium","Simulium decimatum","0","95.87"
"CBAY0308_BF_C","AMCAM170-20[BOLD:AAC0365]","Arthropoda","Insecta","Diptera","Simuliidae","Simuliinae","Simuliini","Simulium","Simulium decimatum","0","95.87"
"CBAY0308_BF_C","AMCAM263-20[BOLD:AAC0365]","Arthropoda","Insecta","Diptera","Simuliidae","Simuliinae","Simuliini","Simulium","Simulium decimatum","0","95.87"
"CBAY0308_BF_C","AMCAM308-20[BOLD:AAC0365]","Arthropoda","Insecta","Diptera","Simuliidae","Simuliinae","Simuliini","Simulium","Simulium decimatum","0","95.87"
"CBAY0308_BF_C","AMCAM325-20[BOLD:AAC0365]","Arthropoda","Insecta","Diptera","Simuliidae","Simuliinae","Simuliini","Simulium","Simulium decimatum","0","95.87"
"CBAY0308_BF_C","MCHAC1604-19[BOLD:AAC0365]","Arthropoda","Insecta","Diptera","Simuliidae","Simuliinae","Simuliini","Simulium","Simulium decimatum","0","95.87"
"CBAY0308_BF_C","AMCAM221-20[BOLD:AAC0365]","Arthropoda","Insecta","Diptera","Simuliidae","Simuliinae","Simuliini","Simulium","Simulium decimatum","0","95.86"
"CBAY0308_BF_C","AMCAM366-20[BOLD:AAC0365]","Arthropoda","Insecta","Diptera","Simuliidae","Simuliinae","Simuliini","Simulium","Simulium decimatum","0","95.86"
"CBAY0308_BF_C","GCHAR742-19[BOLD:AAC0365]","Arthropoda","Insecta","Diptera","Simuliidae","Simuliinae","Simuliini","Simulium","Simulium decimatum","0","95.86"
"CBAY0308_BF_C","AMCAM135-20[BOLD:AAC0365]","Arthropoda","Insecta","Diptera","Simuliidae","Simuliinae","Simuliini","Simulium","Simulium decimatum","0","95.73"
"CBAY0308_BF_C","MCHAE735-19[BOLD:AAC0365]","Arthropoda","Insecta","Diptera","Simuliidae","Simuliinae","Simuliini","Simulium","Simulium decimatum","0","95.73"
"CBAY0308_BF_C","AMCAM084-20[BOLD:AAC0365]","Arthropoda","Insecta","Diptera","Simuliidae","Simuliinae","Simuliini","Simulium","Simulium decimatum","0","95.72"
"CBAY0308_BF_C","AMCAM255-20[BOLD:AAC0365]","Arthropoda","Insecta","Diptera","Simuliidae","Simuliinae","Simuliini","Simulium","Simulium decimatum","0","95.72"
"CBAY0308_BF_C","AMCAM213-20[BOLD:AAC0365]","Arthropoda","Insecta","Diptera","Simuliidae","Simuliinae","Simuliini","Simulium","Simulium decimatum","0","95.71"
"KGLTK0008_BF_D","GBAAY80310-24[BOLD:AAA8954]","Arthropoda","Insecta","Diptera","Simuliidae","Simuliinae","Simuliini","Simulium","Simulium arcticum sensu lato CW22_15","0","100.00"
"KGLTK0008_BF_D","GBAAY19350-24[BOLD:AAA8954]","Arthropoda","Insecta","Diptera","Simuliidae","Simuliinae","Simuliini","Simulium","Simulium arcticum","0","99.84"
"KGLTK0008_BF_D","GBAAZ37541-24[BOLD:AAA8954]","Arthropoda","Insecta","Diptera","Simuliidae","Simuliinae","Simuliini","Simulium","Simulium arcticum sensu lato LB18_9","0","99.84"
"KGLTK0008_BF_D","GBAAZ18746-24[BOLD:AAA8954]","Arthropoda","Insecta","Diptera","Simuliidae","Simuliinae","Simuliini","Simulium","Simulium arcticum sensu lato RC9_3","0","99.84"
"KGLTK0008_BF_D","GBAAY19311-24[BOLD:AAA8954]","Arthropoda","Insecta","Diptera","Simuliidae","Simuliinae","Simuliini","Simulium","Simulium arcticum","0","99.69"
"KGLTK0008_BF_D","GBAAY19357-24[BOLD:AAA8954]","Arthropoda","Insecta","Diptera","Simuliidae","Simuliinae","Simuliini","Simulium","Simulium arcticum","0","99.69"
"KGLTK0008_BF_D","GBMIN60957-17[BOLD:AAA8954]","Arthropoda","Insecta","Diptera","Simuliidae","Simuliinae","Simuliini","Simulium","Simulium brevicercum","0","99.69"
"KGLTK0008_BF_D","MPGJ662-19[BOLD:AAA8954]","Arthropoda","Insecta","Diptera","Simuliidae","Simuliinae","Simuliini","Simulium","","0","99.54"
"KGLTK0008_BF_D","GBAAX5854-24[BOLD:AAA8954]","Arthropoda","Insecta","Diptera","Simuliidae","Simuliinae","Simuliini","Simulium","Simulium arcticum","0","99.53"
"KGLTK0008_BF_D","GBAAY19353-24[BOLD:AAA8954]","Arthropoda","Insecta","Diptera","Simuliidae","Simuliinae","Simuliini","Simulium","Simulium arcticum","0","99.53"
"KGLTK0008_BF_D","UCOL325-23[BOLD:AAA8954]","Arthropoda","Insecta","Diptera","Simuliidae","Simuliinae","Simuliini","Simulium","Simulium arcticum","0","99.39"
"KGLTK0008_BF_D","NBPSI155-11[BOLD:AAA8954]","Arthropoda","Insecta","Diptera","Simuliidae","Simuliinae","Simuliini","Simulium","Simulium arcticum complex","0","99.39"
"KGLTK0008_BF_D","GBAAZ35390-24[BOLD:AAA8954]","Arthropoda","Insecta","Diptera","Simuliidae","Simuliinae","Simuliini","Simulium","Simulium arcticum sensu lato BL19_4","0","99.37"
"KGLTK0008_BF_D","GBAAZ36134-24[BOLD:AAA8954]","Arthropoda","Insecta","Diptera","Simuliidae","Simuliinae","Simuliini","Simulium","Simulium arcticum sensu lato BL19_7","0","99.37"
"KGLTK0008_BF_D","GBAAZ38230-24[BOLD:AAA8954]","Arthropoda","Insecta","Diptera","Simuliidae","Simuliinae","Simuliini","Simulium","Simulium arcticum sensu lato BL9_1","0","99.37"
"KGLTK0008_BF_D","GBAAZ41650-24[BOLD:AAA8954]","Arthropoda","Insecta","Diptera","Simuliidae","Simuliinae","Simuliini","Simulium","Simulium arcticum sensu lato CW22_14","0","99.37"
"KGLTK0008_BF_D","GBAAZ27257-24[BOLD:AAA8954]","Arthropoda","Insecta","Diptera","Simuliidae","Simuliinae","Simuliini","Simulium","Simulium arcticum sensu lato LB18_8","0","99.37"
"KGLTK0008_BF_D","GBMIN60949-17[BOLD:AAA8954]","Arthropoda","Insecta","Diptera","Simuliidae","Simuliinae","Simuliini","Simulium","Simulium brevicercum","0","99.37"
"KGLTK0008_BF_D","GBMAB2170-15[BOLD:AAA8954]","Arthropoda","Insecta","Diptera","Simuliidae","Simuliinae","Simuliini","Simulium","Simulium saxosum","0","99.37"
"KGLTK0008_BF_D","GBMIN61358-17[BOLD:AAA8954]","Arthropoda","Insecta","Diptera","Simuliidae","Simuliinae","Simuliini","Simulium","Simulium saxosum","0","99.37"
"KGLTK0008_BF_D","BBDCN999-10[BOLD:AAA8954]","Arthropoda","Insecta","Diptera","Simuliidae","Simuliinae","Simuliini","Simulium","Simulium arcticum complex","0","99.24"
"KGLTK0008_BF_D","JWDCA128-10[BOLD:AAA8954]","Arthropoda","Insecta","Diptera","Simuliidae","Simuliinae","Simuliini","Simulium","Simulium arcticum complex","0","99.24"
"KGLTK0008_BF_D","NBPSI157-11[BOLD:AAA8954]","Arthropoda","Insecta","Diptera","Simuliidae","Simuliinae","Simuliini","Simulium","Simulium arcticum complex","0","98.78"
"KGLTK0008_BF_D","NBPSI156-11[BOLD:AAA8954]","Arthropoda","Insecta","Diptera","Simuliidae","Simuliinae","Simuliini","Simulium","Simulium arcticum complex","0","98.63"
"KGLTK0008_BF_D","BCMIN1827-23[BOLD:AAA8954]","Arthropoda","Insecta","Diptera","Simuliidae","Simuliinae","Simuliini","Simulium","","0","98.48"
"KGLTK0010_BF_B","AMCAM151-20[BOLD:AAC0365]","Arthropoda","Insecta","Diptera","Simuliidae","Simuliinae","Simuliini","Simulium","Simulium decimatum","0","99.85"
"KGLTK0010_BF_B","AMCAM170-20[BOLD:AAC0365]","Arthropoda","Insecta","Diptera","Simuliidae","Simuliinae","Simuliini","Simulium","Simulium decimatum","0","99.85"
"KGLTK0010_BF_B","AMCAM221-20[BOLD:AAC0365]","Arthropoda","Insecta","Diptera","Simuliidae","Simuliinae","Simuliini","Simulium","Simulium decimatum","0","99.85"
"KGLTK0010_BF_B","AMCAM263-20[BOLD:AAC0365]","Arthropoda","Insecta","Diptera","Simuliidae","Simuliinae","Simuliini","Simulium","Simulium decimatum","0","99.85"
"KGLTK0010_BF_B","AMCAM268-20[BOLD:AAC0365]","Arthropoda","Insecta","Diptera","Simuliidae","Simuliinae","Simuliini","Simulium","Simulium decimatum","0","99.85"
"KGLTK0010_BF_B","AMCAM308-20[BOLD:AAC0365]","Arthropoda","Insecta","Diptera","Simuliidae","Simuliinae","Simuliini","Simulium","Simulium decimatum","0","99.85"
"KGLTK0010_BF_B","AMCAM314-20[BOLD:AAC0365]","Arthropoda","Insecta","Diptera","Simuliidae","Simuliinae","Simuliini","Simulium","Simulium decimatum","0","99.85"
"KGLTK0010_BF_B","AMCAM361-20[BOLD:AAC0365]","Arthropoda","Insecta","Diptera","Simuliidae","Simuliinae","Simuliini","Simulium","Simulium decimatum","0","99.85"
"KGLTK0010_BF_B","AMCAM366-20[BOLD:AAC0365]","Arthropoda","Insecta","Diptera","Simuliidae","Simuliinae","Simuliini","Simulium","Simulium decimatum","0","99.85"
"KGLTK0010_BF_B","JWDCH895-10[BOLD:AAC0365]","Arthropoda","Insecta","Diptera","Simuliidae","Simuliinae","Simuliini","Simulium","Simulium decimatum","0","99.85"
"KGLTK0010_BF_B","MCHAC1604-19[BOLD:AAC0365]","Arthropoda","Insecta","Diptera","Simuliidae","Simuliinae","Simuliini","Simulium","Simulium decimatum","0","99.85"
"KGLTK0010_BF_B","MCHAC238-19[BOLD:AAC0365]","Arthropoda","Insecta","Diptera","Simuliidae","Simuliinae","Simuliini","Simulium","Simulium decimatum","0","99.85"
"KGLTK0010_BF_B","AMCAM104-20[BOLD:AAC0365]","Arthropoda","Insecta","Diptera","Simuliidae","Simuliinae","Simuliini","Simulium","Simulium decimatum","0","99.70"
"KGLTK0010_BF_B","AMCAM084-20[BOLD:AAC0365]","Arthropoda","Insecta","Diptera","Simuliidae","Simuliinae","Simuliini","Simulium","Simulium decimatum","0","99.69"
"KGLTK0010_BF_B","AMCAM213-20[BOLD:AAC0365]","Arthropoda","Insecta","Diptera","Simuliidae","Simuliinae","Simuliini","Simulium","Simulium decimatum","0","99.69"
"KGLTK0010_BF_B","AMCAM256-20[BOLD:AAC0365]","Arthropoda","Insecta","Diptera","Simuliidae","Simuliinae","Simuliini","Simulium","Simulium decimatum","0","99.69"
"KGLTK0010_BF_B","AMCAM327-20[BOLD:AAC0365]","Arthropoda","Insecta","Diptera","Simuliidae","Simuliinae","Simuliini","Simulium","Simulium decimatum","0","99.69"
"KGLTK0010_BF_B","MCHAA538-19[BOLD:AAC0365]","Arthropoda","Insecta","Diptera","Simuliidae","Simuliinae","Simuliini","Simulium","Simulium decimatum","0","99.69"
"KGLTK0010_BF_B","MCHAE735-19[BOLD:AAC0365]","Arthropoda","Insecta","Diptera","Simuliidae","Simuliinae","Simuliini","Simulium","Simulium decimatum","0","99.69"
"KGLTK0010_BF_B","AMCAM056-20[BOLD:AAC0365]","Arthropoda","Insecta","Diptera","Simuliidae","Simuliinae","Simuliini","Simulium","Simulium decimatum","0","99.54"
"KGLTK0010_BF_B","AMCAM070-20[BOLD:AAC0365]","Arthropoda","Insecta","Diptera","Simuliidae","Simuliinae","Simuliini","Simulium","Simulium decimatum","0","99.54"
"KGLTK0010_BF_B","AMCAM094-20[BOLD:AAC0365]","Arthropoda","Insecta","Diptera","Simuliidae","Simuliinae","Simuliini","Simulium","Simulium decimatum","0","99.54"
"KGLTK0010_BF_B","AMCAM255-20[BOLD:AAC0365]","Arthropoda","Insecta","Diptera","Simuliidae","Simuliinae","Simuliini","Simulium","Simulium decimatum","0","99.54"
"KGLTK0010_BF_B","AMCAM325-20[BOLD:AAC0365]","Arthropoda","Insecta","Diptera","Simuliidae","Simuliinae","Simuliini","Simulium","Simulium decimatum","0","99.54"
"KGLTK0010_BF_B","GCHAR742-19[BOLD:AAC0365]","Arthropoda","Insecta","Diptera","Simuliidae","Simuliinae","Simuliini","Simulium","Simulium decimatum","0","99.54"
"KGLTK0010_BF_G","LPKIL1089-22[BOLD:ACF5758]","Arthropoda","Insecta","Diptera","Simuliidae","Simuliinae","Simuliini","Simulium","","0","99.85"
"KGLTK0010_BF_G","TRDNE061-15[BOLD:ACF5758]","Arthropoda","Insecta","Diptera","Simuliidae","Simuliinae","Simuliini","Simulium","","0","99.85"
"KGLTK0010_BF_G","ACB071-05[BOLD:ACF5758]","Arthropoda","Insecta","Diptera","Simuliidae","Simuliinae","Simuliini","Simulium","Simulium craigi","0","99.84"
"KGLTK0010_BF_G","TRDNE009-14[BOLD:ACF5758]","Arthropoda","Insecta","Diptera","Simuliidae","Simuliinae","Simuliini","Simulium","","0","99.70"
"KGLTK0010_BF_G","BSNHM5610-25[BOLD:ACF5758]","Arthropoda","Insecta","Diptera","Simuliidae","Simuliinae","Simuliini","Simulium","Simulium bicorne","0","99.70"
"KGLTK0010_BF_G","COLEC058-15[BOLD:ACF5758]","Arthropoda","Insecta","Diptera","Simuliidae","Simuliinae","Simuliini","Simulium","Simulium craigi","0","99.70"
"KGLTK0010_BF_G","GMOAB1883-21[BOLD:ACF5758]","Arthropoda","Insecta","Diptera","Simuliidae","Simuliinae","Simuliini","Simulium","","0","99.69"
"KGLTK0010_BF_G","LPKIL1095-22[BOLD:ACF5758]","Arthropoda","Insecta","Diptera","Simuliidae","Simuliinae","Simuliini","Simulium","","0","99.69"
"KGLTK0010_BF_G","LPKIL112-22[BOLD:ACF5758]","Arthropoda","Insecta","Diptera","Simuliidae","Simuliinae","Simuliini","Simulium","","0","99.69"
"KGLTK0010_BF_G","LPKIL1125-22[BOLD:ACF5758]","Arthropoda","Insecta","Diptera","Simuliidae","Simuliinae","Simuliini","Simulium","","0","99.69"
"KGLTK0010_BF_G","LPKIL875-22[BOLD:ACF5758]","Arthropoda","Insecta","Diptera","Simuliidae","Simuliinae","Simuliini","Simulium","","0","99.69"
"KGLTK0010_BF_G","SIIP2631-24[BOLD:ACF5758]","Arthropoda","Insecta","Diptera","Simuliidae","","","","","0","99.54"
"KGLTK0010_BF_G","SIIP3262-24[BOLD:ACF5758]","Arthropoda","Insecta","Diptera","Simuliidae","","","","","0","99.54"
"KGLTK0010_BF_G","LPKIL1081-22[BOLD:ACF5758]","Arthropoda","Insecta","Diptera","Simuliidae","Simuliinae","Simuliini","Simulium","","0","99.54"
"KGLTK0010_BF_G","LPKIL1124-22[BOLD:ACF5758]","Arthropoda","Insecta","Diptera","Simuliidae","Simuliinae","Simuliini","Simulium","","0","99.54"
"KGLTK0010_BF_G","LPKIL1181-22[BOLD:ACF5758]","Arthropoda","Insecta","Diptera","Simuliidae","Simuliinae","Simuliini","Simulium","","0","99.54"
"KGLTK0010_BF_G","LPKIL824-22[BOLD:ACF5758]","Arthropoda","Insecta","Diptera","Simuliidae","Simuliinae","Simuliini","Simulium","","0","99.54"
"KGLTK0010_BF_G","LPKIL833-22[BOLD:ACF5758]","Arthropoda","Insecta","Diptera","Simuliidae","Simuliinae","Simuliini","Simulium","","0","99.54"
"KGLTK0010_BF_G","LPKIL852-22[BOLD:ACF5758]","Arthropoda","Insecta","Diptera","Simuliidae","Simuliinae","Simuliini","Simulium","","0","99.54"
"KGLTK0010_BF_G","FISIM267-11[BOLD:ACF5758]","Arthropoda","Insecta","Diptera","Simuliidae","Simuliinae","Simuliini","Simulium","Simulium fontinale","0","99.24"
"KGLTK0010_BF_G","FISIM264-11[BOLD:ACF5758]","Arthropoda","Insecta","Diptera","Simuliidae","Simuliinae","Simuliini","Simulium","Simulium fontinale","0","98.94"
"KGLTK0010_BF_G","LPKIL1118-22[BOLD:ACF5758]","Arthropoda","Insecta","Diptera","Simuliidae","Simuliinae","Simuliini","Simulium","","0","98.93"
"KGLTK0010_BF_G","FISIM265-11[BOLD:ACF5758]","Arthropoda","Insecta","Diptera","Simuliidae","Simuliinae","Simuliini","Simulium","Simulium fontinale","0","98.18"
"KGLTK0010_BF_G","TRDNE060-15[BOLD:ACF5757]","Arthropoda","Insecta","Diptera","Simuliidae","Simuliinae","Simuliini","Simulium","","0","97.87"
"KGLTK0010_BF_G","FISIM263-11[BOLD:ACF5757]","Arthropoda","Insecta","Diptera","Simuliidae","Simuliinae","Simuliini","Simulium","Simulium fontinale","0","97.72"
"KGLTK0010_BF_H","ACB139-05[BOLD:ABX4941]","Arthropoda","Insecta","Diptera","Simuliidae","Simuliinae","Simuliini","Simulium","Simulium craigi","0","100.00"
"KGLTK0010_BF_H","CNGMD005-14[BOLD:ABX4941]","Arthropoda","Insecta","Diptera","Simuliidae","Simuliinae","Simuliini","Simulium","","0","99.09"
"KGLTK0010_BF_H","CNTMB162-14[BOLD:ABX4941]","Arthropoda","Insecta","Diptera","Simuliidae","Simuliinae","Simuliini","Simulium","","0","98.93"
"KGLTK0010_BF_H","NBPSI046-11[BOLD:ABX4941]","Arthropoda","Insecta","Diptera","Simuliidae","Simuliinae","Simuliini","Simulium","Simulium craigi","0","98.78"
"KGLTK0010_BF_H","CNPKG1095-14[BOLD:ABX4941]","Arthropoda","Insecta","Diptera","Simuliidae","Simuliinae","Simuliini","Simulium","","0","98.63"
"KGLTK0010_BF_H","FISIM133-11[BOLD:AAA9686]","Arthropoda","Insecta","Diptera","Simuliidae","Simuliinae","Simuliini","Simulium","Simulium bicorne","0","97.87"
"KGLTK0010_BF_H","FISIM264-11[BOLD:ACF5758]","Arthropoda","Insecta","Diptera","Simuliidae","Simuliinae","Simuliini","Simulium","Simulium fontinale","0","97.87"
"KGLTK0010_BF_H","FISIM267-11[BOLD:ACF5758]","Arthropoda","Insecta","Diptera","Simuliidae","Simuliinae","Simuliini","Simulium","Simulium fontinale","0","97.87"
"KGLTK0010_BF_H","FISIM265-11[BOLD:ACF5758]","Arthropoda","Insecta","Diptera","Simuliidae","Simuliinae","Simuliini","Simulium","Simulium fontinale","0","97.72"
"KGLTK0010_BF_H","CNJAD1615-12[BOLD:ACF5757]","Arthropoda","Insecta","Diptera","Simuliidae","Simuliinae","Simuliini","Simulium","","0","97.57"
"KGLTK0010_BF_H","TRDNE061-15[BOLD:ACF5758]","Arthropoda","Insecta","Diptera","Simuliidae","Simuliinae","Simuliini","Simulium","","0","97.57"
"KGLTK0010_BF_H","FISIM131-11[BOLD:AAA9686]","Arthropoda","Insecta","Diptera","Simuliidae","Simuliinae","Simuliini","Simulium","Simulium bicorne","0","97.57"
"KGLTK0010_BF_H","GMOLC182-19[BOLD:ACF5757]","Arthropoda","Insecta","Diptera","Simuliidae","Simuliinae","Simuliini","Simulium","","0","97.55"
"KGLTK0010_BF_H","LPKIL1118-22[BOLD:ACF5758]","Arthropoda","Insecta","Diptera","Simuliidae","Simuliinae","Simuliini","Simulium","","0","97.55"
"KGLTK0010_BF_H","SIIP3105-24[BOLD:ACF5757]","Arthropoda","Insecta","Diptera","Simuliidae","","","","","0","97.42"
"KGLTK0010_BF_H","CNJAC1325-12[BOLD:ACF5757]","Arthropoda","Insecta","Diptera","Simuliidae","Simuliinae","Simuliini","Simulium","","0","97.42"
"KGLTK0010_BF_H","CNJAC164-12[BOLD:ACF5757]","Arthropoda","Insecta","Diptera","Simuliidae","Simuliinae","Simuliini","Simulium","","0","97.42"
"KGLTK0010_BF_H","TRDNE009-14[BOLD:ACF5758]","Arthropoda","Insecta","Diptera","Simuliidae","Simuliinae","Simuliini","Simulium","","0","97.42"
"KGLTK0010_BF_H","TRDNE060-15[BOLD:ACF5757]","Arthropoda","Insecta","Diptera","Simuliidae","Simuliinae","Simuliini","Simulium","","0","97.42"
"KGLTK0010_BF_H","FISIM134-11[BOLD:AAA9686]","Arthropoda","Insecta","Diptera","Simuliidae","Simuliinae","Simuliini","Simulium","Simulium bicorne","0","97.42"
"KGLTK0010_BF_H","BSNHM5610-25[BOLD:ACF5758]","Arthropoda","Insecta","Diptera","Simuliidae","Simuliinae","Simuliini","Simulium","Simulium bicorne","0","97.41"
"KGLTK0010_BF_H","COLEC058-15[BOLD:ACF5758]","Arthropoda","Insecta","Diptera","Simuliidae","Simuliinae","Simuliini","Simulium","Simulium craigi","0","97.41"
"KGLTK0010_BF_H","LPKIL875-22[BOLD:ACF5758]","Arthropoda","Insecta","Diptera","Simuliidae","Simuliinae","Simuliini","Simulium","","0","97.40"
"KGLTK0010_BF_H","SIIP2631-24[BOLD:ACF5758]","Arthropoda","Insecta","Diptera","Simuliidae","","","","","0","97.26"
"KGLTK0010_BF_H","SIIP3262-24[BOLD:ACF5758]","Arthropoda","Insecta","Diptera","Simuliidae","","","","","0","97.26"
"KGLTK0012_BF_B","MCHAE735-19[BOLD:AAC0365]","Arthropoda","Insecta","Diptera","Simuliidae","Simuliinae","Simuliini","Simulium","Simulium decimatum","0","100.00"
"KGLTK0012_BF_B","AMCAM151-20[BOLD:AAC0365]","Arthropoda","Insecta","Diptera","Simuliidae","Simuliinae","Simuliini","Simulium","Simulium decimatum","0","99.85"
"KGLTK0012_BF_B","AMCAM170-20[BOLD:AAC0365]","Arthropoda","Insecta","Diptera","Simuliidae","Simuliinae","Simuliini","Simulium","Simulium decimatum","0","99.85"
"KGLTK0012_BF_B","AMCAM221-20[BOLD:AAC0365]","Arthropoda","Insecta","Diptera","Simuliidae","Simuliinae","Simuliini","Simulium","Simulium decimatum","0","99.85"
"KGLTK0012_BF_B","AMCAM263-20[BOLD:AAC0365]","Arthropoda","Insecta","Diptera","Simuliidae","Simuliinae","Simuliini","Simulium","Simulium decimatum","0","99.85"
"KGLTK0012_BF_B","AMCAM268-20[BOLD:AAC0365]","Arthropoda","Insecta","Diptera","Simuliidae","Simuliinae","Simuliini","Simulium","Simulium decimatum","0","99.85"
"KGLTK0012_BF_B","AMCAM308-20[BOLD:AAC0365]","Arthropoda","Insecta","Diptera","Simuliidae","Simuliinae","Simuliini","Simulium","Simulium decimatum","0","99.85"
"KGLTK0012_BF_B","AMCAM314-20[BOLD:AAC0365]","Arthropoda","Insecta","Diptera","Simuliidae","Simuliinae","Simuliini","Simulium","Simulium decimatum","0","99.85"
"KGLTK0012_BF_B","AMCAM361-20[BOLD:AAC0365]","Arthropoda","Insecta","Diptera","Simuliidae","Simuliinae","Simuliini","Simulium","Simulium decimatum","0","99.85"
"KGLTK0012_BF_B","AMCAM366-20[BOLD:AAC0365]","Arthropoda","Insecta","Diptera","Simuliidae","Simuliinae","Simuliini","Simulium","Simulium decimatum","0","99.85"
"KGLTK0012_BF_B","JWDCH895-10[BOLD:AAC0365]","Arthropoda","Insecta","Diptera","Simuliidae","Simuliinae","Simuliini","Simulium","Simulium decimatum","0","99.85"
"KGLTK0012_BF_B","MCHAC238-19[BOLD:AAC0365]","Arthropoda","Insecta","Diptera","Simuliidae","Simuliinae","Simuliini","Simulium","Simulium decimatum","0","99.85"
"KGLTK0012_BF_B","AMCAM104-20[BOLD:AAC0365]","Arthropoda","Insecta","Diptera","Simuliidae","Simuliinae","Simuliini","Simulium","Simulium decimatum","0","99.70"
"KGLTK0012_BF_B","AMCAM084-20[BOLD:AAC0365]","Arthropoda","Insecta","Diptera","Simuliidae","Simuliinae","Simuliini","Simulium","Simulium decimatum","0","99.69"
"KGLTK0012_BF_B","AMCAM213-20[BOLD:AAC0365]","Arthropoda","Insecta","Diptera","Simuliidae","Simuliinae","Simuliini","Simulium","Simulium decimatum","0","99.69"
"KGLTK0012_BF_B","AMCAM256-20[BOLD:AAC0365]","Arthropoda","Insecta","Diptera","Simuliidae","Simuliinae","Simuliini","Simulium","Simulium decimatum","0","99.69"
"KGLTK0012_BF_B","AMCAM327-20[BOLD:AAC0365]","Arthropoda","Insecta","Diptera","Simuliidae","Simuliinae","Simuliini","Simulium","Simulium decimatum","0","99.69"
"KGLTK0012_BF_B","MCHAA538-19[BOLD:AAC0365]","Arthropoda","Insecta","Diptera","Simuliidae","Simuliinae","Simuliini","Simulium","Simulium decimatum","0","99.69"
"KGLTK0012_BF_B","MHFLY258-07[BOLD:AAC0365]","Arthropoda","Insecta","Diptera","Simuliidae","Simuliinae","Simuliini","Simulium","Simulium decimatum","0","99.69"
"KGLTK0012_BF_B","AMCAM056-20[BOLD:AAC0365]","Arthropoda","Insecta","Diptera","Simuliidae","Simuliinae","Simuliini","Simulium","Simulium decimatum","0","99.54"
"KGLTK0012_BF_B","AMCAM070-20[BOLD:AAC0365]","Arthropoda","Insecta","Diptera","Simuliidae","Simuliinae","Simuliini","Simulium","Simulium decimatum","0","99.54"
"KGLTK0012_BF_B","AMCAM094-20[BOLD:AAC0365]","Arthropoda","Insecta","Diptera","Simuliidae","Simuliinae","Simuliini","Simulium","Simulium decimatum","0","99.54"
"KGLTK0012_BF_B","AMCAM255-20[BOLD:AAC0365]","Arthropoda","Insecta","Diptera","Simuliidae","Simuliinae","Simuliini","Simulium","Simulium decimatum","0","99.54"
"KGLTK0012_BF_B","GCHAR742-19[BOLD:AAC0365]","Arthropoda","Insecta","Diptera","Simuliidae","Simuliinae","Simuliini","Simulium","Simulium decimatum","0","99.54"
"KGLTK0012_BF_B","MCHAC1604-19[BOLD:AAC0365]","Arthropoda","Insecta","Diptera","Simuliidae","Simuliinae","Simuliini","Simulium","Simulium decimatum","0","99.54"
"KGLTK0014_BF_A","GBAAY59162-24[BOLD:AAA8954]","Arthropoda","Insecta","Diptera","Simuliidae","Simuliinae","Simuliini","Simulium","Simulium apricarium","0","100.00"
"KGLTK0014_BF_A","GBAAY19341-24[BOLD:AAA8954]","Arthropoda","Insecta","Diptera","Simuliidae","Simuliinae","Simuliini","Simulium","Simulium arcticum","0","100.00"
"KGLTK0014_BF_A","GBAAZ36134-24[BOLD:AAA8954]","Arthropoda","Insecta","Diptera","Simuliidae","Simuliinae","Simuliini","Simulium","Simulium arcticum sensu lato BL19_7","0","100.00"
"KGLTK0014_BF_A","BBDCN999-10[BOLD:AAA8954]","Arthropoda","Insecta","Diptera","Simuliidae","Simuliinae","Simuliini","Simulium","Simulium arcticum complex","0","99.85"
"KGLTK0014_BF_A","GBAAY59153-24[BOLD:AAA8954]","Arthropoda","Insecta","Diptera","Simuliidae","Simuliinae","Simuliini","Simulium","Simulium apricarium","0","99.84"
"KGLTK0014_BF_A","GBAAY19332-24[BOLD:AAA8954]","Arthropoda","Insecta","Diptera","Simuliidae","Simuliinae","Simuliini","Simulium","Simulium arcticum","0","99.84"
"KGLTK0014_BF_A","GBAAY19353-24[BOLD:AAA8954]","Arthropoda","Insecta","Diptera","Simuliidae","Simuliinae","Simuliini","Simulium","Simulium arcticum","0","99.84"
"KGLTK0014_BF_A","GBAAZ3144-24[BOLD:AAA8954]","Arthropoda","Insecta","Diptera","Simuliidae","Simuliinae","Simuliini","Simulium","Simulium arcticum sensu lato BL9_27","0","99.84"
"KGLTK0014_BF_A","GBAAY52376-24[BOLD:AAA8954]","Arthropoda","Insecta","Diptera","Simuliidae","Simuliinae","Simuliini","Simulium","Simulium brevicercum","0","99.84"
"KGLTK0014_BF_A","UCOL325-23[BOLD:AAA8954]","Arthropoda","Insecta","Diptera","Simuliidae","Simuliinae","Simuliini","Simulium","Simulium arcticum","0","99.70"
"KGLTK0014_BF_A","NBPSI155-11[BOLD:AAA8954]","Arthropoda","Insecta","Diptera","Simuliidae","Simuliinae","Simuliini","Simulium","Simulium arcticum complex","0","99.70"
"KGLTK0014_BF_A","GBMIN60899-17[BOLD:AAA8954]","Arthropoda","Insecta","Diptera","Simuliidae","Simuliinae","Simuliini","Simulium","Simulium apricarium","0","99.69"
"KGLTK0014_BF_A","GBAAZ35390-24[BOLD:AAA8954]","Arthropoda","Insecta","Diptera","Simuliidae","Simuliinae","Simuliini","Simulium","Simulium arcticum sensu lato BL19_4","0","99.69"
"KGLTK0014_BF_A","GBAAZ38230-24[BOLD:AAA8954]","Arthropoda","Insecta","Diptera","Simuliidae","Simuliinae","Simuliini","Simulium","Simulium arcticum sensu lato BL9_1","0","99.69"
"KGLTK0014_BF_A","GBAAZ41650-24[BOLD:AAA8954]","Arthropoda","Insecta","Diptera","Simuliidae","Simuliinae","Simuliini","Simulium","Simulium arcticum sensu lato CW22_14","0","99.69"
"KGLTK0014_BF_A","GBAAZ13751-24[BOLD:AAA8954]","Arthropoda","Insecta","Diptera","Simuliidae","Simuliinae","Simuliini","Simulium","Simulium arcticum sensu lato CW22_3","0","99.69"
"KGLTK0014_BF_A","GBAAZ24484-24[BOLD:AAA8954]","Arthropoda","Insecta","Diptera","Simuliidae","Simuliinae","Simuliini","Simulium","Simulium arcticum sensu lato CW22_4","0","99.69"
"KGLTK0014_BF_A","GBAAZ1845-24[BOLD:AAA8954]","Arthropoda","Insecta","Diptera","Simuliidae","Simuliinae","Simuliini","Simulium","Simulium arcticum sensu lato LB18_11","0","99.69"
"KGLTK0014_BF_A","GBMAB2170-15[BOLD:AAA8954]","Arthropoda","Insecta","Diptera","Simuliidae","Simuliinae","Simuliini","Simulium","Simulium saxosum","0","99.69"
"KGLTK0014_BF_A","GBMIN61358-17[BOLD:AAA8954]","Arthropoda","Insecta","Diptera","Simuliidae","Simuliinae","Simuliini","Simulium","Simulium saxosum","0","99.69"
"KGLTK0014_BF_A","MPGJ662-19[BOLD:AAA8954]","Arthropoda","Insecta","Diptera","Simuliidae","Simuliinae","Simuliini","Simulium","","0","99.54"
"KGLTK0014_BF_A","JWDCA128-10[BOLD:AAA8954]","Arthropoda","Insecta","Diptera","Simuliidae","Simuliinae","Simuliini","Simulium","Simulium arcticum complex","0","99.54"
"KGLTK0014_BF_A","NBPSI157-11[BOLD:AAA8954]","Arthropoda","Insecta","Diptera","Simuliidae","Simuliinae","Simuliini","Simulium","Simulium arcticum complex","0","99.09"
"KGLTK0014_BF_A","NBPSI156-11[BOLD:AAA8954]","Arthropoda","Insecta","Diptera","Simuliidae","Simuliinae","Simuliini","Simulium","Simulium arcticum complex","0","98.94"
"KGLTK0014_BF_A","BCMIN1827-23[BOLD:AAA8954]","Arthropoda","Insecta","Diptera","Simuliidae","Simuliinae","Simuliini","Simulium","","0","98.78"
"KGLTK0014_BF_B","GBAAY59162-24[BOLD:AAA8954]","Arthropoda","Insecta","Diptera","Simuliidae","Simuliinae","Simuliini","Simulium","Simulium apricarium","0","99.84"
"KGLTK0014_BF_B","GBAAY19341-24[BOLD:AAA8954]","Arthropoda","Insecta","Diptera","Simuliidae","Simuliinae","Simuliini","Simulium","Simulium arcticum","0","99.84"
"KGLTK0014_BF_B","GBAAZ36134-24[BOLD:AAA8954]","Arthropoda","Insecta","Diptera","Simuliidae","Simuliinae","Simuliini","Simulium","Simulium arcticum sensu lato BL19_7","0","99.84"
"KGLTK0014_BF_B","BBDCN999-10[BOLD:AAA8954]","Arthropoda","Insecta","Diptera","Simuliidae","Simuliinae","Simuliini","Simulium","Simulium arcticum complex","0","99.70"
"KGLTK0014_BF_B","GBAAY59153-24[BOLD:AAA8954]","Arthropoda","Insecta","Diptera","Simuliidae","Simuliinae","Simuliini","Simulium","Simulium apricarium","0","99.69"
"KGLTK0014_BF_B","GBAAY19328-24[BOLD:AAA8954]","Arthropoda","Insecta","Diptera","Simuliidae","Simuliinae","Simuliini","Simulium","Simulium arcticum","0","99.69"
"KGLTK0014_BF_B","GBAAY19332-24[BOLD:AAA8954]","Arthropoda","Insecta","Diptera","Simuliidae","Simuliinae","Simuliini","Simulium","Simulium arcticum","0","99.69"
"KGLTK0014_BF_B","GBAAY19353-24[BOLD:AAA8954]","Arthropoda","Insecta","Diptera","Simuliidae","Simuliinae","Simuliini","Simulium","Simulium arcticum","0","99.69"
"KGLTK0014_BF_B","GBAAZ3144-24[BOLD:AAA8954]","Arthropoda","Insecta","Diptera","Simuliidae","Simuliinae","Simuliini","Simulium","Simulium arcticum sensu lato BL9_27","0","99.69"
"KGLTK0014_BF_B","GBAAY52376-24[BOLD:AAA8954]","Arthropoda","Insecta","Diptera","Simuliidae","Simuliinae","Simuliini","Simulium","Simulium brevicercum","0","99.69"
"KGLTK0014_BF_B","UCOL325-23[BOLD:AAA8954]","Arthropoda","Insecta","Diptera","Simuliidae","Simuliinae","Simuliini","Simulium","Simulium arcticum","0","99.54"
"KGLTK0014_BF_B","NBPSI155-11[BOLD:AAA8954]","Arthropoda","Insecta","Diptera","Simuliidae","Simuliinae","Simuliini","Simulium","Simulium arcticum complex","0","99.54"
"KGLTK0014_BF_B","GBMIN60899-17[BOLD:AAA8954]","Arthropoda","Insecta","Diptera","Simuliidae","Simuliinae","Simuliini","Simulium","Simulium apricarium","0","99.53"
"KGLTK0014_BF_B","GBAAZ35390-24[BOLD:AAA8954]","Arthropoda","Insecta","Diptera","Simuliidae","Simuliinae","Simuliini","Simulium","Simulium arcticum sensu lato BL19_4","0","99.53"
"KGLTK0014_BF_B","GBAAZ38230-24[BOLD:AAA8954]","Arthropoda","Insecta","Diptera","Simuliidae","Simuliinae","Simuliini","Simulium","Simulium arcticum sensu lato BL9_1","0","99.53"
"KGLTK0014_BF_B","GBAAZ41650-24[BOLD:AAA8954]","Arthropoda","Insecta","Diptera","Simuliidae","Simuliinae","Simuliini","Simulium","Simulium arcticum sensu lato CW22_14","0","99.53"
"KGLTK0014_BF_B","GBAAZ24484-24[BOLD:AAA8954]","Arthropoda","Insecta","Diptera","Simuliidae","Simuliinae","Simuliini","Simulium","Simulium arcticum sensu lato CW22_4","0","99.53"
"KGLTK0014_BF_B","GBAAZ1845-24[BOLD:AAA8954]","Arthropoda","Insecta","Diptera","Simuliidae","Simuliinae","Simuliini","Simulium","Simulium arcticum sensu lato LB18_11","0","99.53"
"KGLTK0014_BF_B","GBMAB2170-15[BOLD:AAA8954]","Arthropoda","Insecta","Diptera","Simuliidae","Simuliinae","Simuliini","Simulium","Simulium saxosum","0","99.53"
"KGLTK0014_BF_B","GBMIN61358-17[BOLD:AAA8954]","Arthropoda","Insecta","Diptera","Simuliidae","Simuliinae","Simuliini","Simulium","Simulium saxosum","0","99.53"
"KGLTK0014_BF_B","MPGJ662-19[BOLD:AAA8954]","Arthropoda","Insecta","Diptera","Simuliidae","Simuliinae","Simuliini","Simulium","","0","99.39"
"KGLTK0014_BF_B","JWDCA128-10[BOLD:AAA8954]","Arthropoda","Insecta","Diptera","Simuliidae","Simuliinae","Simuliini","Simulium","Simulium arcticum complex","0","99.39"
"KGLTK0014_BF_B","NBPSI157-11[BOLD:AAA8954]","Arthropoda","Insecta","Diptera","Simuliidae","Simuliinae","Simuliini","Simulium","Simulium arcticum complex","0","98.94"
"KGLTK0014_BF_B","NBPSI156-11[BOLD:AAA8954]","Arthropoda","Insecta","Diptera","Simuliidae","Simuliinae","Simuliini","Simulium","Simulium arcticum complex","0","98.78"
"KGLTK0014_BF_B","BCMIN1827-23[BOLD:AAA8954]","Arthropoda","Insecta","Diptera","Simuliidae","Simuliinae","Simuliini","Simulium","","0","98.63"
"KGLTK0015_BF_A","CIOSI25166-24[BOLD:AAA8326]","Arthropoda","Insecta","Diptera","Simuliidae","Simuliinae","Simuliini","Simulium","","0","99.54"
"KGLTK0015_BF_A","FCHAR3997-19[BOLD:AAA8326]","Arthropoda","Insecta","Diptera","Simuliidae","Simuliinae","Simuliini","Simulium","","0","99.54"
"KGLTK0015_BF_A","FCHAR6639-19[BOLD:AAA8326]","Arthropoda","Insecta","Diptera","Simuliidae","Simuliinae","Simuliini","Simulium","","0","99.54"
"KGLTK0015_BF_A","GCHAR792-19[BOLD:AAA8326]","Arthropoda","Insecta","Diptera","Simuliidae","Simuliinae","Simuliini","Simulium","","0","99.54"
"KGLTK0015_BF_A","MCHAA1091-19[BOLD:AAA8326]","Arthropoda","Insecta","Diptera","Simuliidae","Simuliinae","Simuliini","Simulium","","0","99.54"
"KGLTK0015_BF_A","MCHAA1296-19[BOLD:AAA8326]","Arthropoda","Insecta","Diptera","Simuliidae","Simuliinae","Simuliini","Simulium","","0","99.54"
"KGLTK0015_BF_A","MCHAD178-19[BOLD:AAA8326]","Arthropoda","Insecta","Diptera","Simuliidae","Simuliinae","Simuliini","Simulium","","0","99.54"
"KGLTK0015_BF_A","MCHAE740-19[BOLD:AAA8326]","Arthropoda","Insecta","Diptera","Simuliidae","Simuliinae","Simuliini","Simulium","","0","99.54"
"KGLTK0015_BF_A","DHSSI945-24[BOLD:AAA8326]","Arthropoda","Insecta","Diptera","Simuliidae","Simuliinae","Simuliini","Simulium","Simulium annulitarse","0","99.54"
"KGLTK0015_BF_A","BBDCQ685-10[BOLD:AAA8326]","Arthropoda","Insecta","Diptera","Simuliidae","Simuliinae","Simuliini","Simulium","Simulium tuberosum complex","0","99.54"
"KGLTK0015_BF_A","DHSSI163-23[BOLD:AAA8326]","Arthropoda","Insecta","Diptera","Simuliidae","Simuliinae","Simuliini","Simulium","Simulium vandalicum","0","99.54"
"KGLTK0015_BF_A","CIOSI30057-24[BOLD:AAA8326]","Arthropoda","Insecta","Diptera","Simuliidae","Simuliinae","Simuliini","Simulium","","0","99.39"
"KGLTK0015_BF_A","CIOSI30812-24[BOLD:AAA8326]","Arthropoda","Insecta","Diptera","Simuliidae","Simuliinae","Simuliini","Simulium","","0","99.39"
"KGLTK0015_BF_A","CIOSI50652-24[BOLD:AAA8326]","Arthropoda","Insecta","Diptera","Simuliidae","Simuliinae","Simuliini","Simulium","","0","99.39"
"KGLTK0015_BF_A","MCHAC209-19[BOLD:AAA8326]","Arthropoda","Insecta","Diptera","Simuliidae","Simuliinae","Simuliini","Simulium","","0","99.39"
"KGLTK0015_BF_A","MCHAC225-19[BOLD:AAA8326]","Arthropoda","Insecta","Diptera","Simuliidae","Simuliinae","Simuliini","Simulium","","0","99.39"
"KGLTK0015_BF_A","MCHAC675-19[BOLD:AAA8326]","Arthropoda","Insecta","Diptera","Simuliidae","Simuliinae","Simuliini","Simulium","","0","99.39"
"KGLTK0015_BF_A","MCHAD186-19[BOLD:AAA8326]","Arthropoda","Insecta","Diptera","Simuliidae","Simuliinae","Simuliini","Simulium","","0","99.39"
"KGLTK0015_BF_A","OPPAM330-17[BOLD:AAA8326]","Arthropoda","Insecta","Diptera","Simuliidae","Simuliinae","Simuliini","Simulium","","0","99.39"
"KGLTK0015_BF_A","DHSSI069-23[BOLD:AAA8326]","Arthropoda","Insecta","Diptera","Simuliidae","Simuliinae","Simuliini","Simulium","Simulium tuberosum complex","0","99.39"
"KGLTK0015_BF_A","DHSSI1237-24[BOLD:AAA8326]","Arthropoda","Insecta","Diptera","Simuliidae","Simuliinae","Simuliini","Simulium","Simulium tuberosum complex","0","99.39"
"KGLTK0015_BF_A","DHSSI1448-24[BOLD:AAA8326]","Arthropoda","Insecta","Diptera","Simuliidae","Simuliinae","Simuliini","Simulium","Simulium tuberosum complex","0","99.39"
"KGLTK0015_BF_A","DHSSI711-24[BOLD:AAA8326]","Arthropoda","Insecta","Diptera","Simuliidae","Simuliinae","Simuliini","Simulium","Simulium tuberosum complex","0","99.39"
"KGLTK0015_BF_A","JWDCB250-10[BOLD:AAA8326]","Arthropoda","Insecta","Diptera","Simuliidae","Simuliinae","Simuliini","Simulium","Simulium tuberosum complex","0","99.39"
"KGLTK0015_BF_A","JWDCC557-10[BOLD:AAA8326]","Arthropoda","Insecta","Diptera","Simuliidae","Simuliinae","Simuliini","Simulium","Simulium tuberosum complex","0","99.39"
"KGLTK0015_BF_B","ACBB749-09[BOLD:AAL8152]","Arthropoda","Insecta","Diptera","Simuliidae","Simuliinae","Simuliini","Simulium","","0","100.00"
"KGLTK0015_BF_B","FCHAR6774-19[BOLD:AAL8152]","Arthropoda","Insecta","Diptera","Simuliidae","Simuliinae","Simuliini","Simulium","Simulium congareenarum","0","100.00"
"KGLTK0015_BF_B","JWDCH828-10[BOLD:AAL8152]","Arthropoda","Insecta","Diptera","Simuliidae","Simuliinae","Simuliini","Simulium","Simulium congareenarum","0","100.00"
"KGLTK0015_BF_B","SSKUB6253-15[BOLD:AAL8152]","Arthropoda","Insecta","Diptera","Simuliidae","Simuliinae","Simuliini","Simulium","Simulium congareenarum","0","100.00"
"KGLTK0015_BF_B","NBPSI033-11[BOLD:AAL8152]","Arthropoda","Insecta","Diptera","Simuliidae","Simuliinae","Simuliini","Simulium","Simulium congareenarum","0","99.85"
"KGLTK0015_BF_B","SMTPO10372-15[BOLD:AAL8152]","Arthropoda","Insecta","Diptera","Simuliidae","Simuliinae","Simuliini","Simulium","Simulium congareenarum","0","99.83"
"KGLTK0015_BF_B","ACBB750-09[BOLD:AAL8152]","Arthropoda","Insecta","Diptera","Simuliidae","Simuliinae","Simuliini","Simulium","","0","99.70"
"KGLTK0015_BF_B","SSBAC3848-12[BOLD:AAE8842]","Arthropoda","Insecta","Diptera","Simuliidae","Simuliinae","Simuliini","Simulium","","0","98.42"
"KGLTK0015_BF_B","NBPSI160-11[BOLD:AAE8842]","Arthropoda","Insecta","Diptera","Simuliidae","Simuliinae","Simuliini","Simulium","Simulium anatinum","0","98.02"
"KGLTK0015_BF_B","JWDCD256-10[BOLD:AAE8842]","Arthropoda","Insecta","Diptera","Simuliidae","Simuliinae","Simuliini","Simulium","Simulium anatinum/randalense","0","98.02"
"KGLTK0015_BF_B","ACB200-06[BOLD:AAE8842]","Arthropoda","Insecta","Diptera","Simuliidae","Simuliinae","Simuliini","Simulium","Simulium anatinum","0","97.90"
"KGLTK0015_BF_B","JWDCD274-10[BOLD:AAE8842]","Arthropoda","Insecta","Diptera","Simuliidae","Simuliinae","Simuliini","Simulium","Simulium anatinum/randalense","0","97.87"
"KGLTK0015_BF_B","JWDCD390-10[BOLD:AAE8842]","Arthropoda","Insecta","Diptera","Simuliidae","Simuliinae","Simuliini","Simulium","Simulium anatinum/randalense","0","97.87"
"KGLTK0015_BF_B","JWDCD411-10[BOLD:AAE8842]","Arthropoda","Insecta","Diptera","Simuliidae","Simuliinae","Simuliini","Simulium","Simulium anatinum/randalense","0","97.82"
"KGLTK0015_BF_B","JWDCD257-10[BOLD:AAE8842]","Arthropoda","Insecta","Diptera","Simuliidae","Simuliinae","Simuliini","Simulium","Simulium anatinum/randalense","0","97.72"
"KGLTK0015_BF_B","FISIM058-11[BOLD:AAB1112]","Arthropoda","Insecta","Diptera","Simuliidae","Simuliinae","Simuliini","Simulium","Simulium usovae","0","97.26"
"KGLTK0015_BF_B","FISIM059-11[BOLD:AAB1112]","Arthropoda","Insecta","Diptera","Simuliidae","Simuliinae","Simuliini","Simulium","Simulium usovae","0","97.26"
"KGLTK0015_BF_B","FISIM062-11[BOLD:AAB1112]","Arthropoda","Insecta","Diptera","Simuliidae","Simuliinae","Simuliini","Simulium","Simulium dogieli","0","97.11"
"KGLTK0015_BF_B","ACBB717-09[BOLD:AAB1112]","Arthropoda","Insecta","Diptera","Simuliidae","Simuliinae","Simuliini","Simulium","Simulium sp.","0","97.11"
"KGLTK0015_BF_B","FISIM056-11[BOLD:AAB1112]","Arthropoda","Insecta","Diptera","Simuliidae","Simuliinae","Simuliini","Simulium","Simulium usovae","0","97.11"
"KGLTK0015_BF_B","FISIM061-11[BOLD:AAB1112]","Arthropoda","Insecta","Diptera","Simuliidae","Simuliinae","Simuliini","Simulium","Simulium dogieli","0","96.96"
"KGLTK0015_BF_B","FISIM064-11[BOLD:AAB1112]","Arthropoda","Insecta","Diptera","Simuliidae","Simuliinae","Simuliini","Simulium","Simulium dogieli","0","96.96"
"KGLTK0015_BF_B","ACBB718-09[BOLD:AAB1112]","Arthropoda","Insecta","Diptera","Simuliidae","Simuliinae","Simuliini","Simulium","Simulium sp.","0","96.96"
"KGLTK0015_BF_B","ACBB719-09[BOLD:AAB1112]","Arthropoda","Insecta","Diptera","Simuliidae","Simuliinae","Simuliini","Simulium","Simulium sp.","0","96.96"
"KGLTK0015_BF_B","FISIM057-11[BOLD:AAB1112]","Arthropoda","Insecta","Diptera","Simuliidae","Simuliinae","Simuliini","Simulium","Simulium usovae","0","96.96"
"KGLTK0018_BF_A","GMRSB175-14[BOLD:AAD1848]","Arthropoda","Insecta","Diptera","Simuliidae","Simuliinae","Simuliini","Simulium","Simulium malyschevi","0","99.29"
"KGLTK0018_BF_A","ACBB418-07[BOLD:AAD1848]","Arthropoda","Insecta","Diptera","Simuliidae","Simuliinae","Simuliini","Simulium","Simulium malyschevi","0","98.87"
"KGLTK0018_BF_A","AMCAQ173-20[BOLD:AAD1848]","Arthropoda","Insecta","Diptera","Simuliidae","Simuliinae","Simuliini","Simulium","Simulium malyschevi","0","98.63"
"KGLTK0018_BF_A","SMTPP5010-15[BOLD:AAD1848]","Arthropoda","Insecta","Diptera","Simuliidae","Simuliinae","Simuliini","Simulium","Simulium malyschevi","0","98.44"
"KGLTK0018_BF_A","ACBB412-07[BOLD:AAD1848]","Arthropoda","Insecta","Diptera","Simuliidae","Simuliinae","Simuliini","Simulium","Simulium malyschevi","0","98.38"
"KGLTK0018_BF_A","FISIM268-11[BOLD:AAD1848]","Arthropoda","Insecta","Diptera","Simuliidae","Simuliinae","Simuliini","Simulium","Simulium malyschevi","0","98.33"
"KGLTK0018_BF_A","FISIM271-11[BOLD:AAD1848]","Arthropoda","Insecta","Diptera","Simuliidae","Simuliinae","Simuliini","Simulium","Simulium malyschevi","0","98.33"
"KGLTK0018_BF_A","AMCAK498-20[BOLD:AAD1848]","Arthropoda","Insecta","Diptera","Simuliidae","Simuliinae","Simuliini","Simulium","Simulium malyschevi","0","98.32"
"KGLTK0018_BF_A","AMCAO147-20[BOLD:AAD1848]","Arthropoda","Insecta","Diptera","Simuliidae","Simuliinae","Simuliini","Simulium","Simulium malyschevi","0","98.32"
"KGLTK0018_BF_A","ACBB413-07[BOLD:AAD1848]","Arthropoda","Insecta","Diptera","Simuliidae","Simuliinae","Simuliini","Simulium","Simulium malyschevi","0","98.22"
"KGLTK0018_BF_A","ACBB416-07[BOLD:AAD1848]","Arthropoda","Insecta","Diptera","Simuliidae","Simuliinae","Simuliini","Simulium","Simulium malyschevi","0","98.06"
"KGLTK0018_BF_A","ACBB419-07[BOLD:AAD1848]","Arthropoda","Insecta","Diptera","Simuliidae","Simuliinae","Simuliini","Simulium","Simulium malyschevi","0","98.06"
"KGLTK0018_BF_A","FISIM270-11[BOLD:AAD1848]","Arthropoda","Insecta","Diptera","Simuliidae","Simuliinae","Simuliini","Simulium","Simulium malyschevi","0","98.02"
"KGLTK0018_BF_A","FISIM272-11[BOLD:AAD1848]","Arthropoda","Insecta","Diptera","Simuliidae","Simuliinae","Simuliini","Simulium","Simulium malyschevi","0","98.02"
"KGLTK0018_BF_D","ACBB412-07[BOLD:AAD1848]","Arthropoda","Insecta","Diptera","Simuliidae","Simuliinae","Simuliini","Simulium","Simulium malyschevi","0","99.19"
"KGLTK0018_BF_D","ACBB413-07[BOLD:AAD1848]","Arthropoda","Insecta","Diptera","Simuliidae","Simuliinae","Simuliini","Simulium","Simulium malyschevi","0","99.03"
"KGLTK0018_BF_D","ACBB416-07[BOLD:AAD1848]","Arthropoda","Insecta","Diptera","Simuliidae","Simuliinae","Simuliini","Simulium","Simulium malyschevi","0","98.87"
"KGLTK0018_BF_D","ACBB419-07[BOLD:AAD1848]","Arthropoda","Insecta","Diptera","Simuliidae","Simuliinae","Simuliini","Simulium","Simulium malyschevi","0","98.87"
"KGLTK0018_BF_D","GMRSB175-14[BOLD:AAD1848]","Arthropoda","Insecta","Diptera","Simuliidae","Simuliinae","Simuliini","Simulium","Simulium malyschevi","0","98.76"
"KGLTK0018_BF_D","FISIM271-11[BOLD:AAD1848]","Arthropoda","Insecta","Diptera","Simuliidae","Simuliinae","Simuliini","Simulium","Simulium malyschevi","0","98.18"
"KGLTK0018_BF_D","AMCAQ173-20[BOLD:AAD1848]","Arthropoda","Insecta","Diptera","Simuliidae","Simuliinae","Simuliini","Simulium","Simulium malyschevi","0","98.17"
"KGLTK0018_BF_D","ACBB418-07[BOLD:AAD1848]","Arthropoda","Insecta","Diptera","Simuliidae","Simuliinae","Simuliini","Simulium","Simulium malyschevi","0","98.06"
"KGLTK0018_BF_D","FISIM268-11[BOLD:AAD1848]","Arthropoda","Insecta","Diptera","Simuliidae","Simuliinae","Simuliini","Simulium","Simulium malyschevi","0","97.87"
"KGLTK0018_BF_D","FISIM270-11[BOLD:AAD1848]","Arthropoda","Insecta","Diptera","Simuliidae","Simuliinae","Simuliini","Simulium","Simulium malyschevi","0","97.87"
"KGLTK0018_BF_D","FISIM272-11[BOLD:AAD1848]","Arthropoda","Insecta","Diptera","Simuliidae","Simuliinae","Simuliini","Simulium","Simulium malyschevi","0","97.87"
"KGLTK0018_BF_D","AMCAK498-20[BOLD:AAD1848]","Arthropoda","Insecta","Diptera","Simuliidae","Simuliinae","Simuliini","Simulium","Simulium malyschevi","0","97.86"
"KGLTK0018_BF_D","AMCAO147-20[BOLD:AAD1848]","Arthropoda","Insecta","Diptera","Simuliidae","Simuliinae","Simuliini","Simulium","Simulium malyschevi","0","97.86"
"KGLTK0018_BF_D","SMTPP5010-15[BOLD:AAD1848]","Arthropoda","Insecta","Diptera","Simuliidae","Simuliinae","Simuliini","Simulium","Simulium malyschevi","0","97.74"
"KGLTK0018_BF_E","GBAAX5855-24[BOLD:AAA8954]","Arthropoda","Insecta","Diptera","Simuliidae","Simuliinae","Simuliini","Simulium","Simulium arcticum","0","100.00"
"KGLTK0018_BF_E","GBAAY19346-24[BOLD:AAA8954]","Arthropoda","Insecta","Diptera","Simuliidae","Simuliinae","Simuliini","Simulium","Simulium arcticum","0","100.00"
"KGLTK0018_BF_E","UCOL325-23[BOLD:AAA8954]","Arthropoda","Insecta","Diptera","Simuliidae","Simuliinae","Simuliini","Simulium","Simulium arcticum","0","100.00"
"KGLTK0018_BF_E","NBPSI155-11[BOLD:AAA8954]","Arthropoda","Insecta","Diptera","Simuliidae","Simuliinae","Simuliini","Simulium","Simulium arcticum complex","0","100.00"
"KGLTK0018_BF_E","GBAAZ35390-24[BOLD:AAA8954]","Arthropoda","Insecta","Diptera","Simuliidae","Simuliinae","Simuliini","Simulium","Simulium arcticum sensu lato BL19_4","0","100.00"
"KGLTK0018_BF_E","GBAAZ38230-24[BOLD:AAA8954]","Arthropoda","Insecta","Diptera","Simuliidae","Simuliinae","Simuliini","Simulium","Simulium arcticum sensu lato BL9_1","0","100.00"
"KGLTK0018_BF_E","GBAAZ41650-24[BOLD:AAA8954]","Arthropoda","Insecta","Diptera","Simuliidae","Simuliinae","Simuliini","Simulium","Simulium arcticum sensu lato CW22_14","0","100.00"
"KGLTK0018_BF_E","GBAAZ13751-24[BOLD:AAA8954]","Arthropoda","Insecta","Diptera","Simuliidae","Simuliinae","Simuliini","Simulium","Simulium arcticum sensu lato CW22_3","0","100.00"
"KGLTK0018_BF_E","GBAAZ24484-24[BOLD:AAA8954]","Arthropoda","Insecta","Diptera","Simuliidae","Simuliinae","Simuliini","Simulium","Simulium arcticum sensu lato CW22_4","0","100.00"
"KGLTK0018_BF_E","GBAAY88400-24[BOLD:AAA8954]","Arthropoda","Insecta","Diptera","Simuliidae","Simuliinae","Simuliini","Simulium","Simulium arcticum sensu lato CW22_5","0","100.00"
"KGLTK0018_BF_E","GBAAZ1845-24[BOLD:AAA8954]","Arthropoda","Insecta","Diptera","Simuliidae","Simuliinae","Simuliini","Simulium","Simulium arcticum sensu lato LB18_11","0","100.00"
"KGLTK0018_BF_E","GBAAY75092-24[BOLD:AAA8954]","Arthropoda","Insecta","Diptera","Simuliidae","Simuliinae","Simuliini","Simulium","Simulium arcticum sensu lato LB18_2","0","100.00"
"KGLTK0018_BF_E","GBAAY52368-24[BOLD:AAA8954]","Arthropoda","Insecta","Diptera","Simuliidae","Simuliinae","Simuliini","Simulium","Simulium brevicercum","0","100.00"
"KGLTK0018_BF_E","GBMAB2170-15[BOLD:AAA8954]","Arthropoda","Insecta","Diptera","Simuliidae","Simuliinae","Simuliini","Simulium","Simulium saxosum","0","100.00"
"KGLTK0018_BF_E","GBMIN61358-17[BOLD:AAA8954]","Arthropoda","Insecta","Diptera","Simuliidae","Simuliinae","Simuliini","Simulium","Simulium saxosum","0","100.00"
"KGLTK0018_BF_E","MPGJ662-19[BOLD:AAA8954]","Arthropoda","Insecta","Diptera","Simuliidae","Simuliinae","Simuliini","Simulium","","0","99.85"
"KGLTK0018_BF_E","JWDCA128-10[BOLD:AAA8954]","Arthropoda","Insecta","Diptera","Simuliidae","Simuliinae","Simuliini","Simulium","Simulium arcticum complex","0","99.85"
"KGLTK0018_BF_E","GBMIN60953-17[BOLD:AAA8954]","Arthropoda","Insecta","Diptera","Simuliidae","Simuliinae","Simuliini","Simulium","Simulium brevicercum","0","99.84"
"KGLTK0018_BF_E","GBMIN60958-17[BOLD:AAA8954]","Arthropoda","Insecta","Diptera","Simuliidae","Simuliinae","Simuliini","Simulium","Simulium brevicercum","0","99.84"
"KGLTK0018_BF_E","GBMIN60983-17[BOLD:AAA8954]","Arthropoda","Insecta","Diptera","Simuliidae","Simuliinae","Simuliini","Simulium","Simulium chromatinum","0","99.84"
"KGLTK0018_BF_E","GBMIN61008-17[BOLD:AAA8954]","Arthropoda","Insecta","Diptera","Simuliidae","Simuliinae","Simuliini","Simulium","Simulium defoliarti","0","99.84"
"KGLTK0018_BF_E","BBDCN999-10[BOLD:AAA8954]","Arthropoda","Insecta","Diptera","Simuliidae","Simuliinae","Simuliini","Simulium","Simulium arcticum complex","0","99.54"
"KGLTK0018_BF_E","BCMIN1827-23[BOLD:AAA8954]","Arthropoda","Insecta","Diptera","Simuliidae","Simuliinae","Simuliini","Simulium","","0","99.09"
"KGLTK0018_BF_E","NBPSI157-11[BOLD:AAA8954]","Arthropoda","Insecta","Diptera","Simuliidae","Simuliinae","Simuliini","Simulium","Simulium arcticum complex","0","99.09"
"KGLTK0018_BF_E","NBPSI156-11[BOLD:AAA8954]","Arthropoda","Insecta","Diptera","Simuliidae","Simuliinae","Simuliini","Simulium","Simulium arcticum complex","0","98.94"
"KGLTK0019_BF_A","CRBCA5249-24[BOLD:AGB0586]","Arthropoda","Insecta","Diptera","Simuliidae","Simuliinae","Simuliini","Simulium","","0","99.85"
"KGLTK0019_BF_A","CRBCA7720-24[BOLD:AGB0586]","Arthropoda","Insecta","Diptera","Simuliidae","Simuliinae","Simuliini","Simulium","","0","99.85"
"KGLTK0019_BF_A","CRBCA5476-24[BOLD:AGB0586]","Arthropoda","Insecta","Diptera","Simuliidae","Simuliinae","Simuliini","Simulium","","0","99.70"
"KGLTK0019_BF_A","CRBCA5515-24[BOLD:AGB0586]","Arthropoda","Insecta","Diptera","Simuliidae","Simuliinae","Simuliini","Simulium","","0","99.70"
"KGLTK0019_BF_A","CRBCA5555-24[BOLD:AGB0586]","Arthropoda","Insecta","Diptera","Simuliidae","Simuliinae","Simuliini","Simulium","","0","99.70"
"KGLTK0019_BF_A","CRBCA5556-24[BOLD:AGB0586]","Arthropoda","Insecta","Diptera","Simuliidae","Simuliinae","Simuliini","Simulium","","0","99.70"
"KGLTK0019_BF_A","CRBCA5559-24[BOLD:AGB0586]","Arthropoda","Insecta","Diptera","Simuliidae","Simuliinae","Simuliini","Simulium","","0","99.70"
"KGLTK0019_BF_A","CRBCA5560-24[BOLD:AGB0586]","Arthropoda","Insecta","Diptera","Simuliidae","Simuliinae","Simuliini","Simulium","","0","99.70"
"KGLTK0019_BF_A","CRBCA5568-24[BOLD:AGB0586]","Arthropoda","Insecta","Diptera","Simuliidae","Simuliinae","Simuliini","Simulium","","0","99.70"
"KGLTK0019_BF_A","CRBCA5571-24[BOLD:AGB0586]","Arthropoda","Insecta","Diptera","Simuliidae","Simuliinae","Simuliini","Simulium","","0","99.70"
"KGLTK0019_BF_A","CRBCA5572-24[BOLD:AGB0586]","Arthropoda","Insecta","Diptera","Simuliidae","Simuliinae","Simuliini","Simulium","","0","99.70"
"KGLTK0019_BF_A","CRBCA5574-24[BOLD:AGB0586]","Arthropoda","Insecta","Diptera","Simuliidae","Simuliinae","Simuliini","Simulium","","0","99.70"
"KGLTK0019_BF_A","CRBCA5585-24[BOLD:AGB0586]","Arthropoda","Insecta","Diptera","Simuliidae","Simuliinae","Simuliini","Simulium","","0","99.70"
"KGLTK0019_BF_A","CRBCA5618-24[BOLD:AGB0586]","Arthropoda","Insecta","Diptera","Simuliidae","Simuliinae","Simuliini","Simulium","","0","99.70"
"KGLTK0019_BF_A","CRBCA5645-24[BOLD:AGB0586]","Arthropoda","Insecta","Diptera","Simuliidae","Simuliinae","Simuliini","Simulium","","0","99.70"
"KGLTK0019_BF_A","CRBCA5654-24[BOLD:AGB0586]","Arthropoda","Insecta","Diptera","Simuliidae","Simuliinae","Simuliini","Simulium","","0","99.70"
"KGLTK0019_BF_A","CRBCA5675-24[BOLD:AGB0586]","Arthropoda","Insecta","Diptera","Simuliidae","Simuliinae","Simuliini","Simulium","","0","99.70"
"KGLTK0019_BF_A","CRBCA5700-24[BOLD:AGB0586]","Arthropoda","Insecta","Diptera","Simuliidae","Simuliinae","Simuliini","Simulium","","0","99.70"
"KGLTK0019_BF_A","CRBCA5765-24[BOLD:AGB0586]","Arthropoda","Insecta","Diptera","Simuliidae","Simuliinae","Simuliini","Simulium","","0","99.70"
"KGLTK0019_BF_A","CRBCA7516-24[BOLD:AGB0586]","Arthropoda","Insecta","Diptera","Simuliidae","Simuliinae","Simuliini","Simulium","","0","99.70"
"KGLTK0019_BF_A","CRBCA7522-24[BOLD:AGB0586]","Arthropoda","Insecta","Diptera","Simuliidae","Simuliinae","Simuliini","Simulium","","0","99.70"
"KGLTK0019_BF_A","CRBCA7529-24[BOLD:AGB0586]","Arthropoda","Insecta","Diptera","Simuliidae","Simuliinae","Simuliini","Simulium","","0","99.70"
"KGLTK0019_BF_A","CRBCA7557-24[BOLD:AGB0586]","Arthropoda","Insecta","Diptera","Simuliidae","Simuliinae","Simuliini","Simulium","","0","99.70"
"KGLTK0019_BF_A","CRBCA7583-24[BOLD:AGB0586]","Arthropoda","Insecta","Diptera","Simuliidae","Simuliinae","Simuliini","Simulium","","0","99.70"
"KGLTK0019_BF_A","JWDCF039-10[BOLD:AGB0586]","Arthropoda","Insecta","Diptera","Simuliidae","Simuliinae","Simuliini","Simulium","Simulium venustum complex","0","99.70"
"KGLTK0019_BF_B","BCHAR2711-18[BOLD:AAA8326]","Arthropoda","Insecta","Diptera","Simuliidae","Simuliinae","Simuliini","Simulium","","0","99.85"
"KGLTK0019_BF_B","GMOQJ642-19[BOLD:AAA8326]","Arthropoda","Insecta","Diptera","Simuliidae","Simuliinae","Simuliini","Simulium","","0","99.85"
"KGLTK0019_BF_B","MCHAA378-19[BOLD:AAA8326]","Arthropoda","Insecta","Diptera","Simuliidae","Simuliinae","Simuliini","Simulium","","0","99.85"
"KGLTK0019_BF_B","MCHAA793-19[BOLD:AAA8326]","Arthropoda","Insecta","Diptera","Simuliidae","Simuliinae","Simuliini","Simulium","","0","99.85"
"KGLTK0019_BF_B","MCHAC479-19[BOLD:AAA8326]","Arthropoda","Insecta","Diptera","Simuliidae","Simuliinae","Simuliini","Simulium","","0","99.85"
"KGLTK0019_BF_B","MCHAD1422-19[BOLD:AAA8326]","Arthropoda","Insecta","Diptera","Simuliidae","Simuliinae","Simuliini","Simulium","","0","99.85"
"KGLTK0019_BF_B","MCHAD664-19[BOLD:AAA8326]","Arthropoda","Insecta","Diptera","Simuliidae","Simuliinae","Simuliini","Simulium","","0","99.85"
"KGLTK0019_BF_B","CIOSI25166-24[BOLD:AAA8326]","Arthropoda","Insecta","Diptera","Simuliidae","Simuliinae","Simuliini","Simulium","","0","99.70"
"KGLTK0019_BF_B","CIOSI43965-24[BOLD:AAA8326]","Arthropoda","Insecta","Diptera","Simuliidae","Simuliinae","Simuliini","Simulium","","0","99.70"
"KGLTK0019_BF_B","MCHAD178-19[BOLD:AAA8326]","Arthropoda","Insecta","Diptera","Simuliidae","Simuliinae","Simuliini","Simulium","","0","99.70"
"KGLTK0019_BF_B","MCHAE740-19[BOLD:AAA8326]","Arthropoda","Insecta","Diptera","Simuliidae","Simuliinae","Simuliini","Simulium","","0","99.70"
"KGLTK0019_BF_B","DHSSI945-24[BOLD:AAA8326]","Arthropoda","Insecta","Diptera","Simuliidae","Simuliinae","Simuliini","Simulium","Simulium annulitarse","0","99.70"
"KGLTK0019_BF_B","BBDCQ685-10[BOLD:AAA8326]","Arthropoda","Insecta","Diptera","Simuliidae","Simuliinae","Simuliini","Simulium","Simulium tuberosum complex","0","99.70"
"KGLTK0019_BF_B","DHSSI163-23[BOLD:AAA8326]","Arthropoda","Insecta","Diptera","Simuliidae","Simuliinae","Simuliini","Simulium","Simulium vandalicum","0","99.70"
"KGLTK0019_BF_B","FCHAR6639-19[BOLD:AAA8326]","Arthropoda","Insecta","Diptera","Simuliidae","Simuliinae","Simuliini","Simulium","","0","99.69"
"KGLTK0019_BF_B","GCHAR792-19[BOLD:AAA8326]","Arthropoda","Insecta","Diptera","Simuliidae","Simuliinae","Simuliini","Simulium","","0","99.69"
"KGLTK0019_BF_B","MCHAA1091-19[BOLD:AAA8326]","Arthropoda","Insecta","Diptera","Simuliidae","Simuliinae","Simuliini","Simulium","","0","99.69"
"KGLTK0019_BF_B","CIOSI50652-24[BOLD:AAA8326]","Arthropoda","Insecta","Diptera","Simuliidae","Simuliinae","Simuliini","Simulium","","0","99.54"
"KGLTK0019_BF_B","OPPAM330-17[BOLD:AAA8326]","Arthropoda","Insecta","Diptera","Simuliidae","Simuliinae","Simuliini","Simulium","","0","99.54"
"KGLTK0019_BF_B","DHSSI069-23[BOLD:AAA8326]","Arthropoda","Insecta","Diptera","Simuliidae","Simuliinae","Simuliini","Simulium","Simulium tuberosum complex","0","99.54"
"KGLTK0019_BF_B","DHSSI1237-24[BOLD:AAA8326]","Arthropoda","Insecta","Diptera","Simuliidae","Simuliinae","Simuliini","Simulium","Simulium tuberosum complex","0","99.54"
"KGLTK0019_BF_B","DHSSI1448-24[BOLD:AAA8326]","Arthropoda","Insecta","Diptera","Simuliidae","Simuliinae","Simuliini","Simulium","Simulium tuberosum complex","0","99.54"
"KGLTK0019_BF_B","DHSSI711-24[BOLD:AAA8326]","Arthropoda","Insecta","Diptera","Simuliidae","Simuliinae","Simuliini","Simulium","Simulium tuberosum complex","0","99.54"
"KGLTK0019_BF_B","JWDCB250-10[BOLD:AAA8326]","Arthropoda","Insecta","Diptera","Simuliidae","Simuliinae","Simuliini","Simulium","Simulium tuberosum complex","0","99.54"
"KGLTK0019_BF_B","JWDCC557-10[BOLD:AAA8326]","Arthropoda","Insecta","Diptera","Simuliidae","Simuliinae","Simuliini","Simulium","Simulium tuberosum complex","0","99.54"
"KGLTK0019_BF_C","ACHAR1477-18[BOLD:AGB0586]","Arthropoda","Insecta","Diptera","Simuliidae","Simuliinae","Simuliini","Simulium","","0","100.00"
"KGLTK0019_BF_C","MCHAA527-19[BOLD:AGB0586]","Arthropoda","Insecta","Diptera","Simuliidae","Simuliinae","Simuliini","Simulium","","0","100.00"
"KGLTK0019_BF_C","JWDCF039-10[BOLD:AGB0586]","Arthropoda","Insecta","Diptera","Simuliidae","Simuliinae","Simuliini","Simulium","Simulium venustum complex","0","100.00"
"KGLTK0019_BF_C","MHFLI323-07[BOLD:AGB0586]","Arthropoda","Insecta","Diptera","Simuliidae","Simuliinae","Simuliini","Simulium","Simulium venustum complex","0","100.00"
"KGLTK0019_BF_C","CRBCA5249-24[BOLD:AGB0586]","Arthropoda","Insecta","Diptera","Simuliidae","Simuliinae","Simuliini","Simulium","","0","99.85"
"KGLTK0019_BF_C","CRBCA5446-24[BOLD:AGB0586]","Arthropoda","Insecta","Diptera","Simuliidae","Simuliinae","Simuliini","Simulium","","0","99.85"
"KGLTK0019_BF_C","CRBCA7720-24[BOLD:AGB0586]","Arthropoda","Insecta","Diptera","Simuliidae","Simuliinae","Simuliini","Simulium","","0","99.85"
"KGLTK0019_BF_C","JWDCF853-10[BOLD:AGB0586]","Arthropoda","Insecta","Diptera","Simuliidae","Simuliinae","Simuliini","Simulium","Simulium venustum complex","0","99.85"
"KGLTK0019_BF_C","JWDCI001-10[BOLD:AGB0586]","Arthropoda","Insecta","Diptera","Simuliidae","Simuliinae","Simuliini","Simulium","Simulium venustum complex","0","99.85"
"KGLTK0019_BF_C","JWDCK038-11[BOLD:AGB0586]","Arthropoda","Insecta","Diptera","Simuliidae","Simuliinae","Simuliini","Simulium","Simulium venustum complex","0","99.85"
"KGLTK0019_BF_C","CRBCA5645-24[BOLD:AGB0586]","Arthropoda","Insecta","Diptera","Simuliidae","Simuliinae","Simuliini","Simulium","","0","99.70"
"KGLTK0019_BF_C","CRBCA5654-24[BOLD:AGB0586]","Arthropoda","Insecta","Diptera","Simuliidae","Simuliinae","Simuliini","Simulium","","0","99.70"
"KGLTK0019_BF_C","CRBCA5675-24[BOLD:AGB0586]","Arthropoda","Insecta","Diptera","Simuliidae","Simuliinae","Simuliini","Simulium","","0","99.70"
"KGLTK0019_BF_C","CRBCA5700-24[BOLD:AGB0586]","Arthropoda","Insecta","Diptera","Simuliidae","Simuliinae","Simuliini","Simulium","","0","99.70"
"KGLTK0019_BF_C","CRBCA5765-24[BOLD:AGB0586]","Arthropoda","Insecta","Diptera","Simuliidae","Simuliinae","Simuliini","Simulium","","0","99.70"
"KGLTK0019_BF_C","CRBCA7504-24[BOLD:AGB0586]","Arthropoda","Insecta","Diptera","Simuliidae","Simuliinae","Simuliini","Simulium","","0","99.70"
"KGLTK0019_BF_C","CRBCA7516-24[BOLD:AGB0586]","Arthropoda","Insecta","Diptera","Simuliidae","Simuliinae","Simuliini","Simulium","","0","99.70"
"KGLTK0019_BF_C","CRBCA7522-24[BOLD:AGB0586]","Arthropoda","Insecta","Diptera","Simuliidae","Simuliinae","Simuliini","Simulium","","0","99.70"
"KGLTK0019_BF_C","CRBCA7529-24[BOLD:AGB0586]","Arthropoda","Insecta","Diptera","Simuliidae","Simuliinae","Simuliini","Simulium","","0","99.70"
"KGLTK0019_BF_C","CRBCA7554-24[BOLD:AGB0586]","Arthropoda","Insecta","Diptera","Simuliidae","Simuliinae","Simuliini","Simulium","","0","99.70"
"KGLTK0019_BF_C","CRBCA7557-24[BOLD:AGB0586]","Arthropoda","Insecta","Diptera","Simuliidae","Simuliinae","Simuliini","Simulium","","0","99.70"
"KGLTK0019_BF_C","CRBCA7583-24[BOLD:AGB0586]","Arthropoda","Insecta","Diptera","Simuliidae","Simuliinae","Simuliini","Simulium","","0","99.70"
"KGLTK0019_BF_C","JWDCG754-10[BOLD:AGB0586]","Arthropoda","Insecta","Diptera","Simuliidae","Simuliinae","Simuliini","Simulium","Simulium venustum complex","0","99.70"
"KGLTK0019_BF_C","MTDIC046-09[BOLD:AGB0586]","Arthropoda","Insecta","Diptera","Simuliidae","Simuliinae","Simuliini","Simulium","Simulium venustum complex","0","99.70"
"KGLTK0019_BF_C","SWSWP025-09[BOLD:AGB0586]","Arthropoda","Insecta","Diptera","Simuliidae","Simuliinae","Simuliini","Simulium","Simulium venustum complex","0","99.70"
"KGLTK0020_BF_A","ACBB412-07[BOLD:AAD1848]","Arthropoda","Insecta","Diptera","Simuliidae","Simuliinae","Simuliini","Simulium","Simulium malyschevi","0","99.35"
"KGLTK0020_BF_A","ACBB413-07[BOLD:AAD1848]","Arthropoda","Insecta","Diptera","Simuliidae","Simuliinae","Simuliini","Simulium","Simulium malyschevi","0","99.19"
"KGLTK0020_BF_A","ACBB416-07[BOLD:AAD1848]","Arthropoda","Insecta","Diptera","Simuliidae","Simuliinae","Simuliini","Simulium","Simulium malyschevi","0","99.03"
"KGLTK0020_BF_A","ACBB419-07[BOLD:AAD1848]","Arthropoda","Insecta","Diptera","Simuliidae","Simuliinae","Simuliini","Simulium","Simulium malyschevi","0","99.03"
"KGLTK0020_BF_A","GMRSB175-14[BOLD:AAD1848]","Arthropoda","Insecta","Diptera","Simuliidae","Simuliinae","Simuliini","Simulium","Simulium malyschevi","0","98.94"
"KGLTK0020_BF_A","AMCAQ173-20[BOLD:AAD1848]","Arthropoda","Insecta","Diptera","Simuliidae","Simuliinae","Simuliini","Simulium","Simulium malyschevi","0","98.33"
"KGLTK0020_BF_A","FISIM271-11[BOLD:AAD1848]","Arthropoda","Insecta","Diptera","Simuliidae","Simuliinae","Simuliini","Simulium","Simulium malyschevi","0","98.33"
"KGLTK0020_BF_A","ACBB418-07[BOLD:AAD1848]","Arthropoda","Insecta","Diptera","Simuliidae","Simuliinae","Simuliini","Simulium","Simulium malyschevi","0","98.22"
"KGLTK0020_BF_A","AMCAO147-20[BOLD:AAD1848]","Arthropoda","Insecta","Diptera","Simuliidae","Simuliinae","Simuliini","Simulium","Simulium malyschevi","0","98.02"
"KGLTK0020_BF_A","FISIM268-11[BOLD:AAD1848]","Arthropoda","Insecta","Diptera","Simuliidae","Simuliinae","Simuliini","Simulium","Simulium malyschevi","0","98.02"
"KGLTK0020_BF_A","FISIM270-11[BOLD:AAD1848]","Arthropoda","Insecta","Diptera","Simuliidae","Simuliinae","Simuliini","Simulium","Simulium malyschevi","0","98.02"
"KGLTK0020_BF_A","FISIM272-11[BOLD:AAD1848]","Arthropoda","Insecta","Diptera","Simuliidae","Simuliinae","Simuliini","Simulium","Simulium malyschevi","0","98.02"
"KGLTK0020_BF_A","AMCAK498-20[BOLD:AAD1848]","Arthropoda","Insecta","Diptera","Simuliidae","Simuliinae","Simuliini","Simulium","Simulium malyschevi","0","98.01"
"KGLTK0020_BF_A","SMTPP5010-15[BOLD:AAD1848]","Arthropoda","Insecta","Diptera","Simuliidae","Simuliinae","Simuliini","Simulium","Simulium malyschevi","0","97.92"
"KGLTK0032_BF_A","AMCAM056-20[BOLD:AAC0365]","Arthropoda","Insecta","Diptera","Simuliidae","Simuliinae","Simuliini","Simulium","Simulium decimatum","0","99.85"
"KGLTK0032_BF_A","AMCAM151-20[BOLD:AAC0365]","Arthropoda","Insecta","Diptera","Simuliidae","Simuliinae","Simuliini","Simulium","Simulium decimatum","0","99.85"
"KGLTK0032_BF_A","AMCAM170-20[BOLD:AAC0365]","Arthropoda","Insecta","Diptera","Simuliidae","Simuliinae","Simuliini","Simulium","Simulium decimatum","0","99.85"
"KGLTK0032_BF_A","AMCAM221-20[BOLD:AAC0365]","Arthropoda","Insecta","Diptera","Simuliidae","Simuliinae","Simuliini","Simulium","Simulium decimatum","0","99.85"
"KGLTK0032_BF_A","AMCAM263-20[BOLD:AAC0365]","Arthropoda","Insecta","Diptera","Simuliidae","Simuliinae","Simuliini","Simulium","Simulium decimatum","0","99.85"
"KGLTK0032_BF_A","AMCAM268-20[BOLD:AAC0365]","Arthropoda","Insecta","Diptera","Simuliidae","Simuliinae","Simuliini","Simulium","Simulium decimatum","0","99.85"
"KGLTK0032_BF_A","AMCAM308-20[BOLD:AAC0365]","Arthropoda","Insecta","Diptera","Simuliidae","Simuliinae","Simuliini","Simulium","Simulium decimatum","0","99.85"
"KGLTK0032_BF_A","AMCAM314-20[BOLD:AAC0365]","Arthropoda","Insecta","Diptera","Simuliidae","Simuliinae","Simuliini","Simulium","Simulium decimatum","0","99.85"
"KGLTK0032_BF_A","AMCAM361-20[BOLD:AAC0365]","Arthropoda","Insecta","Diptera","Simuliidae","Simuliinae","Simuliini","Simulium","Simulium decimatum","0","99.85"
"KGLTK0032_BF_A","AMCAM366-20[BOLD:AAC0365]","Arthropoda","Insecta","Diptera","Simuliidae","Simuliinae","Simuliini","Simulium","Simulium decimatum","0","99.85"
"KGLTK0032_BF_A","JWDCH895-10[BOLD:AAC0365]","Arthropoda","Insecta","Diptera","Simuliidae","Simuliinae","Simuliini","Simulium","Simulium decimatum","0","99.85"
"KGLTK0032_BF_A","MCHAC238-19[BOLD:AAC0365]","Arthropoda","Insecta","Diptera","Simuliidae","Simuliinae","Simuliini","Simulium","Simulium decimatum","0","99.85"
"KGLTK0032_BF_A","AMCAM104-20[BOLD:AAC0365]","Arthropoda","Insecta","Diptera","Simuliidae","Simuliinae","Simuliini","Simulium","Simulium decimatum","0","99.70"
"KGLTK0032_BF_A","AMCAM084-20[BOLD:AAC0365]","Arthropoda","Insecta","Diptera","Simuliidae","Simuliinae","Simuliini","Simulium","Simulium decimatum","0","99.69"
"KGLTK0032_BF_A","AMCAM213-20[BOLD:AAC0365]","Arthropoda","Insecta","Diptera","Simuliidae","Simuliinae","Simuliini","Simulium","Simulium decimatum","0","99.69"
"KGLTK0032_BF_A","AMCAM256-20[BOLD:AAC0365]","Arthropoda","Insecta","Diptera","Simuliidae","Simuliinae","Simuliini","Simulium","Simulium decimatum","0","99.69"
"KGLTK0032_BF_A","AMCAM327-20[BOLD:AAC0365]","Arthropoda","Insecta","Diptera","Simuliidae","Simuliinae","Simuliini","Simulium","Simulium decimatum","0","99.69"
"KGLTK0032_BF_A","MCHAA538-19[BOLD:AAC0365]","Arthropoda","Insecta","Diptera","Simuliidae","Simuliinae","Simuliini","Simulium","Simulium decimatum","0","99.69"
"KGLTK0032_BF_A","MCHAE735-19[BOLD:AAC0365]","Arthropoda","Insecta","Diptera","Simuliidae","Simuliinae","Simuliini","Simulium","Simulium decimatum","0","99.69"
"KGLTK0032_BF_A","MHFLY258-07[BOLD:AAC0365]","Arthropoda","Insecta","Diptera","Simuliidae","Simuliinae","Simuliini","Simulium","Simulium decimatum","0","99.69"
"KGLTK0032_BF_A","AMCAM070-20[BOLD:AAC0365]","Arthropoda","Insecta","Diptera","Simuliidae","Simuliinae","Simuliini","Simulium","Simulium decimatum","0","99.54"
"KGLTK0032_BF_A","AMCAM094-20[BOLD:AAC0365]","Arthropoda","Insecta","Diptera","Simuliidae","Simuliinae","Simuliini","Simulium","Simulium decimatum","0","99.54"
"KGLTK0032_BF_A","AMCAM255-20[BOLD:AAC0365]","Arthropoda","Insecta","Diptera","Simuliidae","Simuliinae","Simuliini","Simulium","Simulium decimatum","0","99.54"
"KGLTK0032_BF_A","GCHAR742-19[BOLD:AAC0365]","Arthropoda","Insecta","Diptera","Simuliidae","Simuliinae","Simuliini","Simulium","Simulium decimatum","0","99.54"
"KGLTK0032_BF_A","MCHAC1604-19[BOLD:AAC0365]","Arthropoda","Insecta","Diptera","Simuliidae","Simuliinae","Simuliini","Simulium","Simulium decimatum","0","99.54"
"KGLTK0034_BF_B","FCHAR2732-19[BOLD:AGB0586]","Arthropoda","Insecta","Diptera","Simuliidae","Simuliinae","Simuliini","Simulium","","0","99.85"
"KGLTK0034_BF_B","GMTRL10695-24[BOLD:AGB0586]","Arthropoda","Insecta","Diptera","Simuliidae","Simuliinae","Simuliini","Simulium","Simulium venustum complex","0","99.85"
"KGLTK0034_BF_B","FCHAR6836-19[BOLD:AGB0586]","Arthropoda","Insecta","Diptera","Simuliidae","Simuliinae","Simuliini","Simulium","","0","99.70"
"KGLTK0034_BF_B","FCHAR3670-19[BOLD:AGB0586]","Arthropoda","Insecta","Diptera","Simuliidae","Simuliinae","Simuliini","Simulium","","0","99.69"
"KGLTK0034_BF_B","GMOLA1200-18[BOLD:AGB0586]","Arthropoda","Insecta","Diptera","Simuliidae","Simuliinae","Simuliini","Simulium","","0","99.69"
"KGLTK0034_BF_B","FCHAR3753-19[BOLD:AGB0586]","Arthropoda","Insecta","Diptera","Simuliidae","Simuliinae","Simuliini","Simulium","","0","99.54"
"KGLTK0034_BF_B","FCHAR3994-19[BOLD:AGB0586]","Arthropoda","Insecta","Diptera","Simuliidae","Simuliinae","Simuliini","Simulium","","0","99.54"
"KGLTK0034_BF_B","FCHAR6640-19[BOLD:AGB0586]","Arthropoda","Insecta","Diptera","Simuliidae","Simuliinae","Simuliini","Simulium","","0","99.54"
"KGLTK0034_BF_B","POROM033-19[BOLD:AGB0586]","Arthropoda","Insecta","Diptera","Simuliidae","Simuliinae","Simuliini","Simulium","","0","99.54"
"KGLTK0034_BF_B","JWDCG168-10[BOLD:AGB0586]","Arthropoda","Insecta","Diptera","Simuliidae","Simuliinae","Simuliini","Simulium","Simulium venustum complex","0","99.54"
"KGLTK0034_BF_B","JWDCI933-11[BOLD:AGB0586]","Arthropoda","Insecta","Diptera","Simuliidae","Simuliinae","Simuliini","Simulium","Simulium venustum complex","0","99.54"
"KGLTK0034_BF_B","TTDBW438-09[BOLD:AGB0586]","Arthropoda","Insecta","Diptera","Simuliidae","Simuliinae","Simuliini","Simulium","Simulium venustum complex","0","99.54"
"KGLTK0034_BF_B","AGMPC111-18[BOLD:AGB0586]","Arthropoda","Insecta","Diptera","Simuliidae","Simuliinae","Simuliini","Simulium","","0","99.39"
"KGLTK0034_BF_B","CRBCA5733-24[BOLD:AGB0586]","Arthropoda","Insecta","Diptera","Simuliidae","Simuliinae","Simuliini","Simulium","","0","99.39"
"KGLTK0034_BF_B","CRMLC7513-24[BOLD:AGB0586]","Arthropoda","Insecta","Diptera","Simuliidae","Simuliinae","Simuliini","Simulium","","0","99.39"
"KGLTK0034_BF_B","GMTRL9511-24[BOLD:AGB0586]","Arthropoda","Insecta","Diptera","Simuliidae","Simuliinae","Simuliini","Simulium","","0","99.39"
"KGLTK0034_BF_B","AEDNA469-12[BOLD:AGB0586]","Arthropoda","Insecta","Diptera","Simuliidae","Simuliinae","Simuliini","Simulium","Simulium venustum complex","0","99.39"
"KGLTK0034_BF_B","JWDCC652-10[BOLD:AGB0586]","Arthropoda","Insecta","Diptera","Simuliidae","Simuliinae","Simuliini","Simulium","Simulium venustum complex","0","99.39"
"KGLTK0034_BF_B","JWDCD335-10[BOLD:AGB0586]","Arthropoda","Insecta","Diptera","Simuliidae","Simuliinae","Simuliini","Simulium","Simulium venustum complex","0","99.39"
"KGLTK0034_BF_B","JWDCD440-10[BOLD:AGB0586]","Arthropoda","Insecta","Diptera","Simuliidae","Simuliinae","Simuliini","Simulium","Simulium venustum complex","0","99.39"
"KGLTK0034_BF_B","JWDCE788-10[BOLD:AGB0586]","Arthropoda","Insecta","Diptera","Simuliidae","Simuliinae","Simuliini","Simulium","Simulium venustum complex","0","99.39"
"KGLTK0034_BF_B","JWDCF346-10[BOLD:AGB0586]","Arthropoda","Insecta","Diptera","Simuliidae","Simuliinae","Simuliini","Simulium","Simulium venustum complex","0","99.39"
"KGLTK0034_BF_B","JWDCG885-10[BOLD:AGB0586]","Arthropoda","Insecta","Diptera","Simuliidae","Simuliinae","Simuliini","Simulium","Simulium venustum complex","0","99.39"
"KGLTK0034_BF_B","JWDCH496-10[BOLD:AGB0586]","Arthropoda","Insecta","Diptera","Simuliidae","Simuliinae","Simuliini","Simulium","Simulium venustum complex","0","99.39"
"KGLTK0034_BF_B","SWSWP018-09[BOLD:AGB0586]","Arthropoda","Insecta","Diptera","Simuliidae","Simuliinae","Simuliini","Simulium","Simulium venustum complex","0","99.39"
"KGLTK0034_BF_C","AMCAM256-20[BOLD:AAC0365]","Arthropoda","Insecta","Diptera","Simuliidae","Simuliinae","Simuliini","Simulium","Simulium decimatum","0","100.00"
"KGLTK0034_BF_C","MCHAA538-19[BOLD:AAC0365]","Arthropoda","Insecta","Diptera","Simuliidae","Simuliinae","Simuliini","Simulium","Simulium decimatum","0","100.00"
"KGLTK0034_BF_C","AMCAM056-20[BOLD:AAC0365]","Arthropoda","Insecta","Diptera","Simuliidae","Simuliinae","Simuliini","Simulium","Simulium decimatum","0","99.85"
"KGLTK0034_BF_C","AMCAM070-20[BOLD:AAC0365]","Arthropoda","Insecta","Diptera","Simuliidae","Simuliinae","Simuliini","Simulium","Simulium decimatum","0","99.85"
"KGLTK0034_BF_C","AMCAM094-20[BOLD:AAC0365]","Arthropoda","Insecta","Diptera","Simuliidae","Simuliinae","Simuliini","Simulium","Simulium decimatum","0","99.85"
"KGLTK0034_BF_C","AMCAM151-20[BOLD:AAC0365]","Arthropoda","Insecta","Diptera","Simuliidae","Simuliinae","Simuliini","Simulium","Simulium decimatum","0","99.85"
"KGLTK0034_BF_C","AMCAM170-20[BOLD:AAC0365]","Arthropoda","Insecta","Diptera","Simuliidae","Simuliinae","Simuliini","Simulium","Simulium decimatum","0","99.85"
"KGLTK0034_BF_C","AMCAM221-20[BOLD:AAC0365]","Arthropoda","Insecta","Diptera","Simuliidae","Simuliinae","Simuliini","Simulium","Simulium decimatum","0","99.85"
"KGLTK0034_BF_C","AMCAM263-20[BOLD:AAC0365]","Arthropoda","Insecta","Diptera","Simuliidae","Simuliinae","Simuliini","Simulium","Simulium decimatum","0","99.85"
"KGLTK0034_BF_C","AMCAM268-20[BOLD:AAC0365]","Arthropoda","Insecta","Diptera","Simuliidae","Simuliinae","Simuliini","Simulium","Simulium decimatum","0","99.85"
"KGLTK0034_BF_C","AMCAM308-20[BOLD:AAC0365]","Arthropoda","Insecta","Diptera","Simuliidae","Simuliinae","Simuliini","Simulium","Simulium decimatum","0","99.85"
"KGLTK0034_BF_C","AMCAM314-20[BOLD:AAC0365]","Arthropoda","Insecta","Diptera","Simuliidae","Simuliinae","Simuliini","Simulium","Simulium decimatum","0","99.85"
"KGLTK0034_BF_C","AMCAM361-20[BOLD:AAC0365]","Arthropoda","Insecta","Diptera","Simuliidae","Simuliinae","Simuliini","Simulium","Simulium decimatum","0","99.85"
"KGLTK0034_BF_C","AMCAM366-20[BOLD:AAC0365]","Arthropoda","Insecta","Diptera","Simuliidae","Simuliinae","Simuliini","Simulium","Simulium decimatum","0","99.85"
"KGLTK0034_BF_C","JWDCH895-10[BOLD:AAC0365]","Arthropoda","Insecta","Diptera","Simuliidae","Simuliinae","Simuliini","Simulium","Simulium decimatum","0","99.85"
"KGLTK0034_BF_C","MCHAC1604-19[BOLD:AAC0365]","Arthropoda","Insecta","Diptera","Simuliidae","Simuliinae","Simuliini","Simulium","Simulium decimatum","0","99.85"
"KGLTK0034_BF_C","MCHAC238-19[BOLD:AAC0365]","Arthropoda","Insecta","Diptera","Simuliidae","Simuliinae","Simuliini","Simulium","Simulium decimatum","0","99.85"
"KGLTK0034_BF_C","AMCAM104-20[BOLD:AAC0365]","Arthropoda","Insecta","Diptera","Simuliidae","Simuliinae","Simuliini","Simulium","Simulium decimatum","0","99.70"
"KGLTK0034_BF_C","AMCAM084-20[BOLD:AAC0365]","Arthropoda","Insecta","Diptera","Simuliidae","Simuliinae","Simuliini","Simulium","Simulium decimatum","0","99.69"
"KGLTK0034_BF_C","AMCAM213-20[BOLD:AAC0365]","Arthropoda","Insecta","Diptera","Simuliidae","Simuliinae","Simuliini","Simulium","Simulium decimatum","0","99.69"
"KGLTK0034_BF_C","AMCAM327-20[BOLD:AAC0365]","Arthropoda","Insecta","Diptera","Simuliidae","Simuliinae","Simuliini","Simulium","Simulium decimatum","0","99.69"
"KGLTK0034_BF_C","MCHAE735-19[BOLD:AAC0365]","Arthropoda","Insecta","Diptera","Simuliidae","Simuliinae","Simuliini","Simulium","Simulium decimatum","0","99.69"
"KGLTK0034_BF_C","MHFLY258-07[BOLD:AAC0365]","Arthropoda","Insecta","Diptera","Simuliidae","Simuliinae","Simuliini","Simulium","Simulium decimatum","0","99.69"
"KGLTK0034_BF_C","AMCAM255-20[BOLD:AAC0365]","Arthropoda","Insecta","Diptera","Simuliidae","Simuliinae","Simuliini","Simulium","Simulium decimatum","0","99.54"
"KGLTK0034_BF_C","GCHAR742-19[BOLD:AAC0365]","Arthropoda","Insecta","Diptera","Simuliidae","Simuliinae","Simuliini","Simulium","Simulium decimatum","0","99.54"
"KGLTK0035_BF_E","GMRSB175-14[BOLD:AAD1848]","Arthropoda","Insecta","Diptera","Simuliidae","Simuliinae","Simuliini","Simulium","Simulium malyschevi","0","99.11"
"KGLTK0035_BF_E","ACBB418-07[BOLD:AAD1848]","Arthropoda","Insecta","Diptera","Simuliidae","Simuliinae","Simuliini","Simulium","Simulium malyschevi","0","98.87"
"KGLTK0035_BF_E","AMCAQ173-20[BOLD:AAD1848]","Arthropoda","Insecta","Diptera","Simuliidae","Simuliinae","Simuliini","Simulium","Simulium malyschevi","0","98.48"
"KGLTK0035_BF_E","FISIM271-11[BOLD:AAD1848]","Arthropoda","Insecta","Diptera","Simuliidae","Simuliinae","Simuliini","Simulium","Simulium malyschevi","0","98.33"
"KGLTK0035_BF_E","SMTPP5010-15[BOLD:AAD1848]","Arthropoda","Insecta","Diptera","Simuliidae","Simuliinae","Simuliini","Simulium","Simulium malyschevi","0","98.26"
"KGLTK0035_BF_E","ACBB412-07[BOLD:AAD1848]","Arthropoda","Insecta","Diptera","Simuliidae","Simuliinae","Simuliini","Simulium","Simulium malyschevi","0","98.22"
"KGLTK0035_BF_E","FISIM268-11[BOLD:AAD1848]","Arthropoda","Insecta","Diptera","Simuliidae","Simuliinae","Simuliini","Simulium","Simulium malyschevi","0","98.18"
"KGLTK0035_BF_E","AMCAK498-20[BOLD:AAD1848]","Arthropoda","Insecta","Diptera","Simuliidae","Simuliinae","Simuliini","Simulium","Simulium malyschevi","0","98.17"
"KGLTK0035_BF_E","AMCAO147-20[BOLD:AAD1848]","Arthropoda","Insecta","Diptera","Simuliidae","Simuliinae","Simuliini","Simulium","Simulium malyschevi","0","98.17"
"KGLTK0035_BF_E","ACBB413-07[BOLD:AAD1848]","Arthropoda","Insecta","Diptera","Simuliidae","Simuliinae","Simuliini","Simulium","Simulium malyschevi","0","98.06"
"KGLTK0035_BF_E","ACBB416-07[BOLD:AAD1848]","Arthropoda","Insecta","Diptera","Simuliidae","Simuliinae","Simuliini","Simulium","Simulium malyschevi","0","97.90"
"KGLTK0035_BF_E","ACBB419-07[BOLD:AAD1848]","Arthropoda","Insecta","Diptera","Simuliidae","Simuliinae","Simuliini","Simulium","Simulium malyschevi","0","97.90"
"KGLTK0035_BF_E","FISIM270-11[BOLD:AAD1848]","Arthropoda","Insecta","Diptera","Simuliidae","Simuliinae","Simuliini","Simulium","Simulium malyschevi","0","97.87"
"KGLTK0035_BF_E","FISIM272-11[BOLD:AAD1848]","Arthropoda","Insecta","Diptera","Simuliidae","Simuliinae","Simuliini","Simulium","Simulium malyschevi","0","97.87"
"KGLTK0036_BF_C","ACBB412-07[BOLD:AAD1848]","Arthropoda","Insecta","Diptera","Simuliidae","Simuliinae","Simuliini","Simulium","Simulium malyschevi","0","99.19"
"KGLTK0036_BF_C","ACBB413-07[BOLD:AAD1848]","Arthropoda","Insecta","Diptera","Simuliidae","Simuliinae","Simuliini","Simulium","Simulium malyschevi","0","99.03"
"KGLTK0036_BF_C","ACBB416-07[BOLD:AAD1848]","Arthropoda","Insecta","Diptera","Simuliidae","Simuliinae","Simuliini","Simulium","Simulium malyschevi","0","98.87"
"KGLTK0036_BF_C","ACBB419-07[BOLD:AAD1848]","Arthropoda","Insecta","Diptera","Simuliidae","Simuliinae","Simuliini","Simulium","Simulium malyschevi","0","98.87"
"KGLTK0036_BF_C","GMRSB175-14[BOLD:AAD1848]","Arthropoda","Insecta","Diptera","Simuliidae","Simuliinae","Simuliini","Simulium","Simulium malyschevi","0","98.76"
"KGLTK0036_BF_C","FISIM271-11[BOLD:AAD1848]","Arthropoda","Insecta","Diptera","Simuliidae","Simuliinae","Simuliini","Simulium","Simulium malyschevi","0","98.18"
"KGLTK0036_BF_C","AMCAQ173-20[BOLD:AAD1848]","Arthropoda","Insecta","Diptera","Simuliidae","Simuliinae","Simuliini","Simulium","Simulium malyschevi","0","98.17"
"KGLTK0036_BF_C","ACBB418-07[BOLD:AAD1848]","Arthropoda","Insecta","Diptera","Simuliidae","Simuliinae","Simuliini","Simulium","Simulium malyschevi","0","98.06"
"KGLTK0036_BF_C","FISIM268-11[BOLD:AAD1848]","Arthropoda","Insecta","Diptera","Simuliidae","Simuliinae","Simuliini","Simulium","Simulium malyschevi","0","97.87"
"KGLTK0036_BF_C","FISIM270-11[BOLD:AAD1848]","Arthropoda","Insecta","Diptera","Simuliidae","Simuliinae","Simuliini","Simulium","Simulium malyschevi","0","97.87"
"KGLTK0036_BF_C","FISIM272-11[BOLD:AAD1848]","Arthropoda","Insecta","Diptera","Simuliidae","Simuliinae","Simuliini","Simulium","Simulium malyschevi","0","97.87"
"KGLTK0036_BF_C","AMCAK498-20[BOLD:AAD1848]","Arthropoda","Insecta","Diptera","Simuliidae","Simuliinae","Simuliini","Simulium","Simulium malyschevi","0","97.86"
"KGLTK0036_BF_C","AMCAO147-20[BOLD:AAD1848]","Arthropoda","Insecta","Diptera","Simuliidae","Simuliinae","Simuliini","Simulium","Simulium malyschevi","0","97.86"
"KGLTK0036_BF_C","SMTPP5010-15[BOLD:AAD1848]","Arthropoda","Insecta","Diptera","Simuliidae","Simuliinae","Simuliini","Simulium","Simulium malyschevi","0","97.74"
"KGLTK0036_BF_F","ACBB742-09[BOLD:AAB1118]","Arthropoda","Insecta","Diptera","Simuliidae","Simuliinae","Simuliini","Simulium","Simulium sp.","0","100.00"
"KGLTK0036_BF_F","ACBB741-09[BOLD:AAB1118]","Arthropoda","Insecta","Diptera","Simuliidae","Simuliinae","Simuliini","Simulium","Simulium sp.","0","99.85"
"KGLTK0036_BF_F","ACBB721-09[BOLD:AAB1118]","Arthropoda","Insecta","Diptera","Simuliidae","Simuliinae","Simuliini","Simulium","Simulium sp.","0","99.70"
"KGLTK0036_BF_F","FISIM112-11[BOLD:AAD1867]","Arthropoda","Insecta","Diptera","Simuliidae","Simuliinae","Simuliini","Simulium","Simulium subpusillum","0","97.72"
"KGLTK0036_BF_F","SIIP9917-24[BOLD:AAD1867]","Arthropoda","Insecta","Diptera","Simuliidae","","","","","0","97.42"
"KGLTK0036_BF_F","FISIM156-11[BOLD:AAD1867]","Arthropoda","Insecta","Diptera","Simuliidae","Simuliinae","Simuliini","Simulium","Simulium subpusillum","0","97.42"
"KGLTK0036_BF_F","FCHAR7956-19[BOLD:AAD1867]","Arthropoda","Insecta","Diptera","Simuliidae","Simuliinae","Simuliini","Simulium","Simulium subpusillum","0","97.26"
"KGLTK0036_BF_F","MCHAA1627-19[BOLD:AAD1867]","Arthropoda","Insecta","Diptera","Simuliidae","Simuliinae","Simuliini","Simulium","Simulium subpusillum","0","97.26"
"KGLTK0036_BF_F","MCHAB330-19[BOLD:AAD1867]","Arthropoda","Insecta","Diptera","Simuliidae","Simuliinae","Simuliini","Simulium","Simulium subpusillum","0","97.26"
"KGLTK0036_BF_F","MCHAB854-19[BOLD:AAD1867]","Arthropoda","Insecta","Diptera","Simuliidae","Simuliinae","Simuliini","Simulium","Simulium subpusillum","0","97.26"
"KGLTK0036_BF_F","MCHAB872-19[BOLD:AAD1867]","Arthropoda","Insecta","Diptera","Simuliidae","Simuliinae","Simuliini","Simulium","Simulium subpusillum","0","97.26"
"KGLTK0036_BF_F","MCHAC2233-19[BOLD:AAD1867]","Arthropoda","Insecta","Diptera","Simuliidae","Simuliinae","Simuliini","Simulium","Simulium subpusillum","0","97.26"
"KGLTK0036_BF_F","MCHAC662-19[BOLD:AAD1867]","Arthropoda","Insecta","Diptera","Simuliidae","Simuliinae","Simuliini","Simulium","Simulium subpusillum","0","97.26"
"KGLTK0036_BF_F","MCHAC680-19[BOLD:AAD1867]","Arthropoda","Insecta","Diptera","Simuliidae","Simuliinae","Simuliini","Simulium","Simulium subpusillum","0","97.26"
"KGLTK0036_BF_F","MCHAD1347-19[BOLD:AAD1867]","Arthropoda","Insecta","Diptera","Simuliidae","Simuliinae","Simuliini","Simulium","Simulium subpusillum","0","97.26"
"KGLTK0036_BF_F","MCHAA1622-19[BOLD:AAD1867]","Arthropoda","Insecta","Diptera","Simuliidae","Simuliinae","Simuliini","Simulium","Simulium subpusillum","0","97.25"
"KGLTK0036_BF_F","MCHAB877-19[BOLD:AAD1867]","Arthropoda","Insecta","Diptera","Simuliidae","Simuliinae","Simuliini","Simulium","Simulium subpusillum","0","97.25"
"KGLTK0036_BF_F","MCHAB965-19[BOLD:AAD1867]","Arthropoda","Insecta","Diptera","Simuliidae","Simuliinae","Simuliini","Simulium","Simulium subpusillum","0","97.25"
"KGLTK0036_BF_F","MCHAB994-19[BOLD:AAD1867]","Arthropoda","Insecta","Diptera","Simuliidae","Simuliinae","Simuliini","Simulium","Simulium subpusillum","0","97.25"
"KGLTK0036_BF_F","MCHAC487-19[BOLD:AAD1867]","Arthropoda","Insecta","Diptera","Simuliidae","Simuliinae","Simuliini","Simulium","Simulium subpusillum","0","97.25"
"KGLTK0036_BF_F","MCHAC593-19[BOLD:AAD1867]","Arthropoda","Insecta","Diptera","Simuliidae","Simuliinae","Simuliini","Simulium","Simulium subpusillum","0","97.25"
"KGLTK0036_BF_F","MCHAD613-19[BOLD:AAD1867]","Arthropoda","Insecta","Diptera","Simuliidae","Simuliinae","Simuliini","Simulium","Simulium subpusillum","0","97.25"
"KGLTK0036_BF_F","MCHAD676-19[BOLD:AAD1867]","Arthropoda","Insecta","Diptera","Simuliidae","Simuliinae","Simuliini","Simulium","Simulium subpusillum","0","97.25"
"KGLTK0036_BF_F","MCHAE1057-19[BOLD:AAD1867]","Arthropoda","Insecta","Diptera","Simuliidae","Simuliinae","Simuliini","Simulium","Simulium subpusillum","0","97.25"
"KGLTK0036_BF_F","MCHAE709-19[BOLD:AAD1867]","Arthropoda","Insecta","Diptera","Simuliidae","Simuliinae","Simuliini","Simulium","Simulium subpusillum","0","97.25"
"KGLTK0036_BF_G","AMCAM268-20[BOLD:AAC0365]","Arthropoda","Insecta","Diptera","Simuliidae","Simuliinae","Simuliini","Simulium","Simulium decimatum","0","99.70"
"KGLTK0036_BF_G","JWDCH895-10[BOLD:AAC0365]","Arthropoda","Insecta","Diptera","Simuliidae","Simuliinae","Simuliini","Simulium","Simulium decimatum","0","99.70"
"KGLTK0036_BF_G","MCHAC238-19[BOLD:AAC0365]","Arthropoda","Insecta","Diptera","Simuliidae","Simuliinae","Simuliini","Simulium","Simulium decimatum","0","99.70"
"KGLTK0036_BF_G","AMCAM151-20[BOLD:AAC0365]","Arthropoda","Insecta","Diptera","Simuliidae","Simuliinae","Simuliini","Simulium","Simulium decimatum","0","99.69"
"KGLTK0036_BF_G","AMCAM170-20[BOLD:AAC0365]","Arthropoda","Insecta","Diptera","Simuliidae","Simuliinae","Simuliini","Simulium","Simulium decimatum","0","99.69"
"KGLTK0036_BF_G","AMCAM221-20[BOLD:AAC0365]","Arthropoda","Insecta","Diptera","Simuliidae","Simuliinae","Simuliini","Simulium","Simulium decimatum","0","99.69"
"KGLTK0036_BF_G","AMCAM263-20[BOLD:AAC0365]","Arthropoda","Insecta","Diptera","Simuliidae","Simuliinae","Simuliini","Simulium","Simulium decimatum","0","99.69"
"KGLTK0036_BF_G","AMCAM308-20[BOLD:AAC0365]","Arthropoda","Insecta","Diptera","Simuliidae","Simuliinae","Simuliini","Simulium","Simulium decimatum","0","99.69"
"KGLTK0036_BF_G","AMCAM314-20[BOLD:AAC0365]","Arthropoda","Insecta","Diptera","Simuliidae","Simuliinae","Simuliini","Simulium","Simulium decimatum","0","99.69"
"KGLTK0036_BF_G","AMCAM325-20[BOLD:AAC0365]","Arthropoda","Insecta","Diptera","Simuliidae","Simuliinae","Simuliini","Simulium","Simulium decimatum","0","99.69"
"KGLTK0036_BF_G","AMCAM361-20[BOLD:AAC0365]","Arthropoda","Insecta","Diptera","Simuliidae","Simuliinae","Simuliini","Simulium","Simulium decimatum","0","99.69"
"KGLTK0036_BF_G","AMCAM366-20[BOLD:AAC0365]","Arthropoda","Insecta","Diptera","Simuliidae","Simuliinae","Simuliini","Simulium","Simulium decimatum","0","99.69"
"KGLTK0036_BF_G","MCHAC1604-19[BOLD:AAC0365]","Arthropoda","Insecta","Diptera","Simuliidae","Simuliinae","Simuliini","Simulium","Simulium decimatum","0","99.69"
"KGLTK0036_BF_G","AMCAM084-20[BOLD:AAC0365]","Arthropoda","Insecta","Diptera","Simuliidae","Simuliinae","Simuliini","Simulium","Simulium decimatum","0","99.54"
"KGLTK0036_BF_G","AMCAM104-20[BOLD:AAC0365]","Arthropoda","Insecta","Diptera","Simuliidae","Simuliinae","Simuliini","Simulium","Simulium decimatum","0","99.54"
"KGLTK0036_BF_G","AMCAM135-20[BOLD:AAC0365]","Arthropoda","Insecta","Diptera","Simuliidae","Simuliinae","Simuliini","Simulium","Simulium decimatum","0","99.54"
"KGLTK0036_BF_G","AMCAM213-20[BOLD:AAC0365]","Arthropoda","Insecta","Diptera","Simuliidae","Simuliinae","Simuliini","Simulium","Simulium decimatum","0","99.54"
"KGLTK0036_BF_G","AMCAM234-20[BOLD:AAC0365]","Arthropoda","Insecta","Diptera","Simuliidae","Simuliinae","Simuliini","Simulium","Simulium decimatum","0","99.54"
"KGLTK0036_BF_G","AMCAM256-20[BOLD:AAC0365]","Arthropoda","Insecta","Diptera","Simuliidae","Simuliinae","Simuliini","Simulium","Simulium decimatum","0","99.54"
"KGLTK0036_BF_G","AMCAM327-20[BOLD:AAC0365]","Arthropoda","Insecta","Diptera","Simuliidae","Simuliinae","Simuliini","Simulium","Simulium decimatum","0","99.54"
"KGLTK0036_BF_G","MCHAA538-19[BOLD:AAC0365]","Arthropoda","Insecta","Diptera","Simuliidae","Simuliinae","Simuliini","Simulium","Simulium decimatum","0","99.54"
"KGLTK0036_BF_G","MCHAE735-19[BOLD:AAC0365]","Arthropoda","Insecta","Diptera","Simuliidae","Simuliinae","Simuliini","Simulium","Simulium decimatum","0","99.54"
"KGLTK0036_BF_G","AMCAM070-20[BOLD:AAC0365]","Arthropoda","Insecta","Diptera","Simuliidae","Simuliinae","Simuliini","Simulium","Simulium decimatum","0","99.39"
"KGLTK0036_BF_G","AMCAM094-20[BOLD:AAC0365]","Arthropoda","Insecta","Diptera","Simuliidae","Simuliinae","Simuliini","Simulium","Simulium decimatum","0","99.39"
"KGLTK0036_BF_G","AMCAM255-20[BOLD:AAC0365]","Arthropoda","Insecta","Diptera","Simuliidae","Simuliinae","Simuliini","Simulium","Simulium decimatum","0","99.39"
"KGLTK0043_BF_A","CIOSI25166-24[BOLD:AAA8326]","Arthropoda","Insecta","Diptera","Simuliidae","Simuliinae","Simuliini","Simulium","","0","100.00"
"KGLTK0043_BF_A","FCHAR3997-19[BOLD:AAA8326]","Arthropoda","Insecta","Diptera","Simuliidae","Simuliinae","Simuliini","Simulium","","0","100.00"
"KGLTK0043_BF_A","FCHAR6639-19[BOLD:AAA8326]","Arthropoda","Insecta","Diptera","Simuliidae","Simuliinae","Simuliini","Simulium","","0","100.00"
"KGLTK0043_BF_A","GCHAR792-19[BOLD:AAA8326]","Arthropoda","Insecta","Diptera","Simuliidae","Simuliinae","Simuliini","Simulium","","0","100.00"
"KGLTK0043_BF_A","MCHAA1091-19[BOLD:AAA8326]","Arthropoda","Insecta","Diptera","Simuliidae","Simuliinae","Simuliini","Simulium","","0","100.00"
"KGLTK0043_BF_A","MCHAA1296-19[BOLD:AAA8326]","Arthropoda","Insecta","Diptera","Simuliidae","Simuliinae","Simuliini","Simulium","","0","100.00"
"KGLTK0043_BF_A","MCHAD178-19[BOLD:AAA8326]","Arthropoda","Insecta","Diptera","Simuliidae","Simuliinae","Simuliini","Simulium","","0","100.00"
"KGLTK0043_BF_A","MCHAE740-19[BOLD:AAA8326]","Arthropoda","Insecta","Diptera","Simuliidae","Simuliinae","Simuliini","Simulium","","0","100.00"
"KGLTK0043_BF_A","DHSSI945-24[BOLD:AAA8326]","Arthropoda","Insecta","Diptera","Simuliidae","Simuliinae","Simuliini","Simulium","Simulium annulitarse","0","100.00"
"KGLTK0043_BF_A","BBDCQ685-10[BOLD:AAA8326]","Arthropoda","Insecta","Diptera","Simuliidae","Simuliinae","Simuliini","Simulium","Simulium tuberosum complex","0","100.00"
"KGLTK0043_BF_A","DHSSI163-23[BOLD:AAA8326]","Arthropoda","Insecta","Diptera","Simuliidae","Simuliinae","Simuliini","Simulium","Simulium vandalicum","0","100.00"
"KGLTK0043_BF_A","CIOSI30057-24[BOLD:AAA8326]","Arthropoda","Insecta","Diptera","Simuliidae","Simuliinae","Simuliini","Simulium","","0","99.85"
"KGLTK0043_BF_A","CIOSI30812-24[BOLD:AAA8326]","Arthropoda","Insecta","Diptera","Simuliidae","Simuliinae","Simuliini","Simulium","","0","99.85"
"KGLTK0043_BF_A","CIOSI50652-24[BOLD:AAA8326]","Arthropoda","Insecta","Diptera","Simuliidae","Simuliinae","Simuliini","Simulium","","0","99.85"
"KGLTK0043_BF_A","MCHAC209-19[BOLD:AAA8326]","Arthropoda","Insecta","Diptera","Simuliidae","Simuliinae","Simuliini","Simulium","","0","99.85"
"KGLTK0043_BF_A","MCHAC225-19[BOLD:AAA8326]","Arthropoda","Insecta","Diptera","Simuliidae","Simuliinae","Simuliini","Simulium","","0","99.85"
"KGLTK0043_BF_A","MCHAC675-19[BOLD:AAA8326]","Arthropoda","Insecta","Diptera","Simuliidae","Simuliinae","Simuliini","Simulium","","0","99.85"
"KGLTK0043_BF_A","MCHAD186-19[BOLD:AAA8326]","Arthropoda","Insecta","Diptera","Simuliidae","Simuliinae","Simuliini","Simulium","","0","99.85"
"KGLTK0043_BF_A","OPPAM330-17[BOLD:AAA8326]","Arthropoda","Insecta","Diptera","Simuliidae","Simuliinae","Simuliini","Simulium","","0","99.85"
"KGLTK0043_BF_A","DHSSI069-23[BOLD:AAA8326]","Arthropoda","Insecta","Diptera","Simuliidae","Simuliinae","Simuliini","Simulium","Simulium tuberosum complex","0","99.85"
"KGLTK0043_BF_A","DHSSI1237-24[BOLD:AAA8326]","Arthropoda","Insecta","Diptera","Simuliidae","Simuliinae","Simuliini","Simulium","Simulium tuberosum complex","0","99.85"
"KGLTK0043_BF_A","DHSSI1448-24[BOLD:AAA8326]","Arthropoda","Insecta","Diptera","Simuliidae","Simuliinae","Simuliini","Simulium","Simulium tuberosum complex","0","99.85"
"KGLTK0043_BF_A","DHSSI711-24[BOLD:AAA8326]","Arthropoda","Insecta","Diptera","Simuliidae","Simuliinae","Simuliini","Simulium","Simulium tuberosum complex","0","99.85"
"KGLTK0043_BF_A","JWDCB250-10[BOLD:AAA8326]","Arthropoda","Insecta","Diptera","Simuliidae","Simuliinae","Simuliini","Simulium","Simulium tuberosum complex","0","99.85"
"KGLTK0043_BF_A","JWDCC557-10[BOLD:AAA8326]","Arthropoda","Insecta","Diptera","Simuliidae","Simuliinae","Simuliini","Simulium","Simulium tuberosum complex","0","99.85"
"KGLTK0043_BF_C","BCHAR3466-18[BOLD:AAA9710]","Arthropoda","Insecta","Diptera","Simuliidae","Simuliinae","Simuliini","Simulium","","0","100.00"
"KGLTK0043_BF_C","MCHAB691-19[BOLD:AAA9710]","Arthropoda","Insecta","Diptera","Simuliidae","Simuliinae","Simuliini","Simulium","","0","100.00"
"KGLTK0043_BF_C","MCHAD190-19[BOLD:AAA9710]","Arthropoda","Insecta","Diptera","Simuliidae","Simuliinae","Simuliini","Simulium","","0","100.00"
"KGLTK0043_BF_C","CNPAD641-13[BOLD:AAA9710]","Arthropoda","Insecta","Diptera","Simuliidae","Simuliinae","Simuliini","Simulium","","0","99.84"
"KGLTK0043_BF_C","BBDCM292-10[BOLD:AAA9710]","Arthropoda","Insecta","Diptera","Simuliidae","Simuliinae","Simuliini","Simulium","Simulium tuberosum complex","0","99.70"
"KGLTK0043_BF_C","GMDAP880-12[BOLD:AAA9710]","Arthropoda","Insecta","Diptera","Simuliidae","Simuliinae","Simuliini","Simulium","Simulium sp. BOLDAAA9710","0","99.22"
"KGLTK0043_BF_C","ASDIP258-15[BOLD:AAA9710]","Arthropoda","Insecta","Diptera","Simuliidae","Simuliinae","Simuliini","Simulium","Simulium sp. BOLDAAA9710","0","99.09"
"KGLTK0043_BF_C","ASDIP259-15[BOLD:AAA9710]","Arthropoda","Insecta","Diptera","Simuliidae","Simuliinae","Simuliini","Simulium","Simulium sp. BOLDAAA9710","0","98.93"
"KGLTK0043_BF_C","FCHAR6630-19[BOLD:AAA9710]","Arthropoda","Insecta","Diptera","Simuliidae","Simuliinae","Simuliini","Simulium","","0","98.78"
"KGLTK0043_BF_C","ASDIP251-15[BOLD:AAA9710]","Arthropoda","Insecta","Diptera","Simuliidae","Simuliinae","Simuliini","Simulium","Simulium sp. BOLDAAA9710","0","98.78"
"KGLTK0043_BF_C","ASDIP029-15[BOLD:AAA9710]","Arthropoda","Insecta","Diptera","Simuliidae","Simuliinae","Simuliini","Simulium","Simulium tuberosum","0","98.78"
"KGLTK0043_BF_C","JWDCF819-10[BOLD:AAA9710]","Arthropoda","Insecta","Diptera","Simuliidae","Simuliinae","Simuliini","Simulium","Simulium tuberosum complex","0","98.78"
"KGLTK0043_BF_C","ABCMB7404-23[BOLD:AAA9710]","Arthropoda","Insecta","Diptera","Simuliidae","Simuliinae","Simuliini","Simulium","","0","98.63"
"KGLTK0043_BF_C","OPPBC998-17[BOLD:AAA9710]","Arthropoda","Insecta","Diptera","Simuliidae","Simuliinae","Simuliini","Simulium","","0","98.63"
"KGLTK0043_BF_C","POROM163-19[BOLD:AAA9710]","Arthropoda","Insecta","Diptera","Simuliidae","Simuliinae","Simuliini","Simulium","","0","98.63"
"KGLTK0043_BF_C","ASDIP256-15[BOLD:AAA9710]","Arthropoda","Insecta","Diptera","Simuliidae","Simuliinae","Simuliini","Simulium","Simulium tuberosum","0","98.63"
"KGLTK0043_BF_C","BBDEC401-09[BOLD:AAA9710]","Arthropoda","Insecta","Diptera","Simuliidae","Simuliinae","Simuliini","Simulium","Simulium tuberosum","0","98.63"
"KGLTK0043_BF_C","JWDCB249-10[BOLD:AAA9710]","Arthropoda","Insecta","Diptera","Simuliidae","Simuliinae","Simuliini","Simulium","Simulium tuberosum complex","0","98.63"
"KGLTK0043_BF_C","OPPBC753-17[BOLD:AAA9710]","Arthropoda","Insecta","Diptera","Simuliidae","Simuliinae","Simuliini","Simulium","","0","98.48"
"KGLTK0043_BF_C","ASDIP245-15[BOLD:AAA9710]","Arthropoda","Insecta","Diptera","Simuliidae","Simuliinae","Simuliini","Simulium","Simulium sp. BOLDAAA9710","0","98.48"
"KGLTK0043_BF_C","NBPSI002-11[BOLD:AAA9710]","Arthropoda","Insecta","Diptera","Simuliidae","Simuliinae","Simuliini","Simulium","Simulium tuberosum complex","0","98.48"
"KGLTK0043_BF_C","BCMIN606-23[BOLD:AAA9710]","Arthropoda","Insecta","Diptera","Simuliidae","Simuliinae","Simuliini","Simulium","","0","98.33"
"KGLTK0043_BF_C","BCMIN071-23[BOLD:AAA9710]","Arthropoda","Insecta","Diptera","Simuliidae","Simuliinae","Simuliini","Simulium","","0","98.18"
"KGLTK0043_BF_C","POROM151-19[BOLD:AAA9710]","Arthropoda","Insecta","Diptera","Simuliidae","Simuliinae","Simuliini","Simulium","","0","98.18"
"KGLTK0043_BF_C","ASDIP254-15[BOLD:AAA9710]","Arthropoda","Insecta","Diptera","Simuliidae","Simuliinae","Simuliini","Simulium","Simulium tuberosum","0","98.18"
"KGLTK0045_BF_C","GBAAY59162-24[BOLD:AAA8954]","Arthropoda","Insecta","Diptera","Simuliidae","Simuliinae","Simuliini","Simulium","Simulium apricarium","0","99.69"
"KGLTK0045_BF_C","GBAAY19341-24[BOLD:AAA8954]","Arthropoda","Insecta","Diptera","Simuliidae","Simuliinae","Simuliini","Simulium","Simulium arcticum","0","99.69"
"KGLTK0045_BF_C","GBAAZ36134-24[BOLD:AAA8954]","Arthropoda","Insecta","Diptera","Simuliidae","Simuliinae","Simuliini","Simulium","Simulium arcticum sensu lato BL19_7","0","99.69"
"KGLTK0045_BF_C","BBDCN999-10[BOLD:AAA8954]","Arthropoda","Insecta","Diptera","Simuliidae","Simuliinae","Simuliini","Simulium","Simulium arcticum complex","0","99.54"
"KGLTK0045_BF_C","GBAAY59153-24[BOLD:AAA8954]","Arthropoda","Insecta","Diptera","Simuliidae","Simuliinae","Simuliini","Simulium","Simulium apricarium","0","99.53"
"KGLTK0045_BF_C","GBAAY19332-24[BOLD:AAA8954]","Arthropoda","Insecta","Diptera","Simuliidae","Simuliinae","Simuliini","Simulium","Simulium arcticum","0","99.53"
"KGLTK0045_BF_C","GBAAY19353-24[BOLD:AAA8954]","Arthropoda","Insecta","Diptera","Simuliidae","Simuliinae","Simuliini","Simulium","Simulium arcticum","0","99.53"
"KGLTK0045_BF_C","GBAAZ3144-24[BOLD:AAA8954]","Arthropoda","Insecta","Diptera","Simuliidae","Simuliinae","Simuliini","Simulium","Simulium arcticum sensu lato BL9_27","0","99.53"
"KGLTK0045_BF_C","GBAAZ18746-24[BOLD:AAA8954]","Arthropoda","Insecta","Diptera","Simuliidae","Simuliinae","Simuliini","Simulium","Simulium arcticum sensu lato RC9_3","0","99.53"
"KGLTK0045_BF_C","GBAAY52376-24[BOLD:AAA8954]","Arthropoda","Insecta","Diptera","Simuliidae","Simuliinae","Simuliini","Simulium","Simulium brevicercum","0","99.53"
"KGLTK0045_BF_C","UCOL325-23[BOLD:AAA8954]","Arthropoda","Insecta","Diptera","Simuliidae","Simuliinae","Simuliini","Simulium","Simulium arcticum","0","99.39"
"KGLTK0045_BF_C","NBPSI155-11[BOLD:AAA8954]","Arthropoda","Insecta","Diptera","Simuliidae","Simuliinae","Simuliini","Simulium","Simulium arcticum complex","0","99.39"
"KGLTK0045_BF_C","GBMIN60899-17[BOLD:AAA8954]","Arthropoda","Insecta","Diptera","Simuliidae","Simuliinae","Simuliini","Simulium","Simulium apricarium","0","99.37"
"KGLTK0045_BF_C","GBAAZ35390-24[BOLD:AAA8954]","Arthropoda","Insecta","Diptera","Simuliidae","Simuliinae","Simuliini","Simulium","Simulium arcticum sensu lato BL19_4","0","99.37"
"KGLTK0045_BF_C","GBAAZ38230-24[BOLD:AAA8954]","Arthropoda","Insecta","Diptera","Simuliidae","Simuliinae","Simuliini","Simulium","Simulium arcticum sensu lato BL9_1","0","99.37"
"KGLTK0045_BF_C","GBAAZ41650-24[BOLD:AAA8954]","Arthropoda","Insecta","Diptera","Simuliidae","Simuliinae","Simuliini","Simulium","Simulium arcticum sensu lato CW22_14","0","99.37"
"KGLTK0045_BF_C","GBMIN60957-17[BOLD:AAA8954]","Arthropoda","Insecta","Diptera","Simuliidae","Simuliinae","Simuliini","Simulium","Simulium brevicercum","0","99.37"
"KGLTK0045_BF_C","GBMAB2170-15[BOLD:AAA8954]","Arthropoda","Insecta","Diptera","Simuliidae","Simuliinae","Simuliini","Simulium","Simulium saxosum","0","99.37"
"KGLTK0045_BF_C","GBMIN61358-17[BOLD:AAA8954]","Arthropoda","Insecta","Diptera","Simuliidae","Simuliinae","Simuliini","Simulium","Simulium saxosum","0","99.37"
"KGLTK0045_BF_C","JWDCA128-10[BOLD:AAA8954]","Arthropoda","Insecta","Diptera","Simuliidae","Simuliinae","Simuliini","Simulium","Simulium arcticum complex","0","99.24"
"KGLTK0045_BF_C","MPGJ662-19[BOLD:AAA8954]","Arthropoda","Insecta","Diptera","Simuliidae","Simuliinae","Simuliini","Simulium","","0","99.23"
"KGLTK0045_BF_C","NBPSI157-11[BOLD:AAA8954]","Arthropoda","Insecta","Diptera","Simuliidae","Simuliinae","Simuliini","Simulium","Simulium arcticum complex","0","98.78"
"KGLTK0045_BF_C","NBPSI156-11[BOLD:AAA8954]","Arthropoda","Insecta","Diptera","Simuliidae","Simuliinae","Simuliini","Simulium","Simulium arcticum complex","0","98.63"
"KGLTK0045_BF_C","BCMIN1827-23[BOLD:AAA8954]","Arthropoda","Insecta","Diptera","Simuliidae","Simuliinae","Simuliini","Simulium","","0","98.48"
"KGLTK0045_BF_C","UCOL044-23[BOLD:AAA8954]","Arthropoda","Insecta","Diptera","Simuliidae","Simuliinae","Simuliini","Simulium","Simulium arcticum","0","98.48"
"KGLTK0048_BF_A","AMCAJ1887-19[BOLD:AAA9710]","Arthropoda","Insecta","Diptera","Simuliidae","Simuliinae","Simuliini","Simulium","","0","100.00"
"KGLTK0048_BF_A","AMCAJ524-19[BOLD:AAA9710]","Arthropoda","Insecta","Diptera","Simuliidae","Simuliinae","Simuliini","Simulium","","0","100.00"
"KGLTK0048_BF_A","AMCAJ2071-19[BOLD:AAA9710]","Arthropoda","Insecta","Diptera","Simuliidae","Simuliinae","Simuliini","Simulium","","0","99.85"
"KGLTK0048_BF_A","ASDIP251-15[BOLD:AAA9710]","Arthropoda","Insecta","Diptera","Simuliidae","Simuliinae","Simuliini","Simulium","Simulium sp. BOLDAAA9710","0","98.48"
"KGLTK0048_BF_A","ASDIP029-15[BOLD:AAA9710]","Arthropoda","Insecta","Diptera","Simuliidae","Simuliinae","Simuliini","Simulium","Simulium tuberosum","0","98.33"
"KGLTK0048_BF_A","ASDIP256-15[BOLD:AAA9710]","Arthropoda","Insecta","Diptera","Simuliidae","Simuliinae","Simuliini","Simulium","Simulium tuberosum","0","98.33"
"KGLTK0048_BF_A","BBDEC401-09[BOLD:AAA9710]","Arthropoda","Insecta","Diptera","Simuliidae","Simuliinae","Simuliini","Simulium","Simulium tuberosum","0","98.33"
"KGLTK0048_BF_A","JWDCB249-10[BOLD:AAA9710]","Arthropoda","Insecta","Diptera","Simuliidae","Simuliinae","Simuliini","Simulium","Simulium tuberosum complex","0","98.33"
"KGLTK0048_BF_A","ABCMB7404-23[BOLD:AAA9710]","Arthropoda","Insecta","Diptera","Simuliidae","Simuliinae","Simuliini","Simulium","","0","98.32"
"KGLTK0048_BF_A","ASDIP258-15[BOLD:AAA9710]","Arthropoda","Insecta","Diptera","Simuliidae","Simuliinae","Simuliini","Simulium","Simulium sp. BOLDAAA9710","0","98.18"
"KGLTK0048_BF_A","ASDIP254-15[BOLD:AAA9710]","Arthropoda","Insecta","Diptera","Simuliidae","Simuliinae","Simuliini","Simulium","Simulium tuberosum","0","98.18"
"KGLTK0048_BF_A","SIIP10935-24[BOLD:AAA9710]","Arthropoda","Insecta","Diptera","Simuliidae","","","","","0","98.02"
"KGLTK0048_BF_A","BCHAR3466-18[BOLD:AAA9710]","Arthropoda","Insecta","Diptera","Simuliidae","Simuliinae","Simuliini","Simulium","","0","98.02"
"KGLTK0048_BF_A","BCMIN606-23[BOLD:AAA9710]","Arthropoda","Insecta","Diptera","Simuliidae","Simuliinae","Simuliini","Simulium","","0","98.02"
"KGLTK0048_BF_A","POROM163-19[BOLD:AAA9710]","Arthropoda","Insecta","Diptera","Simuliidae","Simuliinae","Simuliini","Simulium","","0","98.02"
"KGLTK0048_BF_A","GBMIN14235-13[BOLD:AAA9710]","Arthropoda","Insecta","Diptera","Simuliidae","Simuliinae","Simuliini","Simulium","Simulium tuberosum","0","98.02"
"KGLTK0048_BF_A","BBDCM292-10[BOLD:AAA9710]","Arthropoda","Insecta","Diptera","Simuliidae","Simuliinae","Simuliini","Simulium","Simulium tuberosum complex","0","98.02"
"KGLTK0048_BF_A","SIIP10670-24[BOLD:AAA9710]","Arthropoda","Insecta","Diptera","Simuliidae","","","","","0","97.87"
"KGLTK0048_BF_A","BCMIN071-23[BOLD:AAA9710]","Arthropoda","Insecta","Diptera","Simuliidae","Simuliinae","Simuliini","Simulium","","0","97.87"
"KGLTK0048_BF_A","OPPBC753-17[BOLD:AAA9710]","Arthropoda","Insecta","Diptera","Simuliidae","Simuliinae","Simuliini","Simulium","","0","97.87"
"KGLTK0048_BF_A","POROM151-19[BOLD:AAA9710]","Arthropoda","Insecta","Diptera","Simuliidae","Simuliinae","Simuliini","Simulium","","0","97.87"
"KGLTK0048_BF_A","ASDIP245-15[BOLD:AAA9710]","Arthropoda","Insecta","Diptera","Simuliidae","Simuliinae","Simuliini","Simulium","Simulium sp. BOLDAAA9710","0","97.87"
"KGLTK0048_BF_A","FISIM194-11[BOLD:AAA9710]","Arthropoda","Insecta","Diptera","Simuliidae","Simuliinae","Simuliini","Simulium","Simulium tuberosum","0","97.87"
"KGLTK0048_BF_A","JWDCF819-10[BOLD:AAA9710]","Arthropoda","Insecta","Diptera","Simuliidae","Simuliinae","Simuliini","Simulium","Simulium tuberosum complex","0","97.87"
"KGLTK0048_BF_A","NBPSI002-11[BOLD:AAA9710]","Arthropoda","Insecta","Diptera","Simuliidae","Simuliinae","Simuliini","Simulium","Simulium tuberosum complex","0","97.87"
"KGLTK0049_BF_B","NBPSI157-11[BOLD:AAA8954]","Arthropoda","Insecta","Diptera","Simuliidae","Simuliinae","Simuliini","Simulium","Simulium arcticum complex","0","99.85"
"KGLTK0049_BF_B","NBPSI156-11[BOLD:AAA8954]","Arthropoda","Insecta","Diptera","Simuliidae","Simuliinae","Simuliini","Simulium","Simulium arcticum complex","0","99.70"
"KGLTK0049_BF_B","GBAAZ43682-24[BOLD:AAA8954]","Arthropoda","Insecta","Diptera","Simuliidae","Simuliinae","Simuliini","Simulium","Simulium arcticum sensu lato BL9_29","0","99.69"
"KGLTK0049_BF_B","GBAAZ4399-24[BOLD:AAA8954]","Arthropoda","Insecta","Diptera","Simuliidae","Simuliinae","Simuliini","Simulium","Simulium arcticum sensu lato BL19_13","0","99.53"
"KGLTK0049_BF_B","GBAAY19353-24[BOLD:AAA8954]","Arthropoda","Insecta","Diptera","Simuliidae","Simuliinae","Simuliini","Simulium","Simulium arcticum","0","99.06"
"KGLTK0049_BF_B","GBMIN60958-17[BOLD:AAA8954]","Arthropoda","Insecta","Diptera","Simuliidae","Simuliinae","Simuliini","Simulium","Simulium brevicercum","0","99.06"
"KGLTK0049_BF_B","GBMIN60974-17[BOLD:AAA8954]","Arthropoda","Insecta","Diptera","Simuliidae","Simuliinae","Simuliini","Simulium","Simulium chromatinum","0","99.06"
"KGLTK0049_BF_B","UCOL325-23[BOLD:AAA8954]","Arthropoda","Insecta","Diptera","Simuliidae","Simuliinae","Simuliini","Simulium","Simulium arcticum","0","98.94"
"KGLTK0049_BF_B","NBPSI155-11[BOLD:AAA8954]","Arthropoda","Insecta","Diptera","Simuliidae","Simuliinae","Simuliini","Simulium","Simulium arcticum complex","0","98.94"
"KGLTK0049_BF_B","CIOSJ44181-24[BOLD:AAA8954]","Arthropoda","Insecta","Diptera","Simuliidae","Simuliinae","Simuliini","Simulium","","0","98.78"
"KGLTK0049_BF_B","CISSB25582-23[BOLD:AAA8954]","Arthropoda","Insecta","Diptera","Simuliidae","Simuliinae","Simuliini","Simulium","","0","98.78"
"KGLTK0049_BF_B","BBDCN999-10[BOLD:AAA8954]","Arthropoda","Insecta","Diptera","Simuliidae","Simuliinae","Simuliini","Simulium","Simulium arcticum complex","0","98.78"
"KGLTK0049_BF_B","JWDCA128-10[BOLD:AAA8954]","Arthropoda","Insecta","Diptera","Simuliidae","Simuliinae","Simuliini","Simulium","Simulium arcticum complex","0","98.78"
"KGLTK0049_BF_B","DHSSI1110-24[BOLD:AAA8954]","Arthropoda","Insecta","Diptera","Simuliidae","Simuliinae","Simuliini","Simulium","Simulium saxosum","0","98.78"
"KGLTK0049_BF_B","MPGJ662-19[BOLD:AAA8954]","Arthropoda","Insecta","Diptera","Simuliidae","Simuliinae","Simuliini","Simulium","","0","98.77"
"KGLTK0049_BF_B","CIOSJ16865-24[BOLD:AAA8954]","Arthropoda","Insecta","Diptera","Simuliidae","Simuliinae","Simuliini","Simulium","","0","98.63"
"KGLTK0049_BF_B","UCOL044-23[BOLD:AAA8954]","Arthropoda","Insecta","Diptera","Simuliidae","Simuliinae","Simuliini","Simulium","Simulium arcticum","0","98.63"
"KGLTK0049_BF_B","CIOSB1637-23[BOLD:AAA8954]","Arthropoda","Insecta","Diptera","Simuliidae","Simuliinae","Simuliini","Simulium","","0","98.47"
"KGLTK0049_BF_B","CISSB37201-24[BOLD:AAA8954]","Arthropoda","Insecta","Diptera","Simuliidae","Simuliinae","Simuliini","Simulium","","0","98.33"
"KGLTK0049_BF_B","GMOQN452-19[BOLD:AAA8954]","Arthropoda","Insecta","Diptera","Simuliidae","Simuliinae","Simuliini","Simulium","","0","98.32"
"KGLTK0049_BF_B","CIOSJ16737-24[BOLD:AAA8954]","Arthropoda","Insecta","Diptera","Simuliidae","Simuliinae","Simuliini","Simulium","","0","98.18"
"KGLTK0049_BF_B","CIOSJ32367-24[BOLD:AAA8954]","Arthropoda","Insecta","Diptera","Simuliidae","Simuliinae","Simuliini","Simulium","","0","98.18"
"KGLTK0049_BF_B","CIOSJ35154-24[BOLD:AAA8954]","Arthropoda","Insecta","Diptera","Simuliidae","Simuliinae","Simuliini","Simulium","","0","98.18"
"KGLTK0049_BF_B","UCOL289-23[BOLD:AAA8954]","Arthropoda","Insecta","Diptera","Simuliidae","Simuliinae","Simuliini","Simulium","Simulium arcticum","0","98.18"
"KGLTK0049_BF_B","BCMIN1827-23[BOLD:AAA8954]","Arthropoda","Insecta","Diptera","Simuliidae","Simuliinae","Simuliini","Simulium","","0","98.02"
"KGLTK0049_BF_C","GBAAY59162-24[BOLD:AAA8954]","Arthropoda","Insecta","Diptera","Simuliidae","Simuliinae","Simuliini","Simulium","Simulium apricarium","0","99.69"
"KGLTK0049_BF_C","GBAAY19341-24[BOLD:AAA8954]","Arthropoda","Insecta","Diptera","Simuliidae","Simuliinae","Simuliini","Simulium","Simulium arcticum","0","99.69"
"KGLTK0049_BF_C","GBAAZ36134-24[BOLD:AAA8954]","Arthropoda","Insecta","Diptera","Simuliidae","Simuliinae","Simuliini","Simulium","Simulium arcticum sensu lato BL19_7","0","99.69"
"KGLTK0049_BF_C","BBDCN999-10[BOLD:AAA8954]","Arthropoda","Insecta","Diptera","Simuliidae","Simuliinae","Simuliini","Simulium","Simulium arcticum complex","0","99.54"
"KGLTK0049_BF_C","GBAAY59153-24[BOLD:AAA8954]","Arthropoda","Insecta","Diptera","Simuliidae","Simuliinae","Simuliini","Simulium","Simulium apricarium","0","99.53"
"KGLTK0049_BF_C","GBAAY19332-24[BOLD:AAA8954]","Arthropoda","Insecta","Diptera","Simuliidae","Simuliinae","Simuliini","Simulium","Simulium arcticum","0","99.53"
"KGLTK0049_BF_C","GBAAY19353-24[BOLD:AAA8954]","Arthropoda","Insecta","Diptera","Simuliidae","Simuliinae","Simuliini","Simulium","Simulium arcticum","0","99.53"
"KGLTK0049_BF_C","GBAAZ3144-24[BOLD:AAA8954]","Arthropoda","Insecta","Diptera","Simuliidae","Simuliinae","Simuliini","Simulium","Simulium arcticum sensu lato BL9_27","0","99.53"
"KGLTK0049_BF_C","GBAAY52376-24[BOLD:AAA8954]","Arthropoda","Insecta","Diptera","Simuliidae","Simuliinae","Simuliini","Simulium","Simulium brevicercum","0","99.53"
"KGLTK0049_BF_C","UCOL325-23[BOLD:AAA8954]","Arthropoda","Insecta","Diptera","Simuliidae","Simuliinae","Simuliini","Simulium","Simulium arcticum","0","99.39"
"KGLTK0049_BF_C","NBPSI155-11[BOLD:AAA8954]","Arthropoda","Insecta","Diptera","Simuliidae","Simuliinae","Simuliini","Simulium","Simulium arcticum complex","0","99.39"
"KGLTK0049_BF_C","GBMIN60899-17[BOLD:AAA8954]","Arthropoda","Insecta","Diptera","Simuliidae","Simuliinae","Simuliini","Simulium","Simulium apricarium","0","99.37"
"KGLTK0049_BF_C","GBAAZ35390-24[BOLD:AAA8954]","Arthropoda","Insecta","Diptera","Simuliidae","Simuliinae","Simuliini","Simulium","Simulium arcticum sensu lato BL19_4","0","99.37"
"KGLTK0049_BF_C","GBAAZ38230-24[BOLD:AAA8954]","Arthropoda","Insecta","Diptera","Simuliidae","Simuliinae","Simuliini","Simulium","Simulium arcticum sensu lato BL9_1","0","99.37"
"KGLTK0049_BF_C","GBAAZ41650-24[BOLD:AAA8954]","Arthropoda","Insecta","Diptera","Simuliidae","Simuliinae","Simuliini","Simulium","Simulium arcticum sensu lato CW22_14","0","99.37"
"KGLTK0049_BF_C","GBAAZ13751-24[BOLD:AAA8954]","Arthropoda","Insecta","Diptera","Simuliidae","Simuliinae","Simuliini","Simulium","Simulium arcticum sensu lato CW22_3","0","99.37"
"KGLTK0049_BF_C","GBAAZ24484-24[BOLD:AAA8954]","Arthropoda","Insecta","Diptera","Simuliidae","Simuliinae","Simuliini","Simulium","Simulium arcticum sensu lato CW22_4","0","99.37"
"KGLTK0049_BF_C","GBAAZ1845-24[BOLD:AAA8954]","Arthropoda","Insecta","Diptera","Simuliidae","Simuliinae","Simuliini","Simulium","Simulium arcticum sensu lato LB18_11","0","99.37"
"KGLTK0049_BF_C","GBMAB2170-15[BOLD:AAA8954]","Arthropoda","Insecta","Diptera","Simuliidae","Simuliinae","Simuliini","Simulium","Simulium saxosum","0","99.37"
"KGLTK0049_BF_C","GBMIN61358-17[BOLD:AAA8954]","Arthropoda","Insecta","Diptera","Simuliidae","Simuliinae","Simuliini","Simulium","Simulium saxosum","0","99.37"
"KGLTK0049_BF_C","JWDCA128-10[BOLD:AAA8954]","Arthropoda","Insecta","Diptera","Simuliidae","Simuliinae","Simuliini","Simulium","Simulium arcticum complex","0","99.24"
"KGLTK0049_BF_C","MPGJ662-19[BOLD:AAA8954]","Arthropoda","Insecta","Diptera","Simuliidae","Simuliinae","Simuliini","Simulium","","0","99.23"
"KGLTK0049_BF_C","NBPSI157-11[BOLD:AAA8954]","Arthropoda","Insecta","Diptera","Simuliidae","Simuliinae","Simuliini","Simulium","Simulium arcticum complex","0","98.78"
"KGLTK0049_BF_C","NBPSI156-11[BOLD:AAA8954]","Arthropoda","Insecta","Diptera","Simuliidae","Simuliinae","Simuliini","Simulium","Simulium arcticum complex","0","98.63"
"KGLTK0049_BF_C","BCMIN1827-23[BOLD:AAA8954]","Arthropoda","Insecta","Diptera","Simuliidae","Simuliinae","Simuliini","Simulium","","0","98.48"
"KGLTK0049_BF_D","GBAAY59162-24[BOLD:AAA8954]","Arthropoda","Insecta","Diptera","Simuliidae","Simuliinae","Simuliini","Simulium","Simulium apricarium","0","99.69"
"KGLTK0049_BF_D","GBAAY59163-24[BOLD:AAA8954]","Arthropoda","Insecta","Diptera","Simuliidae","Simuliinae","Simuliini","Simulium","Simulium apricarium","0","99.69"
"KGLTK0049_BF_D","GBAAY19341-24[BOLD:AAA8954]","Arthropoda","Insecta","Diptera","Simuliidae","Simuliinae","Simuliini","Simulium","Simulium arcticum","0","99.69"
"KGLTK0049_BF_D","GBAAZ36134-24[BOLD:AAA8954]","Arthropoda","Insecta","Diptera","Simuliidae","Simuliinae","Simuliini","Simulium","Simulium arcticum sensu lato BL19_7","0","99.69"
"KGLTK0049_BF_D","BBDCN999-10[BOLD:AAA8954]","Arthropoda","Insecta","Diptera","Simuliidae","Simuliinae","Simuliini","Simulium","Simulium arcticum complex","0","99.54"
"KGLTK0049_BF_D","GBAAY59153-24[BOLD:AAA8954]","Arthropoda","Insecta","Diptera","Simuliidae","Simuliinae","Simuliini","Simulium","Simulium apricarium","0","99.53"
"KGLTK0049_BF_D","GBAAY19332-24[BOLD:AAA8954]","Arthropoda","Insecta","Diptera","Simuliidae","Simuliinae","Simuliini","Simulium","Simulium arcticum","0","99.53"
"KGLTK0049_BF_D","GBAAY19353-24[BOLD:AAA8954]","Arthropoda","Insecta","Diptera","Simuliidae","Simuliinae","Simuliini","Simulium","Simulium arcticum","0","99.53"
"KGLTK0049_BF_D","GBAAZ3144-24[BOLD:AAA8954]","Arthropoda","Insecta","Diptera","Simuliidae","Simuliinae","Simuliini","Simulium","Simulium arcticum sensu lato BL9_27","0","99.53"
"KGLTK0049_BF_D","GBAAZ42392-24[BOLD:AAA8954]","Arthropoda","Insecta","Diptera","Simuliidae","Simuliinae","Simuliini","Simulium","Simulium arcticum sensu lato CW22_7","0","99.53"
"KGLTK0049_BF_D","GBAAY52376-24[BOLD:AAA8954]","Arthropoda","Insecta","Diptera","Simuliidae","Simuliinae","Simuliini","Simulium","Simulium brevicercum","0","99.53"
"KGLTK0049_BF_D","UCOL325-23[BOLD:AAA8954]","Arthropoda","Insecta","Diptera","Simuliidae","Simuliinae","Simuliini","Simulium","Simulium arcticum","0","99.39"
"KGLTK0049_BF_D","NBPSI155-11[BOLD:AAA8954]","Arthropoda","Insecta","Diptera","Simuliidae","Simuliinae","Simuliini","Simulium","Simulium arcticum complex","0","99.39"
"KGLTK0049_BF_D","GBMIN60899-17[BOLD:AAA8954]","Arthropoda","Insecta","Diptera","Simuliidae","Simuliinae","Simuliini","Simulium","Simulium apricarium","0","99.37"
"KGLTK0049_BF_D","GBAAZ35390-24[BOLD:AAA8954]","Arthropoda","Insecta","Diptera","Simuliidae","Simuliinae","Simuliini","Simulium","Simulium arcticum sensu lato BL19_4","0","99.37"
"KGLTK0049_BF_D","GBAAZ38230-24[BOLD:AAA8954]","Arthropoda","Insecta","Diptera","Simuliidae","Simuliinae","Simuliini","Simulium","Simulium arcticum sensu lato BL9_1","0","99.37"
"KGLTK0049_BF_D","GBAAZ41650-24[BOLD:AAA8954]","Arthropoda","Insecta","Diptera","Simuliidae","Simuliinae","Simuliini","Simulium","Simulium arcticum sensu lato CW22_14","0","99.37"
"KGLTK0049_BF_D","GBAAZ24484-24[BOLD:AAA8954]","Arthropoda","Insecta","Diptera","Simuliidae","Simuliinae","Simuliini","Simulium","Simulium arcticum sensu lato CW22_4","0","99.37"
"KGLTK0049_BF_D","GBMAB2170-15[BOLD:AAA8954]","Arthropoda","Insecta","Diptera","Simuliidae","Simuliinae","Simuliini","Simulium","Simulium saxosum","0","99.37"
"KGLTK0049_BF_D","GBMIN61358-17[BOLD:AAA8954]","Arthropoda","Insecta","Diptera","Simuliidae","Simuliinae","Simuliini","Simulium","Simulium saxosum","0","99.37"
"KGLTK0049_BF_D","JWDCA128-10[BOLD:AAA8954]","Arthropoda","Insecta","Diptera","Simuliidae","Simuliinae","Simuliini","Simulium","Simulium arcticum complex","0","99.24"
"KGLTK0049_BF_D","MPGJ662-19[BOLD:AAA8954]","Arthropoda","Insecta","Diptera","Simuliidae","Simuliinae","Simuliini","Simulium","","0","99.23"
"KGLTK0049_BF_D","NBPSI157-11[BOLD:AAA8954]","Arthropoda","Insecta","Diptera","Simuliidae","Simuliinae","Simuliini","Simulium","Simulium arcticum complex","0","98.78"
"KGLTK0049_BF_D","NBPSI156-11[BOLD:AAA8954]","Arthropoda","Insecta","Diptera","Simuliidae","Simuliinae","Simuliini","Simulium","Simulium arcticum complex","0","98.63"
"KGLTK0049_BF_D","BCMIN1827-23[BOLD:AAA8954]","Arthropoda","Insecta","Diptera","Simuliidae","Simuliinae","Simuliini","Simulium","","0","98.48"
"KGLTK0103_BF_A","FCHAR3984-19[BOLD:AAE8832]","Arthropoda","Insecta","Diptera","Simuliidae","Simuliinae","Simuliini","Simulium","Simulium excisum","0","100.00"
"KGLTK0103_BF_A","GCHAR778-19[BOLD:AAE8832]","Arthropoda","Insecta","Diptera","Simuliidae","Simuliinae","Simuliini","Simulium","Simulium excisum","0","100.00"
"KGLTK0103_BF_A","OPPOA1189-17[BOLD:AAE8832]","Arthropoda","Insecta","Diptera","Simuliidae","Simuliinae","Simuliini","Simulium","Simulium excisum","0","99.85"
"KGLTK0103_BF_A","JWDCD410-10[BOLD:AAE8832]","Arthropoda","Insecta","Diptera","Simuliidae","Simuliinae","Simuliini","Simulium","Simulium excisum","0","99.52"
"KGLTK0103_BF_A","SMTPM2561-15[BOLD:AAE8832]","Arthropoda","Insecta","Diptera","Simuliidae","Simuliinae","Simuliini","Simulium","Simulium excisum","0","99.48"
"KGLTK0103_BF_A","NBPSI162-11[BOLD:AAE8832]","Arthropoda","Insecta","Diptera","Simuliidae","Simuliinae","Simuliini","Simulium","Simulium excisum","0","99.24"
"KGLTK0103_BF_A","ACB184-06[BOLD:AAE8832]","Arthropoda","Insecta","Diptera","Simuliidae","Simuliinae","Simuliini","Simulium","Simulium excisum","0","99.19"
"KGLTK0103_BF_A","JWDCJ426-11[BOLD:AAE8832]","Arthropoda","Insecta","Diptera","Simuliidae","Simuliinae","Simuliini","Simulium","Simulium excisum","0","99.09"
"KGLTK0103_BF_A","SMTPB22283-13[BOLD:AAE8832]","Arthropoda","Insecta","Diptera","Simuliidae","Simuliinae","Simuliini","Simulium","Simulium excisum","0","99.09"
"KGLTK0103_BF_A","SMTPM2552-15[BOLD:AAE8832]","Arthropoda","Insecta","Diptera","Simuliidae","Simuliinae","Simuliini","Simulium","Simulium excisum","0","98.98"
"KGLTK0103_BF_A","AGAKD347-17[BOLD:AAE8832]","Arthropoda","Insecta","Diptera","Simuliidae","Simuliinae","Simuliini","Simulium","Simulium excisum","0","98.96"
"KGLTK0103_BF_A","ACB185-06[BOLD:AAE8832]","Arthropoda","Insecta","Diptera","Simuliidae","Simuliinae","Simuliini","Simulium","Simulium excisum","0","98.87"
"KGLTK0103_BF_A","FCHAR5232-19[BOLD:AAE8831]","Arthropoda","Insecta","Diptera","Simuliidae","Simuliinae","Simuliini","Simulium","Simulium excisum","0","98.02"
"KGLTK0103_BF_A","ACB183-06[BOLD:AAE8831]","Arthropoda","Insecta","Diptera","Simuliidae","Simuliinae","Simuliini","Simulium","Simulium excisum","0","97.90"
"KGLTK0103_BF_A","ACB182-06[BOLD:AAE8830]","Arthropoda","Insecta","Diptera","Simuliidae","Simuliinae","Simuliini","Simulium","Simulium excisum","0","96.93"
"KGLTK0107_BF_A","JWDCF837-10[BOLD:AAA1697]","Arthropoda","Insecta","Diptera","Simuliidae","Simuliinae","Simuliini","Simulium","Simulium verecundum complex","0","99.70"
"KGLTK0107_BF_A","MHCOL332-07[BOLD:AAA1697]","Arthropoda","Insecta","Diptera","Simuliidae","Simuliinae","Simuliini","Simulium","Simulium verecundum complex","0","99.70"
"KGLTK0107_BF_A","MHFLI388-07[BOLD:AAA1697]","Arthropoda","Insecta","Diptera","Simuliidae","Simuliinae","Simuliini","Simulium","Simulium verecundum complex","0","99.69"
"KGLTK0107_BF_A","GMOYM256-19[BOLD:AAA1697]","Arthropoda","Insecta","Diptera","Simuliidae","Simuliinae","Simuliini","Simulium","","0","99.54"
"KGLTK0107_BF_A","GMTRL5409-24[BOLD:AAA1697]","Arthropoda","Insecta","Diptera","Simuliidae","Simuliinae","Simuliini","Simulium","","0","99.54"
"KGLTK0107_BF_A","MCHAD165-19[BOLD:AAA1697]","Arthropoda","Insecta","Diptera","Simuliidae","Simuliinae","Simuliini","Simulium","","0","99.54"
"KGLTK0107_BF_A","NBPSI014-11[BOLD:AAA1697]","Arthropoda","Insecta","Diptera","Simuliidae","Simuliinae","Simuliini","Simulium","Simulium rostratum","0","99.54"
"KGLTK0107_BF_A","FLIMH022-08[BOLD:AAA1697]","Arthropoda","Insecta","Diptera","Simuliidae","Simuliinae","Simuliini","Simulium","Simulium verecundum complex","0","99.54"
"KGLTK0107_BF_A","JWDCA121-10[BOLD:AAA1697]","Arthropoda","Insecta","Diptera","Simuliidae","Simuliinae","Simuliini","Simulium","Simulium verecundum complex","0","99.54"
"KGLTK0107_BF_A","JWDCF851-10[BOLD:AAA1697]","Arthropoda","Insecta","Diptera","Simuliidae","Simuliinae","Simuliini","Simulium","Simulium verecundum complex","0","99.54"
"KGLTK0107_BF_A","JWDCI015-10[BOLD:AAA1697]","Arthropoda","Insecta","Diptera","Simuliidae","Simuliinae","Simuliini","Simulium","Simulium verecundum complex","0","99.54"
"KGLTK0107_BF_A","MHFLI310-07[BOLD:AAA1697]","Arthropoda","Insecta","Diptera","Simuliidae","Simuliinae","Simuliini","Simulium","Simulium verecundum complex","0","99.54"
"KGLTK0107_BF_A","MHFLY172-07[BOLD:AAA1697]","Arthropoda","Insecta","Diptera","Simuliidae","Simuliinae","Simuliini","Simulium","Simulium verecundum complex","0","99.54"
"KGLTK0107_BF_A","JWDCA133-10[BOLD:AAA1697]","Arthropoda","Insecta","Diptera","Simuliidae","Simuliinae","Simuliini","Simulium","Simulium verecundum complex","0","99.39"
"KGLTK0107_BF_A","JWDCB262-10[BOLD:AAA1697]","Arthropoda","Insecta","Diptera","Simuliidae","Simuliinae","Simuliini","Simulium","Simulium verecundum complex","0","99.39"
"KGLTK0107_BF_A","JWDCG456-10[BOLD:AAA1697]","Arthropoda","Insecta","Diptera","Simuliidae","Simuliinae","Simuliini","Simulium","Simulium verecundum complex","0","99.39"
"KGLTK0107_BF_A","JWDCG521-10[BOLD:AAA1697]","Arthropoda","Insecta","Diptera","Simuliidae","Simuliinae","Simuliini","Simulium","Simulium verecundum complex","0","99.39"
"KGLTK0107_BF_A","JWDCG708-10[BOLD:AAA1697]","Arthropoda","Insecta","Diptera","Simuliidae","Simuliinae","Simuliini","Simulium","Simulium verecundum complex","0","99.39"
"KGLTK0107_BF_A","JWDCG709-10[BOLD:AAA1697]","Arthropoda","Insecta","Diptera","Simuliidae","Simuliinae","Simuliini","Simulium","Simulium verecundum complex","0","99.39"
"KGLTK0107_BF_A","JWDCH232-10[BOLD:AAA1697]","Arthropoda","Insecta","Diptera","Simuliidae","Simuliinae","Simuliini","Simulium","Simulium verecundum complex","0","99.39"
"KGLTK0107_BF_A","JWDCH442-10[BOLD:AAA1697]","Arthropoda","Insecta","Diptera","Simuliidae","Simuliinae","Simuliini","Simulium","Simulium verecundum complex","0","99.39"
"KGLTK0107_BF_A","JWDCJ1226-11[BOLD:AAA1697]","Arthropoda","Insecta","Diptera","Simuliidae","Simuliinae","Simuliini","Simulium","Simulium verecundum complex","0","99.39"
"KGLTK0107_BF_A","JWDCJ1304-11[BOLD:AAA1697]","Arthropoda","Insecta","Diptera","Simuliidae","Simuliinae","Simuliini","Simulium","Simulium verecundum complex","0","99.39"
"KGLTK0107_BF_A","JWDCK173-11[BOLD:AAA1697]","Arthropoda","Insecta","Diptera","Simuliidae","Simuliinae","Simuliini","Simulium","Simulium verecundum complex","0","99.39"
"KGLTK0107_BF_A","JWDCL172-11[BOLD:AAA1697]","Arthropoda","Insecta","Diptera","Simuliidae","Simuliinae","Simuliini","Simulium","Simulium verecundum complex","0","99.39"
"KGLTK0112_BF_B","SMTPO10372-15[BOLD:AAL8152]","Arthropoda","Insecta","Diptera","Simuliidae","Simuliinae","Simuliini","Simulium","Simulium congareenarum","0","97.93"
"KGLTK0112_BF_B","SSFDA1960-14[BOLD:AAE8842]","Arthropoda","Insecta","Diptera","Simuliidae","Simuliinae","Simuliini","Simulium","","0","97.71"
"KGLTK0112_BF_B","SSFDA4875-14[BOLD:AAE8842]","Arthropoda","Insecta","Diptera","Simuliidae","Simuliinae","Simuliini","Simulium","","2","95.80"
"KGLTK0112_BF_B","SSKUB6253-15[BOLD:AAL8152]","Arthropoda","Insecta","Diptera","Simuliidae","Simuliinae","Simuliini","Simulium","Simulium congareenarum","2","95.57"
"KGLTK0112_BF_B","SSKOA1945-15[BOLD:AAL8152]","Arthropoda","Insecta","Diptera","Simuliidae","Simuliinae","Simuliini","Simulium","Simulium congareenarum","2","95.48"
"KGLTK0112_BF_B","ACBB749-09[BOLD:AAL8152]","Arthropoda","Insecta","Diptera","Simuliidae","Simuliinae","Simuliini","Simulium","","2","95.12"
"KGLTK0112_BF_B","JWDCH828-10[BOLD:AAL8152]","Arthropoda","Insecta","Diptera","Simuliidae","Simuliinae","Simuliini","Simulium","Simulium congareenarum","2","95.12"
"KGLTK0112_BF_B","FCHAR6774-19[BOLD:AAL8152]","Arthropoda","Insecta","Diptera","Simuliidae","Simuliinae","Simuliini","Simulium","Simulium congareenarum","2","95.08"
"KGLTK0112_BF_B","ACBB750-09[BOLD:AAL8152]","Arthropoda","Insecta","Diptera","Simuliidae","Simuliinae","Simuliini","Simulium","","2","94.97"
"KGLTK0112_BF_B","NBPSI033-11[BOLD:AAL8152]","Arthropoda","Insecta","Diptera","Simuliidae","Simuliinae","Simuliini","Simulium","Simulium congareenarum","2","94.97"
"KGLTK0112_BF_B","SSBAC3848-12[BOLD:AAE8842]","Arthropoda","Insecta","Diptera","Simuliidae","Simuliinae","Simuliini","Simulium","","2","94.93"
"KGLTK0112_BF_B","SSFDA402-14[BOLD:AAE8842]","Arthropoda","Insecta","Diptera","Simuliidae","Simuliinae","Simuliini","Simulium","","2","94.92"
"KGLTK0112_BF_B","NBPSI160-11[BOLD:AAE8842]","Arthropoda","Insecta","Diptera","Simuliidae","Simuliinae","Simuliini","Simulium","Simulium anatinum","2","94.82"
"KGLTK0112_BF_B","JWDCD256-10[BOLD:AAE8842]","Arthropoda","Insecta","Diptera","Simuliidae","Simuliinae","Simuliini","Simulium","Simulium anatinum/randalense","2","94.82"
"KGLTK0112_BF_B","JWDCD274-10[BOLD:AAE8842]","Arthropoda","Insecta","Diptera","Simuliidae","Simuliinae","Simuliini","Simulium","Simulium anatinum/randalense","2","94.66"
"KGLTK0112_BF_B","JWDCD390-10[BOLD:AAE8842]","Arthropoda","Insecta","Diptera","Simuliidae","Simuliinae","Simuliini","Simulium","Simulium anatinum/randalense","2","94.66"
"KGLTK0112_BF_B","JWDCD411-10[BOLD:AAE8842]","Arthropoda","Insecta","Diptera","Simuliidae","Simuliinae","Simuliini","Simulium","Simulium anatinum/randalense","2","94.53"
"KGLTK0112_BF_B","JWDCD257-10[BOLD:AAE8842]","Arthropoda","Insecta","Diptera","Simuliidae","Simuliinae","Simuliini","Simulium","Simulium anatinum/randalense","2","94.51"
"KGLTK0112_BF_B","ACB200-06[BOLD:AAE8842]","Arthropoda","Insecta","Diptera","Simuliidae","Simuliinae","Simuliini","Simulium","Simulium anatinum","2","94.48"
"KGLTK0112_BF_B","GBDP7328-09[BOLD:AAE8842]","Arthropoda","Insecta","Diptera","Simuliidae","Simuliinae","Simuliini","Simulium","Simulium anatinum","2","94.46"
"KGLTK0113_BF_E","AMCAM327-20[BOLD:AAC0365]","Arthropoda","Insecta","Diptera","Simuliidae","Simuliinae","Simuliini","Simulium","Simulium decimatum","0","95.25"
"KGLTK0113_BF_E","MHFLY258-07[BOLD:AAC0365]","Arthropoda","Insecta","Diptera","Simuliidae","Simuliinae","Simuliini","Simulium","Simulium decimatum","0","95.20"
"KGLTK0113_BF_E","AMCAM268-20[BOLD:AAC0365]","Arthropoda","Insecta","Diptera","Simuliidae","Simuliinae","Simuliini","Simulium","Simulium decimatum","0","95.14"
"KGLTK0113_BF_E","JWDCH895-10[BOLD:AAC0365]","Arthropoda","Insecta","Diptera","Simuliidae","Simuliinae","Simuliini","Simulium","Simulium decimatum","0","95.14"
"KGLTK0113_BF_E","AMCAM104-20[BOLD:AAC0365]","Arthropoda","Insecta","Diptera","Simuliidae","Simuliinae","Simuliini","Simulium","Simulium decimatum","0","95.12"
"KGLTK0113_BF_E","MCHAC238-19[BOLD:AAC0365]","Arthropoda","Insecta","Diptera","Simuliidae","Simuliinae","Simuliini","Simulium","Simulium decimatum","0","95.12"
"KGLTK0113_BF_E","AMCAM151-20[BOLD:AAC0365]","Arthropoda","Insecta","Diptera","Simuliidae","Simuliinae","Simuliini","Simulium","Simulium decimatum","0","95.11"
"KGLTK0113_BF_E","AMCAM170-20[BOLD:AAC0365]","Arthropoda","Insecta","Diptera","Simuliidae","Simuliinae","Simuliini","Simulium","Simulium decimatum","0","95.11"
"KGLTK0113_BF_E","AMCAM314-20[BOLD:AAC0365]","Arthropoda","Insecta","Diptera","Simuliidae","Simuliinae","Simuliini","Simulium","Simulium decimatum","0","95.11"
"KGLTK0113_BF_E","AMCAM361-20[BOLD:AAC0365]","Arthropoda","Insecta","Diptera","Simuliidae","Simuliinae","Simuliini","Simulium","Simulium decimatum","0","95.11"
"KGLTK0113_BF_E","AMCAM263-20[BOLD:AAC0365]","Arthropoda","Insecta","Diptera","Simuliidae","Simuliinae","Simuliini","Simulium","Simulium decimatum","0","95.10"
"KGLTK0113_BF_E","AMCAM308-20[BOLD:AAC0365]","Arthropoda","Insecta","Diptera","Simuliidae","Simuliinae","Simuliini","Simulium","Simulium decimatum","0","95.10"
"KGLTK0113_BF_E","AMCAM221-20[BOLD:AAC0365]","Arthropoda","Insecta","Diptera","Simuliidae","Simuliinae","Simuliini","Simulium","Simulium decimatum","0","95.09"
"KGLTK0113_BF_E","AMCAM366-20[BOLD:AAC0365]","Arthropoda","Insecta","Diptera","Simuliidae","Simuliinae","Simuliini","Simulium","Simulium decimatum","0","95.09"
"KGLTK0113_BF_E","MCHAA538-19[BOLD:AAC0365]","Arthropoda","Insecta","Diptera","Simuliidae","Simuliinae","Simuliini","Simulium","Simulium decimatum","0","94.96"
"KGLTK0113_BF_E","MCHAE735-19[BOLD:AAC0365]","Arthropoda","Insecta","Diptera","Simuliidae","Simuliinae","Simuliini","Simulium","Simulium decimatum","0","94.96"
"KGLTK0113_BF_E","AMCAM084-20[BOLD:AAC0365]","Arthropoda","Insecta","Diptera","Simuliidae","Simuliinae","Simuliini","Simulium","Simulium decimatum","0","94.95"
"KGLTK0113_BF_E","AMCAM213-20[BOLD:AAC0365]","Arthropoda","Insecta","Diptera","Simuliidae","Simuliinae","Simuliini","Simulium","Simulium decimatum","0","94.95"
"KGLTK0113_BF_E","AMCAM256-20[BOLD:AAC0365]","Arthropoda","Insecta","Diptera","Simuliidae","Simuliinae","Simuliini","Simulium","Simulium decimatum","0","94.95"
"KGLTK0113_BF_E","GCHAR742-19[BOLD:AAC0365]","Arthropoda","Insecta","Diptera","Simuliidae","Simuliinae","Simuliini","Simulium","Simulium decimatum","0","94.94"
"KGLTK0113_BF_E","AMCAM094-20[BOLD:AAC0365]","Arthropoda","Insecta","Diptera","Simuliidae","Simuliinae","Simuliini","Simulium","Simulium decimatum","0","94.82"
"KGLTK0113_BF_E","AMCAM070-20[BOLD:AAC0365]","Arthropoda","Insecta","Diptera","Simuliidae","Simuliinae","Simuliini","Simulium","Simulium decimatum","0","94.80"
"KGLTK0113_BF_E","AMCAM255-20[BOLD:AAC0365]","Arthropoda","Insecta","Diptera","Simuliidae","Simuliinae","Simuliini","Simulium","Simulium decimatum","0","94.80"
"KGLTK0113_BF_E","MCHAC1604-19[BOLD:AAC0365]","Arthropoda","Insecta","Diptera","Simuliidae","Simuliinae","Simuliini","Simulium","Simulium decimatum","0","94.80"
"KGLTK0113_BF_E","AMCAM325-20[BOLD:AAC0365]","Arthropoda","Insecta","Diptera","Simuliidae","Simuliinae","Simuliini","Simulium","Simulium decimatum","0","94.79"
"KGLTK0137_BF_A","ABOTH4803-22[BOLD:AAA8323]","Arthropoda","Insecta","Diptera","Simuliidae","Simuliinae","Simuliini","Simulium","Simulium silvestre","0","100.00"
"KGLTK0137_BF_A","AMCAP181-20[BOLD:AAA8323]","Arthropoda","Insecta","Diptera","Simuliidae","Simuliinae","Simuliini","Simulium","Simulium silvestre","0","100.00"
"KGLTK0137_BF_A","BBDCM717-10[BOLD:AAA8323]","Arthropoda","Insecta","Diptera","Simuliidae","Simuliinae","Simuliini","Simulium","Simulium silvestre","0","100.00"
"KGLTK0137_BF_A","BCHAR2502-18[BOLD:AAA8323]","Arthropoda","Insecta","Diptera","Simuliidae","Simuliinae","Simuliini","Simulium","Simulium silvestre","0","100.00"
"KGLTK0137_BF_A","CNJAD1610-12[BOLD:AAA8323]","Arthropoda","Insecta","Diptera","Simuliidae","Simuliinae","Simuliini","Simulium","Simulium silvestre","0","100.00"
"KGLTK0137_BF_A","FCHAR3519-19[BOLD:AAA8323]","Arthropoda","Insecta","Diptera","Simuliidae","Simuliinae","Simuliini","Simulium","Simulium silvestre","0","100.00"
"KGLTK0137_BF_A","FCHAR3520-19[BOLD:AAA8323]","Arthropoda","Insecta","Diptera","Simuliidae","Simuliinae","Simuliini","Simulium","Simulium silvestre","0","100.00"
"KGLTK0137_BF_A","FCHAR3557-19[BOLD:AAA8323]","Arthropoda","Insecta","Diptera","Simuliidae","Simuliinae","Simuliini","Simulium","Simulium silvestre","0","100.00"
"KGLTK0137_BF_A","FCHAR3752-19[BOLD:AAA8323]","Arthropoda","Insecta","Diptera","Simuliidae","Simuliinae","Simuliini","Simulium","Simulium silvestre","0","100.00"
"KGLTK0137_BF_A","BBDCQ572-10[BOLD:AAA8323]","Arthropoda","Insecta","Diptera","Simuliidae","Simuliinae","Simuliini","Simulium","Simulium silvestre","0","99.85"
"KGLTK0137_BF_A","FCHAR3851-19[BOLD:AAA8323]","Arthropoda","Insecta","Diptera","Simuliidae","Simuliinae","Simuliini","Simulium","Simulium silvestre","0","99.85"
"KGLTK0137_BF_A","FCHAR4021-19[BOLD:AAA8323]","Arthropoda","Insecta","Diptera","Simuliidae","Simuliinae","Simuliini","Simulium","Simulium silvestre","0","99.85"
"KGLTK0137_BF_A","GMOLA508-18[BOLD:AAA8323]","Arthropoda","Insecta","Diptera","Simuliidae","Simuliinae","Simuliini","Simulium","Simulium silvestre","0","99.85"
"KGLTK0137_BF_A","GMOLC334-19[BOLD:AAA8323]","Arthropoda","Insecta","Diptera","Simuliidae","Simuliinae","Simuliini","Simulium","Simulium silvestre","0","99.85"
"KGLTK0137_BF_A","GMOQJ731-19[BOLD:AAA8323]","Arthropoda","Insecta","Diptera","Simuliidae","Simuliinae","Simuliini","Simulium","Simulium silvestre","0","99.85"
"KGLTK0137_BF_A","JWDCL384-11[BOLD:AAA8323]","Arthropoda","Insecta","Diptera","Simuliidae","Simuliinae","Simuliini","Simulium","Simulium silvestre","0","99.85"
"KGLTK0137_BF_A","OPPFC911-17[BOLD:AAA8323]","Arthropoda","Insecta","Diptera","Simuliidae","Simuliinae","Simuliini","Simulium","Simulium silvestre","0","99.85"
"KGLTK0137_BF_A","CNJAC336-12[BOLD:AAA8323]","Arthropoda","Insecta","Diptera","Simuliidae","Simuliinae","Simuliini","Simulium","Simulium silvestre","0","99.84"
"KGLTK0137_BF_A","CNPAG176-13[BOLD:AAA8323]","Arthropoda","Insecta","Diptera","Simuliidae","Simuliinae","Simuliini","Simulium","Simulium silvestre","0","99.84"
"KGLTK0137_BF_A","GMORG347-19[BOLD:AAA8323]","Arthropoda","Insecta","Diptera","Simuliidae","Simuliinae","Simuliini","Simulium","Simulium silvestre","0","99.84"
"KGLTK0137_BF_A","FCHAR3751-19[BOLD:AAA8323]","Arthropoda","Insecta","Diptera","Simuliidae","Simuliinae","Simuliini","Simulium","Simulium silvestre","0","99.69"
"KGLTK0137_BF_A","NBPSI115-11[BOLD:AAA8323]","Arthropoda","Insecta","Diptera","Simuliidae","Simuliinae","Simuliini","Simulium","Simulium silvestre","0","99.09"
"KGLTK0137_BF_A","NBPSI114-11[BOLD:AAA8323]","Arthropoda","Insecta","Diptera","Simuliidae","Simuliinae","Simuliini","Simulium","Simulium silvestre","0","98.94"
"KGLTK0137_BF_A","OPPOC1831-17[BOLD:AAA8323]","Arthropoda","Insecta","Diptera","Simuliidae","Simuliinae","Simuliini","Simulium","Simulium silvestre","0","98.78"
"KGLTK0137_BF_A","JSMAY160-11[BOLD:AAA8323]","Arthropoda","Insecta","Diptera","Simuliidae","Simuliinae","Simuliini","Simulium","Simulium silvestre","0","98.48"
"KGLTK0137_BF_B","GMOLH571-15[BOLD:ACF5372]","Arthropoda","Insecta","Diptera","Simuliidae","Simuliinae","Simuliini","Simulium","Simulium murmanum","0","100.00"
"KGLTK0137_BF_B","ACB246-06[BOLD:ACF5372]","Arthropoda","Insecta","Diptera","Simuliidae","Simuliinae","Simuliini","Simulium","Simulium murmanum","0","99.19"
"KGLTK0137_BF_B","GBDP7174-09[BOLD:ACF5372]","Arthropoda","Insecta","Diptera","Simuliidae","Simuliinae","Simuliini","Simulium","Simulium murmanum","0","99.19"
"KGLTK0137_BF_B","EBADI029-17[BOLD:ACE5013]","Arthropoda","Insecta","Diptera","Simuliidae","","","","","0","98.78"
"KGLTK0137_BF_B","TRDNE034-15[BOLD:ACE5013]","Arthropoda","Insecta","Diptera","Simuliidae","Simuliinae","Simuliini","Simulium","","0","98.78"
"KGLTK0137_BF_B","FISIM182-11[BOLD:ACE5013]","Arthropoda","Insecta","Diptera","Simuliidae","Simuliinae","Simuliini","Simulium","Simulium murmanum","0","98.78"
"KGLTK0137_BF_B","LPKIL1043-22[BOLD:ACE5013]","Arthropoda","Insecta","Diptera","Simuliidae","Simuliinae","Simuliini","Simulium","Simulium murmanum","0","98.77"
"KGLTK0137_BF_B","NOSIM019-10[BOLD:ACE5013]","Arthropoda","Insecta","Diptera","Simuliidae","Simuliinae","Simuliini","Simulium","Simulium murmanum","0","98.76"
"KGLTK0137_BF_B","ACB254-06[BOLD:ACF5372]","Arthropoda","Insecta","Diptera","Simuliidae","Simuliinae","Simuliini","Simulium","Simulium murmanum","0","98.71"
"KGLTK0137_BF_B","BSNHM5636-25[BOLD:ACE5013]","Arthropoda","Insecta","Diptera","Simuliidae","Simuliinae","Simuliini","Simulium","Simulium argyreatum","0","98.63"
"KGLTK0137_BF_B","GBAAZ29907-24[BOLD:AAB5898]","Arthropoda","Insecta","Diptera","Simuliidae","Simuliinae","Simuliini","Simulium","Simulium guiyangense","0","98.63"
"KGLTK0137_BF_B","FISIM184-11[BOLD:ACE5013]","Arthropoda","Insecta","Diptera","Simuliidae","Simuliinae","Simuliini","Simulium","Simulium murmanum","0","98.63"
"KGLTK0137_BF_B","NOSIM020-10[BOLD:ACE5013]","Arthropoda","Insecta","Diptera","Simuliidae","Simuliinae","Simuliini","Simulium","Simulium murmanum","0","98.60"
"KGLTK0137_BF_B","ACBB712-09[BOLD:AAB5898]","Arthropoda","Insecta","Diptera","Simuliidae","Simuliinae","Simuliini","Simulium","Simulium murmanum","0","98.48"
"KGLTK0137_BF_B","EBADI026-17[BOLD:ACE5013]","Arthropoda","Insecta","Diptera","Simuliidae","Simuliinae","Simuliini","Simulium","Simulium murmanum","0","98.48"
"KGLTK0137_BF_B","EBADI030-17[BOLD:ACE5013]","Arthropoda","Insecta","Diptera","Simuliidae","Simuliinae","Simuliini","Simulium","Simulium murmanum","0","98.48"
"KGLTK0137_BF_B","FISIM181-11[BOLD:ACE5013]","Arthropoda","Insecta","Diptera","Simuliidae","Simuliinae","Simuliini","Simulium","Simulium murmanum","0","98.48"
"KGLTK0137_BF_B","GBAAM34286-25[BOLD:ACE5013]","Arthropoda","Insecta","Diptera","Simuliidae","Simuliinae","Simuliini","Simulium","Simulium murmanum","0","98.41"
"KGLTK0137_BF_B","ACB243-06[BOLD:AAB5898]","Arthropoda","Insecta","Diptera","Simuliidae","Simuliinae","Simuliini","Simulium","Simulium murmanum","0","98.38"
"KGLTK0137_BF_B","ACB245-06[BOLD:AAB5898]","Arthropoda","Insecta","Diptera","Simuliidae","Simuliinae","Simuliini","Simulium","Simulium murmanum","0","98.38"
"KGLTK0137_BF_B","FISIM185-11[BOLD:ACE5013]","Arthropoda","Insecta","Diptera","Simuliidae","Simuliinae","Simuliini","Simulium","Simulium murmanum","0","98.33"
"KGLTK0137_BF_B","AMCAM243-20[BOLD:AAB5898]","Arthropoda","Insecta","Diptera","Simuliidae","Simuliinae","Simuliini","Simulium","Simulium murmanum","0","98.32"
"KGLTK0137_BF_B","NOSIM018-10[BOLD:ACE5013]","Arthropoda","Insecta","Diptera","Simuliidae","Simuliinae","Simuliini","Simulium","Simulium murmanum","0","98.29"
"KGLTK0137_BF_B","FISIM183-11[BOLD:ACE5013]","Arthropoda","Insecta","Diptera","Simuliidae","Simuliinae","Simuliini","Simulium","Simulium murmanum","0","98.18"
"KGLTK0137_BF_B","NOSIM017-10[BOLD:ACE5013]","Arthropoda","Insecta","Diptera","Simuliidae","Simuliinae","Simuliini","Simulium","Simulium murmanum","0","98.14"
"KGLTK0137_BF_C","GBAAZ29907-24[BOLD:AAB5898]","Arthropoda","Insecta","Diptera","Simuliidae","Simuliinae","Simuliini","Simulium","Simulium guiyangense","0","94.82"
"KGLTK0137_BF_C","GMOLH571-15[BOLD:ACF5372]","Arthropoda","Insecta","Diptera","Simuliidae","Simuliinae","Simuliini","Simulium","Simulium murmanum","0","94.82"
"KGLTK0137_BF_C","NOSIM020-10[BOLD:ACE5013]","Arthropoda","Insecta","Diptera","Simuliidae","Simuliinae","Simuliini","Simulium","Simulium murmanum","0","94.72"
"KGLTK0137_BF_C","GBMIN39548-13[BOLD:ACE5013]","Arthropoda","Insecta","Diptera","Simuliidae","Simuliinae","Simuliini","Simulium","Simulium murmanum","0","94.71"
"KGLTK0137_BF_C","EBADI029-17[BOLD:ACE5013]","Arthropoda","Insecta","Diptera","Simuliidae","","","","","0","94.67"
"KGLTK0137_BF_C","TRDNE034-15[BOLD:ACE5013]","Arthropoda","Insecta","Diptera","Simuliidae","Simuliinae","Simuliini","Simulium","","0","94.67"
"KGLTK0137_BF_C","FISIM182-11[BOLD:ACE5013]","Arthropoda","Insecta","Diptera","Simuliidae","Simuliinae","Simuliini","Simulium","Simulium murmanum","0","94.67"
"KGLTK0137_BF_C","LPKIL1043-22[BOLD:ACE5013]","Arthropoda","Insecta","Diptera","Simuliidae","Simuliinae","Simuliini","Simulium","Simulium murmanum","0","94.63"
"KGLTK0137_BF_C","NOSIM019-10[BOLD:ACE5013]","Arthropoda","Insecta","Diptera","Simuliidae","Simuliinae","Simuliini","Simulium","Simulium murmanum","0","94.57"
"KGLTK0137_BF_C","GBAAM34303-25[BOLD:ACE5013]","Arthropoda","Insecta","Diptera","Simuliidae","Simuliinae","Simuliini","Simulium","Simulium murmanum","0","94.55"
"KGLTK0137_BF_C","EBADI026-17[BOLD:ACE5013]","Arthropoda","Insecta","Diptera","Simuliidae","Simuliinae","Simuliini","Simulium","Simulium murmanum","0","94.52"
"KGLTK0137_BF_C","FISIM184-11[BOLD:ACE5013]","Arthropoda","Insecta","Diptera","Simuliidae","Simuliinae","Simuliini","Simulium","Simulium murmanum","0","94.52"
"KGLTK0137_BF_C","BSNHM5636-25[BOLD:ACE5013]","Arthropoda","Insecta","Diptera","Simuliidae","Simuliinae","Simuliini","Simulium","Simulium argyreatum","0","94.51"
"KGLTK0137_BF_C","NOSIM018-10[BOLD:ACE5013]","Arthropoda","Insecta","Diptera","Simuliidae","Simuliinae","Simuliini","Simulium","Simulium murmanum","0","94.41"
"KGLTK0137_BF_C","ACBB712-09[BOLD:AAB5898]","Arthropoda","Insecta","Diptera","Simuliidae","Simuliinae","Simuliini","Simulium","Simulium murmanum","0","94.37"
"KGLTK0137_BF_C","EBADI030-17[BOLD:ACE5013]","Arthropoda","Insecta","Diptera","Simuliidae","Simuliinae","Simuliini","Simulium","Simulium murmanum","0","94.37"
"KGLTK0137_BF_C","FISIM181-11[BOLD:ACE5013]","Arthropoda","Insecta","Diptera","Simuliidae","Simuliinae","Simuliini","Simulium","Simulium murmanum","0","94.37"
"KGLTK0137_BF_C","FISIM183-11[BOLD:ACE5013]","Arthropoda","Insecta","Diptera","Simuliidae","Simuliinae","Simuliini","Simulium","Simulium murmanum","0","94.37"
"KGLTK0137_BF_C","FISIM185-11[BOLD:ACE5013]","Arthropoda","Insecta","Diptera","Simuliidae","Simuliinae","Simuliini","Simulium","Simulium murmanum","0","94.37"
"KGLTK0137_BF_C","GBAAM34286-25[BOLD:ACE5013]","Arthropoda","Insecta","Diptera","Simuliidae","Simuliinae","Simuliini","Simulium","Simulium murmanum","0","94.26"
"KGLTK0137_BF_C","AMCAM243-20[BOLD:AAB5898]","Arthropoda","Insecta","Diptera","Simuliidae","Simuliinae","Simuliini","Simulium","Simulium murmanum","0","94.20"
"KGLTK0137_BF_C","ACB243-06[BOLD:AAB5898]","Arthropoda","Insecta","Diptera","Simuliidae","Simuliinae","Simuliini","Simulium","Simulium murmanum","0","94.00"
"KGLTK0137_BF_C","ACB245-06[BOLD:AAB5898]","Arthropoda","Insecta","Diptera","Simuliidae","Simuliinae","Simuliini","Simulium","Simulium murmanum","0","94.00"
"KGLTK0137_BF_C","ACB247-06[BOLD:AAB5898]","Arthropoda","Insecta","Diptera","Simuliidae","Simuliinae","Simuliini","Simulium","Simulium murmanum","0","94.00"
"KGLTK0137_BF_C","ACB253-06[BOLD:AAB5898]","Arthropoda","Insecta","Diptera","Simuliidae","Simuliinae","Simuliini","Simulium","Simulium murmanum","0","94.00"
"KGLTK0137_BF_D","BBDCQ572-10[BOLD:AAA8323]","Arthropoda","Insecta","Diptera","Simuliidae","Simuliinae","Simuliini","Simulium","Simulium silvestre","0","95.44"
"KGLTK0137_BF_D","OPPFC911-17[BOLD:AAA8323]","Arthropoda","Insecta","Diptera","Simuliidae","Simuliinae","Simuliini","Simulium","Simulium silvestre","0","95.44"
"KGLTK0137_BF_D","FCHAR3519-19[BOLD:AAA8323]","Arthropoda","Insecta","Diptera","Simuliidae","Simuliinae","Simuliini","Simulium","Simulium silvestre","0","95.41"
"KGLTK0137_BF_D","FCHAR3752-19[BOLD:AAA8323]","Arthropoda","Insecta","Diptera","Simuliidae","Simuliinae","Simuliini","Simulium","Simulium silvestre","0","95.41"
"KGLTK0137_BF_D","AMCAP181-20[BOLD:AAA8323]","Arthropoda","Insecta","Diptera","Simuliidae","Simuliinae","Simuliini","Simulium","Simulium silvestre","0","95.40"
"KGLTK0137_BF_D","FCHAR3520-19[BOLD:AAA8323]","Arthropoda","Insecta","Diptera","Simuliidae","Simuliinae","Simuliini","Simulium","Simulium silvestre","0","95.40"
"KGLTK0137_BF_D","BCHAR2502-18[BOLD:AAA8323]","Arthropoda","Insecta","Diptera","Simuliidae","Simuliinae","Simuliini","Simulium","Simulium silvestre","0","95.39"
"KGLTK0137_BF_D","FCHAR3557-19[BOLD:AAA8323]","Arthropoda","Insecta","Diptera","Simuliidae","Simuliinae","Simuliini","Simulium","Simulium silvestre","0","95.39"
"KGLTK0137_BF_D","GMORG347-19[BOLD:AAA8323]","Arthropoda","Insecta","Diptera","Simuliidae","Simuliinae","Simuliini","Simulium","Simulium silvestre","0","95.35"
"KGLTK0137_BF_D","BBDCM717-10[BOLD:AAA8323]","Arthropoda","Insecta","Diptera","Simuliidae","Simuliinae","Simuliini","Simulium","Simulium silvestre","0","95.29"
"KGLTK0137_BF_D","ABOTH4803-22[BOLD:AAA8323]","Arthropoda","Insecta","Diptera","Simuliidae","Simuliinae","Simuliini","Simulium","Simulium silvestre","0","95.27"
"KGLTK0137_BF_D","FCHAR3851-19[BOLD:AAA8323]","Arthropoda","Insecta","Diptera","Simuliidae","Simuliinae","Simuliini","Simulium","Simulium silvestre","0","95.25"
"KGLTK0137_BF_D","GMOLA508-18[BOLD:AAA8323]","Arthropoda","Insecta","Diptera","Simuliidae","Simuliinae","Simuliini","Simulium","Simulium silvestre","0","95.25"
"KGLTK0137_BF_D","GMOLC334-19[BOLD:AAA8323]","Arthropoda","Insecta","Diptera","Simuliidae","Simuliinae","Simuliini","Simulium","Simulium silvestre","0","95.25"
"KGLTK0137_BF_D","GMOQJ731-19[BOLD:AAA8323]","Arthropoda","Insecta","Diptera","Simuliidae","Simuliinae","Simuliini","Simulium","Simulium silvestre","0","95.22"
"KGLTK0137_BF_D","JWDCL384-11[BOLD:AAA8323]","Arthropoda","Insecta","Diptera","Simuliidae","Simuliinae","Simuliini","Simulium","Simulium silvestre","0","95.14"
"KGLTK0137_BF_D","FCHAR4021-19[BOLD:AAA8323]","Arthropoda","Insecta","Diptera","Simuliidae","Simuliinae","Simuliini","Simulium","Simulium silvestre","0","95.13"
"KGLTK0137_BF_D","FCHAR3751-19[BOLD:AAA8323]","Arthropoda","Insecta","Diptera","Simuliidae","Simuliinae","Simuliini","Simulium","Simulium silvestre","0","95.09"
"KGLTK0137_BF_D","NBPSI115-11[BOLD:AAA8323]","Arthropoda","Insecta","Diptera","Simuliidae","Simuliinae","Simuliini","Simulium","Simulium silvestre","0","94.68"
"KGLTK0137_BF_D","OPPOC1831-17[BOLD:AAA8323]","Arthropoda","Insecta","Diptera","Simuliidae","Simuliinae","Simuliini","Simulium","Simulium silvestre","0","94.68"
"KGLTK0137_BF_D","GMOQJ865-19[BOLD:AAA8323]","Arthropoda","Insecta","Diptera","Simuliidae","Simuliinae","Simuliini","Simulium","Simulium silvestre","0","94.63"
"KGLTK0137_BF_D","GMCLV458-24[BOLD:AHF9658]","Arthropoda","Insecta","Diptera","Simuliidae","Simuliinae","Simuliini","Simulium","Simulium silvestre","0","94.53"
"KGLTK0137_BF_D","NBPSI114-11[BOLD:AAA8323]","Arthropoda","Insecta","Diptera","Simuliidae","Simuliinae","Simuliini","Simulium","Simulium silvestre","0","94.53"
"KGLTK0137_BF_D","BBDCQ566-10[BOLD:AAA8323]","Arthropoda","Insecta","Diptera","Simuliidae","Simuliinae","Simuliini","Simulium","Simulium silvestre","0","94.38"
"KGLTK0137_BF_D","GMCLV448-24[BOLD:AHF9658]","Arthropoda","Insecta","Diptera","Simuliidae","Simuliinae","Simuliini","Simulium","Simulium silvestre","0","94.38"
"KGLTK0137_BF_E","CNPKM031-14[BOLD:AAA8323]","Arthropoda","Insecta","Diptera","Simuliidae","Simuliinae","Simuliini","Simulium","Simulium silvestre","0","98.30"
"KGLTK0137_BF_E","CNTUB1391-14[BOLD:AAA8323]","Arthropoda","Insecta","Diptera","Simuliidae","Simuliinae","Simuliini","Simulium","Simulium silvestre","0","98.30"
"KGLTK0137_BF_E","CNLMD752-14[BOLD:AAA8323]","Arthropoda","Insecta","Diptera","Simuliidae","Simuliinae","Simuliini","Simulium","Simulium silvestre","0","97.54"
"KGLTK0137_BF_E","CNKJC115-14[BOLD:AAA8323]","Arthropoda","Insecta","Diptera","Simuliidae","Simuliinae","Simuliini","Simulium","Simulium silvestre","0","97.16"
"KGLTK0137_BF_E","CNLMN415-14[BOLD:AAA8323]","Arthropoda","Insecta","Diptera","Simuliidae","Simuliinae","Simuliini","Simulium","Simulium silvestre","0","97.11"
"KGLTK0137_BF_E","CNWLM449-13[BOLD:AAA8323]","Arthropoda","Insecta","Diptera","Simuliidae","Simuliinae","Simuliini","Simulium","Simulium silvestre","0","97.09"
"KGLTK0137_BF_E","CNTNE239-14[BOLD:AAA8323]","Arthropoda","Insecta","Diptera","Simuliidae","Simuliinae","Simuliini","Simulium","Simulium silvestre","0","96.79"
"KGLTK0137_BF_E","CNTNF405-14[BOLD:AAA8323]","Arthropoda","Insecta","Diptera","Simuliidae","Simuliinae","Simuliini","Simulium","Simulium silvestre","0","96.40"
"KGLTK0137_BF_E","CNWLM366-13[BOLD:AAA8323]","Arthropoda","Insecta","Diptera","Simuliidae","Simuliinae","Simuliini","Simulium","Simulium silvestre","0","96.35"
"KGLTK0137_BF_E","JWDCL384-11[BOLD:AAA8323]","Arthropoda","Insecta","Diptera","Simuliidae","Simuliinae","Simuliini","Simulium","Simulium silvestre","0","94.82"
"KGLTK0137_BF_E","GMOQJ731-19[BOLD:AAA8323]","Arthropoda","Insecta","Diptera","Simuliidae","Simuliinae","Simuliini","Simulium","Simulium silvestre","0","94.75"
"KGLTK0137_BF_E","BBDCM717-10[BOLD:AAA8323]","Arthropoda","Insecta","Diptera","Simuliidae","Simuliinae","Simuliini","Simulium","Simulium silvestre","0","94.67"
"KGLTK0137_BF_E","ABOTH4803-22[BOLD:AAA8323]","Arthropoda","Insecta","Diptera","Simuliidae","Simuliinae","Simuliini","Simulium","Simulium silvestre","0","94.66"
"KGLTK0137_BF_E","FCHAR3520-19[BOLD:AAA8323]","Arthropoda","Insecta","Diptera","Simuliidae","Simuliinae","Simuliini","Simulium","Simulium silvestre","0","94.65"
"KGLTK0137_BF_E","FCHAR3752-19[BOLD:AAA8323]","Arthropoda","Insecta","Diptera","Simuliidae","Simuliinae","Simuliini","Simulium","Simulium silvestre","0","94.65"
"KGLTK0137_BF_E","FCHAR3851-19[BOLD:AAA8323]","Arthropoda","Insecta","Diptera","Simuliidae","Simuliinae","Simuliini","Simulium","Simulium silvestre","0","94.65"
"KGLTK0137_BF_E","AMCAP181-20[BOLD:AAA8323]","Arthropoda","Insecta","Diptera","Simuliidae","Simuliinae","Simuliini","Simulium","Simulium silvestre","0","94.64"
"KGLTK0137_BF_E","FCHAR3519-19[BOLD:AAA8323]","Arthropoda","Insecta","Diptera","Simuliidae","Simuliinae","Simuliini","Simulium","Simulium silvestre","0","94.64"
"KGLTK0137_BF_E","FCHAR3557-19[BOLD:AAA8323]","Arthropoda","Insecta","Diptera","Simuliidae","Simuliinae","Simuliini","Simulium","Simulium silvestre","0","94.64"
"KGLTK0137_BF_E","BCHAR2502-18[BOLD:AAA8323]","Arthropoda","Insecta","Diptera","Simuliidae","Simuliinae","Simuliini","Simulium","Simulium silvestre","0","94.63"
"KGLTK0137_BF_E","BBDCQ572-10[BOLD:AAA8323]","Arthropoda","Insecta","Diptera","Simuliidae","Simuliinae","Simuliini","Simulium","Simulium silvestre","0","94.52"
"KGLTK0137_BF_E","FCHAR4021-19[BOLD:AAA8323]","Arthropoda","Insecta","Diptera","Simuliidae","Simuliinae","Simuliini","Simulium","Simulium silvestre","0","94.52"
"KGLTK0137_BF_E","OPPFC911-17[BOLD:AAA8323]","Arthropoda","Insecta","Diptera","Simuliidae","Simuliinae","Simuliini","Simulium","Simulium silvestre","0","94.52"
"KGLTK0137_BF_E","GMOLA508-18[BOLD:AAA8323]","Arthropoda","Insecta","Diptera","Simuliidae","Simuliinae","Simuliini","Simulium","Simulium silvestre","0","94.50"
"KGLTK0137_BF_E","GMOLC334-19[BOLD:AAA8323]","Arthropoda","Insecta","Diptera","Simuliidae","Simuliinae","Simuliini","Simulium","Simulium silvestre","0","94.50"
"KGLTK0140_BF_A","AMCAM151-20[BOLD:AAC0365]","Arthropoda","Insecta","Diptera","Simuliidae","Simuliinae","Simuliini","Simulium","Simulium decimatum","0","99.85"
"KGLTK0140_BF_A","AMCAM170-20[BOLD:AAC0365]","Arthropoda","Insecta","Diptera","Simuliidae","Simuliinae","Simuliini","Simulium","Simulium decimatum","0","99.85"
"KGLTK0140_BF_A","AMCAM221-20[BOLD:AAC0365]","Arthropoda","Insecta","Diptera","Simuliidae","Simuliinae","Simuliini","Simulium","Simulium decimatum","0","99.85"
"KGLTK0140_BF_A","AMCAM263-20[BOLD:AAC0365]","Arthropoda","Insecta","Diptera","Simuliidae","Simuliinae","Simuliini","Simulium","Simulium decimatum","0","99.85"
"KGLTK0140_BF_A","AMCAM268-20[BOLD:AAC0365]","Arthropoda","Insecta","Diptera","Simuliidae","Simuliinae","Simuliini","Simulium","Simulium decimatum","0","99.85"
"KGLTK0140_BF_A","AMCAM308-20[BOLD:AAC0365]","Arthropoda","Insecta","Diptera","Simuliidae","Simuliinae","Simuliini","Simulium","Simulium decimatum","0","99.85"
"KGLTK0140_BF_A","AMCAM314-20[BOLD:AAC0365]","Arthropoda","Insecta","Diptera","Simuliidae","Simuliinae","Simuliini","Simulium","Simulium decimatum","0","99.85"
"KGLTK0140_BF_A","AMCAM361-20[BOLD:AAC0365]","Arthropoda","Insecta","Diptera","Simuliidae","Simuliinae","Simuliini","Simulium","Simulium decimatum","0","99.85"
"KGLTK0140_BF_A","AMCAM366-20[BOLD:AAC0365]","Arthropoda","Insecta","Diptera","Simuliidae","Simuliinae","Simuliini","Simulium","Simulium decimatum","0","99.85"
"KGLTK0140_BF_A","JWDCH895-10[BOLD:AAC0365]","Arthropoda","Insecta","Diptera","Simuliidae","Simuliinae","Simuliini","Simulium","Simulium decimatum","0","99.85"
"KGLTK0140_BF_A","MCHAC238-19[BOLD:AAC0365]","Arthropoda","Insecta","Diptera","Simuliidae","Simuliinae","Simuliini","Simulium","Simulium decimatum","0","99.85"
"KGLTK0140_BF_A","AMCAM104-20[BOLD:AAC0365]","Arthropoda","Insecta","Diptera","Simuliidae","Simuliinae","Simuliini","Simulium","Simulium decimatum","0","99.70"
"KGLTK0140_BF_A","AMCAM084-20[BOLD:AAC0365]","Arthropoda","Insecta","Diptera","Simuliidae","Simuliinae","Simuliini","Simulium","Simulium decimatum","0","99.69"
"KGLTK0140_BF_A","AMCAM213-20[BOLD:AAC0365]","Arthropoda","Insecta","Diptera","Simuliidae","Simuliinae","Simuliini","Simulium","Simulium decimatum","0","99.69"
"KGLTK0140_BF_A","AMCAM256-20[BOLD:AAC0365]","Arthropoda","Insecta","Diptera","Simuliidae","Simuliinae","Simuliini","Simulium","Simulium decimatum","0","99.69"
"KGLTK0140_BF_A","AMCAM327-20[BOLD:AAC0365]","Arthropoda","Insecta","Diptera","Simuliidae","Simuliinae","Simuliini","Simulium","Simulium decimatum","0","99.69"
"KGLTK0140_BF_A","MCHAA538-19[BOLD:AAC0365]","Arthropoda","Insecta","Diptera","Simuliidae","Simuliinae","Simuliini","Simulium","Simulium decimatum","0","99.69"
"KGLTK0140_BF_A","MCHAE735-19[BOLD:AAC0365]","Arthropoda","Insecta","Diptera","Simuliidae","Simuliinae","Simuliini","Simulium","Simulium decimatum","0","99.69"
"KGLTK0140_BF_A","AMCAM056-20[BOLD:AAC0365]","Arthropoda","Insecta","Diptera","Simuliidae","Simuliinae","Simuliini","Simulium","Simulium decimatum","0","99.54"
"KGLTK0140_BF_A","AMCAM070-20[BOLD:AAC0365]","Arthropoda","Insecta","Diptera","Simuliidae","Simuliinae","Simuliini","Simulium","Simulium decimatum","0","99.54"
"KGLTK0140_BF_A","AMCAM094-20[BOLD:AAC0365]","Arthropoda","Insecta","Diptera","Simuliidae","Simuliinae","Simuliini","Simulium","Simulium decimatum","0","99.54"
"KGLTK0140_BF_A","AMCAM255-20[BOLD:AAC0365]","Arthropoda","Insecta","Diptera","Simuliidae","Simuliinae","Simuliini","Simulium","Simulium decimatum","0","99.54"
"KGLTK0140_BF_A","AMCAM325-20[BOLD:AAC0365]","Arthropoda","Insecta","Diptera","Simuliidae","Simuliinae","Simuliini","Simulium","Simulium decimatum","0","99.54"
"KGLTK0140_BF_A","GCHAR742-19[BOLD:AAC0365]","Arthropoda","Insecta","Diptera","Simuliidae","Simuliinae","Simuliini","Simulium","Simulium decimatum","0","99.54"
"KGLTK0140_BF_A","MCHAC1604-19[BOLD:AAC0365]","Arthropoda","Insecta","Diptera","Simuliidae","Simuliinae","Simuliini","Simulium","Simulium decimatum","0","99.54"
"KGLTK0140_BF_B","AMCAM094-20[BOLD:AAC0365]","Arthropoda","Insecta","Diptera","Simuliidae","Simuliinae","Simuliini","Simulium","Simulium decimatum","0","94.05"
"KGLTK0145_BF_C","ACB003-05[BOLD:AAC0365]","Arthropoda","Insecta","Diptera","Simuliidae","Simuliinae","Simuliini","Simulium","Simulium decimatum","2","96.76"
"KGLTK0145_BF_C","ACB012-05[BOLD:AAC0365]","Arthropoda","Insecta","Diptera","Simuliidae","Simuliinae","Simuliini","Simulium","Simulium decimatum","2","96.76"
"KGLTK0145_BF_C","GBDP7241-09[BOLD:AAC0365]","Arthropoda","Insecta","Diptera","Simuliidae","Simuliinae","Simuliini","Simulium","Simulium decimatum","2","96.74"
"KGLTK0145_BF_C","GBDP7243-09[BOLD:AAC0365]","Arthropoda","Insecta","Diptera","Simuliidae","Simuliinae","Simuliini","Simulium","Simulium decimatum","2","96.74"
"KGLTK0145_BF_C","AMCAM268-20[BOLD:AAC0365]","Arthropoda","Insecta","Diptera","Simuliidae","Simuliinae","Simuliini","Simulium","Simulium decimatum","2","96.50"
"KGLTK0145_BF_C","JWDCH895-10[BOLD:AAC0365]","Arthropoda","Insecta","Diptera","Simuliidae","Simuliinae","Simuliini","Simulium","Simulium decimatum","2","96.50"
"KGLTK0145_BF_C","MCHAC238-19[BOLD:AAC0365]","Arthropoda","Insecta","Diptera","Simuliidae","Simuliinae","Simuliini","Simulium","Simulium decimatum","2","96.49"
"KGLTK0145_BF_C","AMCAM151-20[BOLD:AAC0365]","Arthropoda","Insecta","Diptera","Simuliidae","Simuliinae","Simuliini","Simulium","Simulium decimatum","2","96.48"
"KGLTK0145_BF_C","AMCAM170-20[BOLD:AAC0365]","Arthropoda","Insecta","Diptera","Simuliidae","Simuliinae","Simuliini","Simulium","Simulium decimatum","2","96.48"
"KGLTK0145_BF_C","AMCAM314-20[BOLD:AAC0365]","Arthropoda","Insecta","Diptera","Simuliidae","Simuliinae","Simuliini","Simulium","Simulium decimatum","2","96.48"
"KGLTK0145_BF_C","AMCAM361-20[BOLD:AAC0365]","Arthropoda","Insecta","Diptera","Simuliidae","Simuliinae","Simuliini","Simulium","Simulium decimatum","2","96.48"
"KGLTK0145_BF_C","MCHAC1604-19[BOLD:AAC0365]","Arthropoda","Insecta","Diptera","Simuliidae","Simuliinae","Simuliini","Simulium","Simulium decimatum","2","96.48"
"KGLTK0145_BF_C","MCHAE735-19[BOLD:AAC0365]","Arthropoda","Insecta","Diptera","Simuliidae","Simuliinae","Simuliini","Simulium","Simulium decimatum","2","96.48"
"KGLTK0145_BF_C","AMCAM056-20[BOLD:AAC0365]","Arthropoda","Insecta","Diptera","Simuliidae","Simuliinae","Simuliini","Simulium","Simulium decimatum","2","96.47"
"KGLTK0145_BF_C","AMCAM221-20[BOLD:AAC0365]","Arthropoda","Insecta","Diptera","Simuliidae","Simuliinae","Simuliini","Simulium","Simulium decimatum","2","96.47"
"KGLTK0145_BF_C","AMCAM263-20[BOLD:AAC0365]","Arthropoda","Insecta","Diptera","Simuliidae","Simuliinae","Simuliini","Simulium","Simulium decimatum","2","96.47"
"KGLTK0145_BF_C","AMCAM308-20[BOLD:AAC0365]","Arthropoda","Insecta","Diptera","Simuliidae","Simuliinae","Simuliini","Simulium","Simulium decimatum","2","96.47"
"KGLTK0145_BF_C","AMCAM366-20[BOLD:AAC0365]","Arthropoda","Insecta","Diptera","Simuliidae","Simuliinae","Simuliini","Simulium","Simulium decimatum","2","96.47"
"KGLTK0145_BF_C","AMCAM104-20[BOLD:AAC0365]","Arthropoda","Insecta","Diptera","Simuliidae","Simuliinae","Simuliini","Simulium","Simulium decimatum","2","96.34"
"KGLTK0145_BF_C","MCHAA538-19[BOLD:AAC0365]","Arthropoda","Insecta","Diptera","Simuliidae","Simuliinae","Simuliini","Simulium","Simulium decimatum","2","96.33"
"KGLTK0145_BF_C","AMCAM070-20[BOLD:AAC0365]","Arthropoda","Insecta","Diptera","Simuliidae","Simuliinae","Simuliini","Simulium","Simulium decimatum","2","96.32"
"KGLTK0145_BF_C","AMCAM084-20[BOLD:AAC0365]","Arthropoda","Insecta","Diptera","Simuliidae","Simuliinae","Simuliini","Simulium","Simulium decimatum","2","96.32"
"KGLTK0145_BF_C","AMCAM213-20[BOLD:AAC0365]","Arthropoda","Insecta","Diptera","Simuliidae","Simuliinae","Simuliini","Simulium","Simulium decimatum","2","96.32"
"KGLTK0145_BF_C","AMCAM256-20[BOLD:AAC0365]","Arthropoda","Insecta","Diptera","Simuliidae","Simuliinae","Simuliini","Simulium","Simulium decimatum","2","96.32"
"KGLTK0145_BF_C","AMCAM327-20[BOLD:AAC0365]","Arthropoda","Insecta","Diptera","Simuliidae","Simuliinae","Simuliini","Simulium","Simulium decimatum","2","96.32"
"KGLTK0146_BF_A","GMRSB175-14[BOLD:AAD1848]","Arthropoda","Insecta","Diptera","Simuliidae","Simuliinae","Simuliini","Simulium","Simulium malyschevi","0","96.99"
"KGLTK0146_BF_A","SMTPP5010-15[BOLD:AAD1848]","Arthropoda","Insecta","Diptera","Simuliidae","Simuliinae","Simuliini","Simulium","Simulium malyschevi","0","96.70"
"KGLTK0146_BF_A","ACBB412-07[BOLD:AAD1848]","Arthropoda","Insecta","Diptera","Simuliidae","Simuliinae","Simuliini","Simulium","Simulium malyschevi","0","96.28"
"KGLTK0146_BF_A","ACBB413-07[BOLD:AAD1848]","Arthropoda","Insecta","Diptera","Simuliidae","Simuliinae","Simuliini","Simulium","Simulium malyschevi","0","96.12"
"KGLTK0146_BF_A","ACBB416-07[BOLD:AAD1848]","Arthropoda","Insecta","Diptera","Simuliidae","Simuliinae","Simuliini","Simulium","Simulium malyschevi","0","96.12"
"KGLTK0146_BF_A","FISIM271-11[BOLD:AAD1848]","Arthropoda","Insecta","Diptera","Simuliidae","Simuliinae","Simuliini","Simulium","Simulium malyschevi","0","96.05"
"KGLTK0146_BF_A","AMCAQ173-20[BOLD:AAD1848]","Arthropoda","Insecta","Diptera","Simuliidae","Simuliinae","Simuliini","Simulium","Simulium malyschevi","0","95.74"
"KGLTK0146_BF_A","FISIM268-11[BOLD:AAD1848]","Arthropoda","Insecta","Diptera","Simuliidae","Simuliinae","Simuliini","Simulium","Simulium malyschevi","0","95.74"
"KGLTK0146_BF_A","FISIM270-11[BOLD:AAD1848]","Arthropoda","Insecta","Diptera","Simuliidae","Simuliinae","Simuliini","Simulium","Simulium malyschevi","0","95.74"
"KGLTK0146_BF_A","FISIM272-11[BOLD:AAD1848]","Arthropoda","Insecta","Diptera","Simuliidae","Simuliinae","Simuliini","Simulium","Simulium malyschevi","0","95.74"
"KGLTK0146_BF_A","AMCAO147-20[BOLD:AAD1848]","Arthropoda","Insecta","Diptera","Simuliidae","Simuliinae","Simuliini","Simulium","Simulium malyschevi","0","95.73"
"KGLTK0146_BF_A","AMCAK498-20[BOLD:AAD1848]","Arthropoda","Insecta","Diptera","Simuliidae","Simuliinae","Simuliini","Simulium","Simulium malyschevi","0","95.57"
"KGLTK0146_BF_A","GBAAZ23529-24[BOLD:AAA8954]","Arthropoda","Insecta","Diptera","Simuliidae","Simuliinae","Simuliini","Simulium","Simulium arcticum sensu lato BL19_3","0","95.15"
"KGLTK0146_BF_A","GBAAZ18746-24[BOLD:AAA8954]","Arthropoda","Insecta","Diptera","Simuliidae","Simuliinae","Simuliini","Simulium","Simulium arcticum sensu lato RC9_3","0","95.15"
"KGLTK0146_BF_A","GBAAY52373-24[BOLD:AAA8954]","Arthropoda","Insecta","Diptera","Simuliidae","Simuliinae","Simuliini","Simulium","Simulium brevicercum","0","95.15"
"KGLTK0146_BF_A","GBMIN60953-17[BOLD:AAA8954]","Arthropoda","Insecta","Diptera","Simuliidae","Simuliinae","Simuliini","Simulium","Simulium brevicercum","0","95.15"
"KGLTK0146_BF_A","GBMIN60954-17[BOLD:AAA8954]","Arthropoda","Insecta","Diptera","Simuliidae","Simuliinae","Simuliini","Simulium","Simulium brevicercum","0","95.15"
"KGLTK0146_BF_A","UCOL325-23[BOLD:AAA8954]","Arthropoda","Insecta","Diptera","Simuliidae","Simuliinae","Simuliini","Simulium","Simulium arcticum","0","94.98"
"KGLTK0146_BF_A","NBPSI155-11[BOLD:AAA8954]","Arthropoda","Insecta","Diptera","Simuliidae","Simuliinae","Simuliini","Simulium","Simulium arcticum complex","0","94.98"
"KGLTK0146_BF_A","BBDCN999-10[BOLD:AAA8954]","Arthropoda","Insecta","Diptera","Simuliidae","Simuliinae","Simuliini","Simulium","Simulium arcticum complex","0","94.83"
"KGLTK0146_BF_A","JWDCA128-10[BOLD:AAA8954]","Arthropoda","Insecta","Diptera","Simuliidae","Simuliinae","Simuliini","Simulium","Simulium arcticum complex","0","94.83"
"KGLTK0146_BF_A","MPGJ662-19[BOLD:AAA8954]","Arthropoda","Insecta","Diptera","Simuliidae","Simuliinae","Simuliini","Simulium","","0","94.79"
"KGLTK0146_BF_A","NBPSI157-11[BOLD:AAA8954]","Arthropoda","Insecta","Diptera","Simuliidae","Simuliinae","Simuliini","Simulium","Simulium arcticum complex","0","94.68"
"KGLTK0146_BF_A","NBPSI156-11[BOLD:AAA8954]","Arthropoda","Insecta","Diptera","Simuliidae","Simuliinae","Simuliini","Simulium","Simulium arcticum complex","0","94.53"
"KGLTK0146_BF_A","BCMIN1827-23[BOLD:AAA8954]","Arthropoda","Insecta","Diptera","Simuliidae","Simuliinae","Simuliini","Simulium","","0","94.22"
"KGLTK0151_BF_A","GMRSB175-14[BOLD:AAD1848]","Arthropoda","Insecta","Diptera","Simuliidae","Simuliinae","Simuliini","Simulium","Simulium malyschevi","0","99.11"
"KGLTK0151_BF_A","ACBB418-07[BOLD:AAD1848]","Arthropoda","Insecta","Diptera","Simuliidae","Simuliinae","Simuliini","Simulium","Simulium malyschevi","0","99.03"
"KGLTK0151_BF_A","ACBB412-07[BOLD:AAD1848]","Arthropoda","Insecta","Diptera","Simuliidae","Simuliinae","Simuliini","Simulium","Simulium malyschevi","0","98.87"
"KGLTK0151_BF_A","AMCAQ173-20[BOLD:AAD1848]","Arthropoda","Insecta","Diptera","Simuliidae","Simuliinae","Simuliini","Simulium","Simulium malyschevi","0","98.78"
"KGLTK0151_BF_A","ACBB413-07[BOLD:AAD1848]","Arthropoda","Insecta","Diptera","Simuliidae","Simuliinae","Simuliini","Simulium","Simulium malyschevi","0","98.71"
"KGLTK0151_BF_A","ACBB416-07[BOLD:AAD1848]","Arthropoda","Insecta","Diptera","Simuliidae","Simuliinae","Simuliini","Simulium","Simulium malyschevi","0","98.54"
"KGLTK0151_BF_A","ACBB419-07[BOLD:AAD1848]","Arthropoda","Insecta","Diptera","Simuliidae","Simuliinae","Simuliini","Simulium","Simulium malyschevi","0","98.54"
"KGLTK0151_BF_A","FISIM268-11[BOLD:AAD1848]","Arthropoda","Insecta","Diptera","Simuliidae","Simuliinae","Simuliini","Simulium","Simulium malyschevi","0","98.48"
"KGLTK0151_BF_A","FISIM271-11[BOLD:AAD1848]","Arthropoda","Insecta","Diptera","Simuliidae","Simuliinae","Simuliini","Simulium","Simulium malyschevi","0","98.48"
"KGLTK0151_BF_A","AMCAK498-20[BOLD:AAD1848]","Arthropoda","Insecta","Diptera","Simuliidae","Simuliinae","Simuliini","Simulium","Simulium malyschevi","0","98.47"
"KGLTK0151_BF_A","AMCAO147-20[BOLD:AAD1848]","Arthropoda","Insecta","Diptera","Simuliidae","Simuliinae","Simuliini","Simulium","Simulium malyschevi","0","98.47"
"KGLTK0151_BF_A","SMTPP5010-15[BOLD:AAD1848]","Arthropoda","Insecta","Diptera","Simuliidae","Simuliinae","Simuliini","Simulium","Simulium malyschevi","0","98.26"
"KGLTK0151_BF_A","FISIM270-11[BOLD:AAD1848]","Arthropoda","Insecta","Diptera","Simuliidae","Simuliinae","Simuliini","Simulium","Simulium malyschevi","0","98.18"
"KGLTK0151_BF_A","FISIM272-11[BOLD:AAD1848]","Arthropoda","Insecta","Diptera","Simuliidae","Simuliinae","Simuliini","Simulium","Simulium malyschevi","0","98.18"
"Outgroup","CHAOF001-18[BOLD:ACG1345]","Arthropoda","Insecta","Diptera","Chaoboridae","Chaoborinae","","Mochlonyx","Mochlonyx velutinus","0","100.00"
"Outgroup","CHAOF028-18[BOLD:ACG1345]","Arthropoda","Insecta","Diptera","Chaoboridae","Chaoborinae","","Mochlonyx","Mochlonyx velutinus","0","99.85"
"Outgroup","CHAOF029-18[BOLD:ACG1345]","Arthropoda","Insecta","Diptera","Chaoboridae","Chaoborinae","","Mochlonyx","Mochlonyx velutinus","0","99.85"
"Outgroup","CHAOF080-18[BOLD:ACG1345]","Arthropoda","Insecta","Diptera","Chaoboridae","Chaoborinae","","Mochlonyx","Mochlonyx velutinus","0","99.85"
"Outgroup","GMKUG186-12[BOLD:ACG1345]","Arthropoda","Insecta","Diptera","Chaoboridae","Chaoborinae","","Mochlonyx","Mochlonyx velutinus","0","99.85"
"Outgroup","SCFI713-16[BOLD:ACG1345]","Arthropoda","Insecta","Diptera","Chaoboridae","Chaoborinae","","Mochlonyx","Mochlonyx velutinus","0","99.85"
"Outgroup","DTULO15931-25","Arthropoda","Insecta","Diptera","","","","","","0","99.69"
"Outgroup","CHAOF012-18[BOLD:ACG1345]","Arthropoda","Insecta","Diptera","Chaoboridae","Chaoborinae","","Mochlonyx","Mochlonyx velutinus","0","99.69"
"Outgroup","CHAOF049-18[BOLD:ACG1345]","Arthropoda","Insecta","Diptera","Chaoboridae","Chaoborinae","","Mochlonyx","Mochlonyx velutinus","0","99.69"
"Outgroup","CHAOF051-18[BOLD:ACG1345]","Arthropoda","Insecta","Diptera","Chaoboridae","Chaoborinae","","Mochlonyx","Mochlonyx velutinus","0","99.69"
"Outgroup","CHAOF060-18[BOLD:ACG1345]","Arthropoda","Insecta","Diptera","Chaoboridae","Chaoborinae","","Mochlonyx","Mochlonyx velutinus","0","99.69"
"Outgroup","CHAOF079-18[BOLD:ACG1345]","Arthropoda","Insecta","Diptera","Chaoboridae","Chaoborinae","","Mochlonyx","Mochlonyx velutinus","0","99.69"
"Outgroup","CHAOF004-18[BOLD:ACG1345]","Arthropoda","Insecta","Diptera","Chaoboridae","Chaoborinae","","Mochlonyx","Mochlonyx velutinus","0","99.54"
"Outgroup","CHAOF048-18[BOLD:ACG1345]","Arthropoda","Insecta","Diptera","Chaoboridae","Chaoborinae","","Mochlonyx","Mochlonyx velutinus","0","99.54"
"Outgroup","ROMAC620-22[BOLD:ACG1345]","Arthropoda","Insecta","Diptera","Chaoboridae","Chaoborinae","","Mochlonyx","Mochlonyx velutinus","0","99.54"
"Outgroup","ROMAC619-22[BOLD:ACG1345]","Arthropoda","Insecta","Diptera","Chaoboridae","Chaoborinae","","Mochlonyx","Mochlonyx velutinus","0","99.53"
"Outgroup","CHAOF050-18[BOLD:ACG1345]","Arthropoda","Insecta","Diptera","Chaoboridae","Chaoborinae","","Mochlonyx","Mochlonyx velutinus","0","99.23"
"Outgroup","CHAOF003-18[BOLD:ADJ8074]","Arthropoda","Insecta","Diptera","Chaoboridae","Chaoborinae","","Mochlonyx","Mochlonyx velutinus","0","98.16"
"Outgroup","CHAOF030-18[BOLD:ADJ8074]","Arthropoda","Insecta","Diptera","Chaoboridae","Chaoborinae","","Mochlonyx","Mochlonyx velutinus","0","98.16"
"Outgroup","CHAOF090-18[BOLD:ADJ8074]","Arthropoda","Insecta","Diptera","Chaoboridae","Chaoborinae","","Mochlonyx","Mochlonyx velutinus","0","98.16"
"Outgroup","CHAOF026-18[BOLD:ADJ8074]","Arthropoda","Insecta","Diptera","Chaoboridae","Chaoborinae","","Mochlonyx","Mochlonyx velutinus","0","98.01"
"Outgroup","RIKPS051-17[BOLD:ADJ8074]","Arthropoda","Insecta","Diptera","Chaoboridae","Chaoborinae","","Mochlonyx","Mochlonyx velutinus","0","97.85"
"Outgroup","FCHAR5262-19[BOLD:AEC0515]","Arthropoda","Insecta","Diptera","Chaoboridae","Chaoborinae","","Mochlonyx","","0","97.53"
"Outgroup","FCHAR6866-19[BOLD:AEC0515]","Arthropoda","Insecta","Diptera","Chaoboridae","Chaoborinae","","Mochlonyx","","0","97.53"
"Outgroup","MMADL036-09[BOLD:AAI3268]","Arthropoda","Insecta","Diptera","Chaoboridae","Chaoborinae","","Mochlonyx","","0","96.47"

